ReviewID,ProductID,CustomerID,Rating,ReviewText,ReviewDate,datasource
REV-000001,PB-00319,CB-00518,3,"Not as described, very disappointed.",2024-09-03,store-b
REV-000002,PROD-A-00198,CUST-A-01685,1,"Excellent value for money, highly recommend!",2025-05-02,store-a
REV-000003,PB-00072,CB-01253,2,Arrived on time and works perfectly.,2025-07-23,store-b
REV-000004,PB-00146,CB-01354,5,"Great product, exactly what I needed!",2024-10-13,store-b
REV-000005,PROD-A-00030,CUST-A-01711,4,Arrived on time and works perfectly.,2024-07-14,store-a
REV-000006,PB-00020,CB-00796,2,"Average product, nothing special.",2024-11-25,store-b
REV-000007,PROD-A-00121,CUST-A-00179,5,"Would not recommend, poor build quality.",2024-09-23,store-a
REV-000008,PB-00047,CB-00962,2,"Not as described, very disappointed.",2024-07-15,store-b
REV-000009,PROD-A-00074,CUST-A-00166,2,Exceeded my expectations in every way.,2025-07-27,store-a
REV-000010,PROD-A-00449,CUST-A-01220,5,Quality could be better for the price.,2024-04-12,store-a
REV-000011,PB-00360,CB-01449,2,Exceeded my expectations in every way.,2024-12-02,store-b
REV-000012,PB-00371,CB-00180,1,"Perfect gift, the recipient loved it!",2025-04-17,store-b
REV-000013,PB-00348,CB-00163,5,Quality could be better for the price.,2024-10-05,store-b
REV-000014,PROD-A-00456,CUST-A-01285,5,Quality could be better for the price.,2024-12-25,store-a
REV-000015,PB-00043,CB-00116,4,"Would not recommend, poor build quality.",2025-08-19,store-b
REV-000016,PB-00121,CB-01088,2,"Not as described, very disappointed.",2025-08-09,store-b
REV-000017,PROD-A-00484,CUST-A-00825,2,"Would not recommend, poor build quality.",2025-01-28,store-a
REV-000018,PROD-A-00014,CUST-A-01940,1,"Great product, exactly what I needed!",2025-05-22,store-a
REV-000019,PB-00148,CB-00081,3,"Would not recommend, poor build quality.",2025-03-19,store-b
REV-000020,PROD-A-00121,CUST-A-00525,5,"Okay for the price, gets the job done.",2025-07-30,store-a
REV-000021,PB-00205,CB-01002,1,Decent product for everyday use.,2025-04-27,store-b
REV-000022,PB-00343,CB-01418,1,Arrived on time and works perfectly.,2024-11-01,store-b
REV-000023,PB-00044,CB-00189,1,Best purchase I've made this year!,2025-05-12,store-b
REV-000024,PROD-A-00362,CUST-A-01892,4,"Perfect gift, the recipient loved it!",2024-01-01,store-a
REV-000025,PROD-A-00064,CUST-A-01627,4,Arrived on time and works perfectly.,2024-01-28,store-a
REV-000026,PB-00218,CB-00017,2,Quality could be better for the price.,2025-11-13,store-b
REV-000027,PROD-A-00478,CUST-A-00233,4,"Broke after two weeks, terrible quality.",2024-04-15,store-a
REV-000028,PB-00376,CB-00278,2,"Excellent value for money, highly recommend!",2024-08-02,store-b
REV-000029,PB-00291,CB-00177,2,Arrived on time and works perfectly.,2024-06-01,store-b
REV-000030,PROD-A-00026,CUST-A-00104,2,Decent product for everyday use.,2025-05-28,store-a
REV-000031,PB-00289,CB-00777,5,Exceeded my expectations in every way.,2025-09-07,store-b
REV-000032,PROD-A-00428,CUST-A-01003,5,"Excellent value for money, highly recommend!",2025-09-04,store-a
REV-000033,PB-00360,CB-00212,4,"Perfect gift, the recipient loved it!",2025-02-28,store-b
REV-000034,PROD-A-00303,CUST-A-01108,3,"Excellent value for money, highly recommend!",2025-04-09,store-a
REV-000035,PB-00395,CB-00388,1,"Perfect gift, the recipient loved it!",2025-05-13,store-b
REV-000036,PROD-A-00073,CUST-A-00074,1,Exceeded my expectations in every way.,2024-05-24,store-a
REV-000037,PROD-A-00010,CUST-A-00185,1,Good but shipping was too slow.,2024-07-27,store-a
REV-000038,PB-00196,CB-00171,4,Arrived on time and works perfectly.,2024-04-21,store-b
REV-000039,PB-00181,CB-00788,3,"Broke after two weeks, terrible quality.",2025-05-15,store-b
REV-000040,PB-00046,CB-01424,4,"Not as described, very disappointed.",2025-10-27,store-b
REV-000041,PROD-A-00439,CUST-A-01732,3,"Excellent value for money, highly recommend!",2024-03-29,store-a
REV-000042,PB-00379,CB-01073,3,"Average product, nothing special.",2024-07-17,store-b
REV-000043,PB-00295,CB-00576,3,"Would not recommend, poor build quality.",2025-11-28,store-b
REV-000044,PROD-A-00490,CUST-A-01535,5,Absolutely love it! Will buy again.,2025-05-31,store-a
REV-000045,PB-00048,CB-00821,3,Absolutely love it! Will buy again.,2025-07-29,store-b
REV-000046,PB-00364,CB-01448,3,"Okay for the price, gets the job done.",2024-03-21,store-b
REV-000047,PROD-A-00281,CUST-A-01383,1,Arrived on time and works perfectly.,2024-05-20,store-a
REV-000048,PROD-A-00369,CUST-A-01904,1,"Not as described, very disappointed.",2025-08-25,store-a
REV-000049,PB-00139,CB-01149,5,Decent product for everyday use.,2025-08-16,store-b
REV-000050,PROD-A-00059,CUST-A-01081,1,Best purchase I've made this year!,2025-08-23,store-a
REV-000051,PROD-A-00123,CUST-A-01310,2,"Excellent value for money, highly recommend!",2024-06-13,store-a
REV-000052,PB-00169,CB-00703,1,Decent product for everyday use.,2025-06-12,store-b
REV-000053,PB-00250,CB-01278,5,Absolutely love it! Will buy again.,2024-03-29,store-b
REV-000054,PB-00220,CB-00616,1,"Average product, nothing special.",2025-04-09,store-b
REV-000055,PB-00163,CB-01271,1,"Great product, exactly what I needed!",2025-04-05,store-b
REV-000056,PB-00267,CB-00305,4,Absolutely love it! Will buy again.,2025-06-29,store-b
REV-000057,PB-00371,CB-00158,4,"Great product, exactly what I needed!",2024-04-22,store-b
REV-000058,PROD-A-00033,CUST-A-00770,2,"Great product, exactly what I needed!",2025-10-14,store-a
REV-000059,PB-00327,CB-00536,5,"Okay for the price, gets the job done.",2024-09-18,store-b
REV-000060,PB-00149,CB-00358,5,"Okay for the price, gets the job done.",2025-11-15,store-b
REV-000061,PROD-A-00090,CUST-A-00143,1,Good but shipping was too slow.,2025-02-01,store-a
REV-000062,PB-00024,CB-01464,1,Arrived on time and works perfectly.,2025-05-08,store-b
REV-000063,PROD-A-00209,CUST-A-01109,5,"Would not recommend, poor build quality.",2024-11-26,store-a
REV-000064,PROD-A-00333,CUST-A-00961,2,"Not as described, very disappointed.",2025-05-12,store-a
REV-000065,PB-00092,CB-00894,5,Absolutely love it! Will buy again.,2025-11-06,store-b
REV-000066,PB-00393,CB-01141,2,Absolutely love it! Will buy again.,2025-12-14,store-b
REV-000067,PROD-A-00099,CUST-A-00434,5,Decent product for everyday use.,2025-10-24,store-a
REV-000068,PROD-A-00315,CUST-A-01318,3,"Average product, nothing special.",2025-10-21,store-a
REV-000069,PROD-A-00440,CUST-A-00392,5,Good but shipping was too slow.,2024-12-27,store-a
REV-000070,PB-00304,CB-01317,2,"Excellent value for money, highly recommend!",2024-12-29,store-b
REV-000071,PB-00316,CB-00463,2,"Average product, nothing special.",2025-11-17,store-b
REV-000072,PROD-A-00150,CUST-A-01703,3,Good but shipping was too slow.,2025-04-02,store-a
REV-000073,PROD-A-00300,CUST-A-00620,4,"Not as described, very disappointed.",2025-12-13,store-a
REV-000074,PROD-A-00097,CUST-A-00983,5,Decent product for everyday use.,2024-03-10,store-a
REV-000075,PROD-A-00286,CUST-A-00593,2,"Great product, exactly what I needed!",2024-10-29,store-a
REV-000076,PB-00097,CB-00859,4,Good but shipping was too slow.,2025-06-21,store-b
REV-000077,PB-00132,CB-00866,4,"Okay for the price, gets the job done.",2024-04-14,store-b
REV-000078,PB-00204,CB-00902,5,"Average product, nothing special.",2025-04-29,store-b
REV-000079,PB-00002,CB-00784,2,Absolutely love it! Will buy again.,2025-02-01,store-b
REV-000080,PB-00389,CB-01136,4,"Perfect gift, the recipient loved it!",2024-09-24,store-b
REV-000081,PROD-A-00025,CUST-A-01981,5,"Excellent value for money, highly recommend!",2024-10-18,store-a
REV-000082,PROD-A-00450,CUST-A-01047,4,Decent product for everyday use.,2025-08-04,store-a
REV-000083,PROD-A-00021,CUST-A-01181,1,Absolutely love it! Will buy again.,2024-12-04,store-a
REV-000084,PROD-A-00383,CUST-A-01346,3,"Perfect gift, the recipient loved it!",2024-04-22,store-a
REV-000085,PROD-A-00359,CUST-A-00730,2,Quality could be better for the price.,2025-04-01,store-a
REV-000086,PB-00216,CB-00295,2,"Great product, exactly what I needed!",2025-05-19,store-b
REV-000087,PB-00091,CB-00603,3,"Average product, nothing special.",2024-04-04,store-b
REV-000088,PB-00180,CB-00525,2,Arrived on time and works perfectly.,2024-12-03,store-b
REV-000089,PROD-A-00437,CUST-A-01428,1,"Broke after two weeks, terrible quality.",2025-08-25,store-a
REV-000090,PROD-A-00104,CUST-A-01044,4,"Not as described, very disappointed.",2024-07-24,store-a
REV-000091,PB-00237,CB-01308,5,"Great product, exactly what I needed!",2025-05-09,store-b
REV-000092,PROD-A-00110,CUST-A-01252,4,"Okay for the price, gets the job done.",2024-01-23,store-a
REV-000093,PROD-A-00093,CUST-A-00062,1,Exceeded my expectations in every way.,2025-01-02,store-a
REV-000094,PROD-A-00499,CUST-A-00958,3,Absolutely love it! Will buy again.,2025-07-04,store-a
REV-000095,PROD-A-00079,CUST-A-01784,2,Good but shipping was too slow.,2025-01-06,store-a
REV-000096,PB-00031,CB-00473,5,"Okay for the price, gets the job done.",2025-12-19,store-b
REV-000097,PROD-A-00033,CUST-A-01358,5,Exceeded my expectations in every way.,2024-06-17,store-a
REV-000098,PROD-A-00184,CUST-A-01698,5,"Would not recommend, poor build quality.",2024-08-06,store-a
REV-000099,PROD-A-00285,CUST-A-00719,3,"Great product, exactly what I needed!",2025-07-12,store-a
REV-000100,PB-00049,CB-00178,5,"Not as described, very disappointed.",2025-01-09,store-b
REV-000101,PB-00154,CB-00922,4,"Not as described, very disappointed.",2024-04-27,store-b
REV-000102,PB-00059,CB-00983,4,Exceeded my expectations in every way.,2025-01-27,store-b
REV-000103,PB-00244,CB-00841,5,"Broke after two weeks, terrible quality.",2024-04-08,store-b
REV-000104,PROD-A-00379,CUST-A-00345,1,Decent product for everyday use.,2025-05-23,store-a
REV-000105,PROD-A-00240,CUST-A-00582,5,"Average product, nothing special.",2024-09-26,store-a
REV-000106,PROD-A-00338,CUST-A-01927,4,"Average product, nothing special.",2024-11-18,store-a
REV-000107,PROD-A-00235,CUST-A-01849,1,"Great product, exactly what I needed!",2024-01-28,store-a
REV-000108,PB-00071,CB-00512,5,Best purchase I've made this year!,2024-01-26,store-b
REV-000109,PROD-A-00434,CUST-A-01766,1,"Not as described, very disappointed.",2025-11-22,store-a
REV-000110,PROD-A-00437,CUST-A-00468,5,"Broke after two weeks, terrible quality.",2024-09-10,store-a
REV-000111,PROD-A-00313,CUST-A-00678,2,"Okay for the price, gets the job done.",2024-04-29,store-a
REV-000112,PB-00163,CB-00684,4,"Perfect gift, the recipient loved it!",2025-08-13,store-b
REV-000113,PB-00009,CB-00371,4,"Broke after two weeks, terrible quality.",2025-02-22,store-b
REV-000114,PROD-A-00156,CUST-A-00384,1,Best purchase I've made this year!,2024-02-06,store-a
REV-000115,PROD-A-00052,CUST-A-00349,1,"Average product, nothing special.",2025-05-17,store-a
REV-000116,PROD-A-00261,CUST-A-01148,4,Good but shipping was too slow.,2024-04-03,store-a
REV-000117,PB-00350,CB-00574,4,"Okay for the price, gets the job done.",2025-07-12,store-b
REV-000118,PROD-A-00099,CUST-A-01251,4,"Great product, exactly what I needed!",2024-05-18,store-a
REV-000119,PROD-A-00377,CUST-A-00946,2,Quality could be better for the price.,2024-06-15,store-a
REV-000120,PB-00073,CB-00552,3,"Okay for the price, gets the job done.",2024-04-27,store-b
REV-000121,PB-00212,CB-00755,5,"Excellent value for money, highly recommend!",2024-01-16,store-b
REV-000122,PROD-A-00163,CUST-A-00595,3,"Broke after two weeks, terrible quality.",2024-08-16,store-a
REV-000123,PROD-A-00423,CUST-A-00520,3,Arrived on time and works perfectly.,2025-10-27,store-a
REV-000124,PROD-A-00007,CUST-A-01139,4,Best purchase I've made this year!,2025-11-28,store-a
REV-000125,PROD-A-00191,CUST-A-01455,1,"Would not recommend, poor build quality.",2025-12-24,store-a
REV-000126,PROD-A-00031,CUST-A-01621,4,Decent product for everyday use.,2025-01-30,store-a
REV-000127,PROD-A-00217,CUST-A-01645,4,Arrived on time and works perfectly.,2024-05-06,store-a
REV-000128,PROD-A-00317,CUST-A-01663,1,Best purchase I've made this year!,2024-12-13,store-a
REV-000129,PROD-A-00317,CUST-A-00448,5,"Broke after two weeks, terrible quality.",2024-09-09,store-a
REV-000130,PB-00057,CB-00558,4,Quality could be better for the price.,2024-05-11,store-b
REV-000131,PB-00184,CB-00053,1,Good but shipping was too slow.,2025-08-21,store-b
REV-000132,PROD-A-00029,CUST-A-00282,3,Absolutely love it! Will buy again.,2024-04-22,store-a
REV-000133,PROD-A-00461,CUST-A-00564,5,Arrived on time and works perfectly.,2024-09-02,store-a
REV-000134,PB-00199,CB-01080,2,"Would not recommend, poor build quality.",2025-05-22,store-b
REV-000135,PB-00331,CB-00177,3,"Perfect gift, the recipient loved it!",2025-06-18,store-b
REV-000136,PROD-A-00232,CUST-A-01578,4,Absolutely love it! Will buy again.,2025-01-24,store-a
REV-000137,PB-00228,CB-00814,1,"Not as described, very disappointed.",2024-08-02,store-b
REV-000138,PROD-A-00039,CUST-A-01274,2,Absolutely love it! Will buy again.,2025-03-12,store-a
REV-000139,PROD-A-00113,CUST-A-00196,5,Arrived on time and works perfectly.,2025-06-20,store-a
REV-000140,PB-00396,CB-01202,3,"Perfect gift, the recipient loved it!",2025-05-31,store-b
REV-000141,PB-00086,CB-01062,2,Arrived on time and works perfectly.,2024-11-05,store-b
REV-000142,PROD-A-00464,CUST-A-01429,2,"Okay for the price, gets the job done.",2024-03-09,store-a
REV-000143,PB-00046,CB-00130,1,"Great product, exactly what I needed!",2025-03-01,store-b
REV-000144,PB-00296,CB-00550,4,"Excellent value for money, highly recommend!",2024-05-29,store-b
REV-000145,PB-00038,CB-00476,4,Best purchase I've made this year!,2024-01-17,store-b
REV-000146,PROD-A-00420,CUST-A-01746,4,Absolutely love it! Will buy again.,2025-02-17,store-a
REV-000147,PROD-A-00261,CUST-A-00738,1,Best purchase I've made this year!,2024-05-03,store-a
REV-000148,PROD-A-00237,CUST-A-00633,1,Good but shipping was too slow.,2025-09-24,store-a
REV-000149,PB-00311,CB-00199,3,Best purchase I've made this year!,2024-10-25,store-b
REV-000150,PROD-A-00097,CUST-A-00901,4,"Not as described, very disappointed.",2025-03-17,store-a
REV-000151,PROD-A-00325,CUST-A-00153,1,"Excellent value for money, highly recommend!",2025-03-15,store-a
REV-000152,PROD-A-00325,CUST-A-01799,3,"Excellent value for money, highly recommend!",2024-01-30,store-a
REV-000153,PROD-A-00313,CUST-A-01415,3,"Average product, nothing special.",2024-03-28,store-a
REV-000154,PROD-A-00208,CUST-A-01916,1,"Broke after two weeks, terrible quality.",2025-05-28,store-a
REV-000155,PROD-A-00488,CUST-A-00250,3,Best purchase I've made this year!,2025-01-29,store-a
REV-000156,PB-00300,CB-01366,1,"Okay for the price, gets the job done.",2025-08-06,store-b
REV-000157,PB-00280,CB-00773,3,"Not as described, very disappointed.",2025-11-17,store-b
REV-000158,PB-00157,CB-01139,2,"Perfect gift, the recipient loved it!",2024-08-13,store-b
REV-000159,PROD-A-00014,CUST-A-00802,4,"Great product, exactly what I needed!",2025-03-17,store-a
REV-000160,PB-00177,CB-00826,3,"Perfect gift, the recipient loved it!",2024-11-06,store-b
REV-000161,PROD-A-00085,CUST-A-00087,1,Good but shipping was too slow.,2024-08-22,store-a
REV-000162,PROD-A-00392,CUST-A-01042,3,"Okay for the price, gets the job done.",2024-01-10,store-a
REV-000163,PROD-A-00256,CUST-A-00804,3,"Broke after two weeks, terrible quality.",2025-11-29,store-a
REV-000164,PB-00354,CB-01055,3,Exceeded my expectations in every way.,2025-02-14,store-b
REV-000165,PB-00278,CB-01060,5,"Great product, exactly what I needed!",2025-03-06,store-b
REV-000166,PB-00202,CB-01408,5,Absolutely love it! Will buy again.,2025-03-23,store-b
REV-000167,PROD-A-00195,CUST-A-00018,5,Best purchase I've made this year!,2024-02-25,store-a
REV-000168,PROD-A-00111,CUST-A-00191,4,"Excellent value for money, highly recommend!",2024-07-26,store-a
REV-000169,PROD-A-00347,CUST-A-00700,3,"Not as described, very disappointed.",2025-04-23,store-a
REV-000170,PB-00061,CB-00365,3,Arrived on time and works perfectly.,2025-07-18,store-b
REV-000171,PROD-A-00379,CUST-A-00724,5,"Okay for the price, gets the job done.",2024-03-04,store-a
REV-000172,PROD-A-00163,CUST-A-00858,2,Absolutely love it! Will buy again.,2025-01-24,store-a
REV-000173,PB-00329,CB-00826,2,"Great product, exactly what I needed!",2025-08-21,store-b
REV-000174,PB-00065,CB-00201,5,"Perfect gift, the recipient loved it!",2025-03-08,store-b
REV-000175,PROD-A-00139,CUST-A-01613,2,"Perfect gift, the recipient loved it!",2025-07-26,store-a
REV-000176,PB-00376,CB-00341,2,Absolutely love it! Will buy again.,2024-05-04,store-b
REV-000177,PB-00172,CB-00319,5,"Great product, exactly what I needed!",2025-12-07,store-b
REV-000178,PROD-A-00357,CUST-A-00399,2,Absolutely love it! Will buy again.,2024-01-21,store-a
REV-000179,PB-00158,CB-00107,5,"Would not recommend, poor build quality.",2025-12-07,store-b
REV-000180,PB-00002,CB-00968,5,"Okay for the price, gets the job done.",2025-05-18,store-b
REV-000181,PROD-A-00483,CUST-A-00227,1,"Perfect gift, the recipient loved it!",2024-11-15,store-a
REV-000182,PROD-A-00164,CUST-A-00977,3,"Great product, exactly what I needed!",2024-03-01,store-a
REV-000183,PROD-A-00101,CUST-A-01514,5,Best purchase I've made this year!,2024-06-26,store-a
REV-000184,PROD-A-00489,CUST-A-01930,1,"Average product, nothing special.",2024-11-09,store-a
REV-000185,PROD-A-00096,CUST-A-01472,4,"Okay for the price, gets the job done.",2024-01-10,store-a
REV-000186,PB-00043,CB-01255,2,Arrived on time and works perfectly.,2024-03-12,store-b
REV-000187,PROD-A-00114,CUST-A-00982,3,"Perfect gift, the recipient loved it!",2024-04-26,store-a
REV-000188,PROD-A-00263,CUST-A-00516,4,"Broke after two weeks, terrible quality.",2024-11-21,store-a
REV-000189,PROD-A-00317,CUST-A-01433,1,Decent product for everyday use.,2025-11-20,store-a
REV-000190,PB-00395,CB-00931,4,Decent product for everyday use.,2024-04-26,store-b
REV-000191,PROD-A-00148,CUST-A-01716,1,"Excellent value for money, highly recommend!",2024-04-18,store-a
REV-000192,PROD-A-00008,CUST-A-00054,3,"Broke after two weeks, terrible quality.",2025-02-24,store-a
REV-000193,PROD-A-00094,CUST-A-01113,4,"Not as described, very disappointed.",2025-08-08,store-a
REV-000194,PROD-A-00247,CUST-A-00611,4,Good but shipping was too slow.,2025-03-19,store-a
REV-000195,PROD-A-00325,CUST-A-00221,5,"Okay for the price, gets the job done.",2024-02-04,store-a
REV-000196,PB-00264,CB-01122,2,Arrived on time and works perfectly.,2024-07-07,store-b
REV-000197,PROD-A-00137,CUST-A-01136,4,Good but shipping was too slow.,2025-11-21,store-a
REV-000198,PROD-A-00220,CUST-A-01162,1,Arrived on time and works perfectly.,2024-12-23,store-a
REV-000199,PROD-A-00204,CUST-A-00359,3,"Okay for the price, gets the job done.",2025-09-09,store-a
REV-000200,PROD-A-00306,CUST-A-00112,4,"Great product, exactly what I needed!",2025-01-27,store-a
REV-000201,PROD-A-00378,CUST-A-00754,2,Quality could be better for the price.,2025-11-30,store-a
REV-000202,PB-00355,CB-01206,5,Good but shipping was too slow.,2024-08-25,store-b
REV-000203,PB-00297,CB-01290,1,"Okay for the price, gets the job done.",2025-12-06,store-b
REV-000204,PROD-A-00384,CUST-A-00895,2,"Would not recommend, poor build quality.",2024-12-03,store-a
REV-000205,PROD-A-00076,CUST-A-00761,3,"Okay for the price, gets the job done.",2025-11-06,store-a
REV-000206,PROD-A-00058,CUST-A-00091,5,"Would not recommend, poor build quality.",2024-01-02,store-a
REV-000207,PROD-A-00047,CUST-A-00362,5,"Okay for the price, gets the job done.",2024-12-28,store-a
REV-000208,PROD-A-00044,CUST-A-00112,4,Arrived on time and works perfectly.,2025-01-26,store-a
REV-000209,PB-00156,CB-00613,2,Quality could be better for the price.,2024-09-25,store-b
REV-000210,PB-00242,CB-01003,1,"Okay for the price, gets the job done.",2024-09-20,store-b
REV-000211,PROD-A-00491,CUST-A-01332,5,"Would not recommend, poor build quality.",2024-06-01,store-a
REV-000212,PB-00194,CB-00078,4,Absolutely love it! Will buy again.,2025-06-10,store-b
REV-000213,PB-00248,CB-01355,1,"Okay for the price, gets the job done.",2024-07-29,store-b
REV-000214,PROD-A-00495,CUST-A-00129,4,Arrived on time and works perfectly.,2025-04-27,store-a
REV-000215,PROD-A-00339,CUST-A-01107,3,"Average product, nothing special.",2024-05-16,store-a
REV-000216,PB-00110,CB-00898,4,"Broke after two weeks, terrible quality.",2025-06-25,store-b
REV-000217,PROD-A-00452,CUST-A-01388,5,Good but shipping was too slow.,2025-07-15,store-a
REV-000218,PROD-A-00182,CUST-A-00895,4,"Perfect gift, the recipient loved it!",2024-11-10,store-a
REV-000219,PB-00222,CB-01326,2,"Perfect gift, the recipient loved it!",2025-04-29,store-b
REV-000220,PROD-A-00331,CUST-A-00474,3,"Okay for the price, gets the job done.",2025-04-06,store-a
REV-000221,PROD-A-00179,CUST-A-00996,5,Good but shipping was too slow.,2024-11-20,store-a
REV-000222,PB-00113,CB-01495,1,Quality could be better for the price.,2025-10-03,store-b
REV-000223,PROD-A-00295,CUST-A-01071,4,"Not as described, very disappointed.",2025-08-31,store-a
REV-000224,PROD-A-00253,CUST-A-01906,4,"Perfect gift, the recipient loved it!",2025-10-13,store-a
REV-000225,PB-00037,CB-01266,1,"Broke after two weeks, terrible quality.",2024-06-16,store-b
REV-000226,PROD-A-00016,CUST-A-00367,2,"Great product, exactly what I needed!",2024-12-07,store-a
REV-000227,PROD-A-00236,CUST-A-01576,4,"Okay for the price, gets the job done.",2025-03-10,store-a
REV-000228,PROD-A-00398,CUST-A-00678,2,"Perfect gift, the recipient loved it!",2025-01-08,store-a
REV-000229,PB-00109,CB-00302,4,Decent product for everyday use.,2025-04-06,store-b
REV-000230,PB-00360,CB-00821,1,Decent product for everyday use.,2025-08-24,store-b
REV-000231,PROD-A-00345,CUST-A-00028,5,Decent product for everyday use.,2025-10-04,store-a
REV-000232,PROD-A-00487,CUST-A-01929,5,Exceeded my expectations in every way.,2024-10-25,store-a
REV-000233,PB-00289,CB-00530,5,"Average product, nothing special.",2024-08-28,store-b
REV-000234,PB-00009,CB-01306,4,Best purchase I've made this year!,2024-03-10,store-b
REV-000235,PROD-A-00057,CUST-A-00412,4,"Would not recommend, poor build quality.",2024-08-01,store-a
REV-000236,PB-00207,CB-00204,5,Absolutely love it! Will buy again.,2024-02-08,store-b
REV-000237,PROD-A-00243,CUST-A-00294,1,"Excellent value for money, highly recommend!",2025-04-11,store-a
REV-000238,PROD-A-00165,CUST-A-00162,4,Good but shipping was too slow.,2024-03-22,store-a
REV-000239,PROD-A-00428,CUST-A-00020,2,Decent product for everyday use.,2025-09-13,store-a
REV-000240,PROD-A-00284,CUST-A-01479,3,Quality could be better for the price.,2024-11-29,store-a
REV-000241,PROD-A-00363,CUST-A-01714,4,Good but shipping was too slow.,2024-05-25,store-a
REV-000242,PB-00121,CB-00657,3,"Okay for the price, gets the job done.",2024-01-24,store-b
REV-000243,PROD-A-00447,CUST-A-01213,4,Quality could be better for the price.,2024-09-26,store-a
REV-000244,PROD-A-00429,CUST-A-00172,3,Good but shipping was too slow.,2024-10-15,store-a
REV-000245,PB-00066,CB-01028,1,Exceeded my expectations in every way.,2024-11-28,store-b
REV-000246,PROD-A-00106,CUST-A-01911,2,"Great product, exactly what I needed!",2025-06-05,store-a
REV-000247,PROD-A-00127,CUST-A-00426,1,"Okay for the price, gets the job done.",2025-11-23,store-a
REV-000248,PB-00258,CB-01390,4,Absolutely love it! Will buy again.,2025-07-17,store-b
REV-000249,PB-00143,CB-01102,3,"Broke after two weeks, terrible quality.",2025-04-15,store-b
REV-000250,PROD-A-00398,CUST-A-00198,3,"Okay for the price, gets the job done.",2025-04-09,store-a
REV-000251,PROD-A-00345,CUST-A-01201,2,"Excellent value for money, highly recommend!",2024-05-27,store-a
REV-000252,PROD-A-00289,CUST-A-00458,1,Arrived on time and works perfectly.,2024-05-31,store-a
REV-000253,PB-00139,CB-00870,1,"Would not recommend, poor build quality.",2024-12-24,store-b
REV-000254,PROD-A-00406,CUST-A-01387,4,"Not as described, very disappointed.",2025-07-03,store-a
REV-000255,PROD-A-00417,CUST-A-01898,2,Good but shipping was too slow.,2025-10-30,store-a
REV-000256,PB-00350,CB-00607,5,"Average product, nothing special.",2024-03-27,store-b
REV-000257,PB-00136,CB-00681,5,"Great product, exactly what I needed!",2025-11-04,store-b
REV-000258,PROD-A-00308,CUST-A-00115,1,Arrived on time and works perfectly.,2025-08-04,store-a
REV-000259,PROD-A-00468,CUST-A-00414,2,Exceeded my expectations in every way.,2024-05-18,store-a
REV-000260,PROD-A-00078,CUST-A-01439,2,"Okay for the price, gets the job done.",2024-04-01,store-a
REV-000261,PB-00162,CB-00001,3,"Average product, nothing special.",2025-03-17,store-b
REV-000262,PROD-A-00348,CUST-A-00532,2,"Okay for the price, gets the job done.",2025-09-09,store-a
REV-000263,PROD-A-00028,CUST-A-00377,2,Best purchase I've made this year!,2024-04-11,store-a
REV-000264,PROD-A-00410,CUST-A-00662,2,Decent product for everyday use.,2025-06-15,store-a
REV-000265,PB-00170,CB-00347,2,"Great product, exactly what I needed!",2025-09-11,store-b
REV-000266,PROD-A-00180,CUST-A-00494,2,Good but shipping was too slow.,2024-02-27,store-a
REV-000267,PROD-A-00260,CUST-A-00327,4,"Would not recommend, poor build quality.",2025-11-02,store-a
REV-000268,PB-00163,CB-01468,2,Good but shipping was too slow.,2024-09-14,store-b
REV-000269,PB-00387,CB-00730,1,"Would not recommend, poor build quality.",2025-11-14,store-b
REV-000270,PROD-A-00475,CUST-A-00598,5,Quality could be better for the price.,2024-04-07,store-a
REV-000271,PROD-A-00304,CUST-A-00903,1,"Excellent value for money, highly recommend!",2024-07-18,store-a
REV-000272,PB-00340,CB-00766,4,Best purchase I've made this year!,2024-10-11,store-b
REV-000273,PROD-A-00438,CUST-A-01340,4,"Great product, exactly what I needed!",2025-12-11,store-a
REV-000274,PB-00021,CB-00059,5,"Perfect gift, the recipient loved it!",2024-01-10,store-b
REV-000275,PB-00264,CB-01001,1,"Broke after two weeks, terrible quality.",2024-02-01,store-b
REV-000276,PROD-A-00033,CUST-A-01590,1,Best purchase I've made this year!,2024-05-19,store-a
REV-000277,PROD-A-00484,CUST-A-01069,1,Arrived on time and works perfectly.,2024-08-01,store-a
REV-000278,PROD-A-00490,CUST-A-00062,2,"Great product, exactly what I needed!",2024-11-04,store-a
REV-000279,PROD-A-00205,CUST-A-00529,4,"Broke after two weeks, terrible quality.",2025-03-25,store-a
REV-000280,PB-00120,CB-01429,1,Best purchase I've made this year!,2024-05-07,store-b
REV-000281,PROD-A-00096,CUST-A-01768,5,Arrived on time and works perfectly.,2024-03-16,store-a
REV-000282,PROD-A-00346,CUST-A-01302,3,Decent product for everyday use.,2024-03-22,store-a
REV-000283,PB-00020,CB-01265,2,"Perfect gift, the recipient loved it!",2025-10-27,store-b
REV-000284,PB-00218,CB-00046,1,"Not as described, very disappointed.",2025-10-28,store-b
REV-000285,PROD-A-00026,CUST-A-00369,4,Good but shipping was too slow.,2024-09-28,store-a
REV-000286,PROD-A-00280,CUST-A-00907,3,Best purchase I've made this year!,2024-02-22,store-a
REV-000287,PB-00350,CB-01233,5,Quality could be better for the price.,2024-02-11,store-b
REV-000288,PROD-A-00085,CUST-A-00261,1,"Would not recommend, poor build quality.",2025-05-30,store-a
REV-000289,PB-00382,CB-01481,2,Absolutely love it! Will buy again.,2025-11-06,store-b
REV-000290,PB-00221,CB-00555,3,"Average product, nothing special.",2025-07-10,store-b
REV-000291,PROD-A-00466,CUST-A-00839,4,"Excellent value for money, highly recommend!",2025-08-11,store-a
REV-000292,PROD-A-00414,CUST-A-01517,1,"Okay for the price, gets the job done.",2024-10-11,store-a
REV-000293,PROD-A-00467,CUST-A-01846,1,Quality could be better for the price.,2025-08-22,store-a
REV-000294,PROD-A-00204,CUST-A-00886,3,"Average product, nothing special.",2025-09-23,store-a
REV-000295,PB-00080,CB-00179,3,Decent product for everyday use.,2024-11-21,store-b
REV-000296,PB-00098,CB-01444,3,"Would not recommend, poor build quality.",2024-11-22,store-b
REV-000297,PROD-A-00433,CUST-A-00342,4,"Perfect gift, the recipient loved it!",2024-04-18,store-a
REV-000298,PROD-A-00361,CUST-A-01249,2,"Broke after two weeks, terrible quality.",2025-09-01,store-a
REV-000299,PB-00132,CB-00893,3,"Would not recommend, poor build quality.",2025-09-23,store-b
REV-000300,PROD-A-00004,CUST-A-00801,5,"Excellent value for money, highly recommend!",2024-02-02,store-a
REV-000301,PROD-A-00033,CUST-A-01040,5,Absolutely love it! Will buy again.,2025-01-24,store-a
REV-000302,PB-00327,CB-00123,1,"Excellent value for money, highly recommend!",2025-12-27,store-b
REV-000303,PROD-A-00124,CUST-A-00580,3,"Average product, nothing special.",2024-09-27,store-a
REV-000304,PB-00360,CB-00578,3,Arrived on time and works perfectly.,2024-01-03,store-b
REV-000305,PROD-A-00124,CUST-A-01111,5,Quality could be better for the price.,2024-05-07,store-a
REV-000306,PB-00384,CB-01437,3,Arrived on time and works perfectly.,2024-01-28,store-b
REV-000307,PROD-A-00380,CUST-A-01978,3,"Excellent value for money, highly recommend!",2024-06-02,store-a
REV-000308,PROD-A-00412,CUST-A-01146,1,Arrived on time and works perfectly.,2025-12-30,store-a
REV-000309,PB-00059,CB-00626,3,Absolutely love it! Will buy again.,2025-11-01,store-b
REV-000310,PB-00116,CB-01277,3,"Okay for the price, gets the job done.",2025-10-05,store-b
REV-000311,PB-00067,CB-01301,4,Quality could be better for the price.,2024-01-01,store-b
REV-000312,PB-00278,CB-00306,5,Good but shipping was too slow.,2024-03-07,store-b
REV-000313,PB-00348,CB-01216,3,"Average product, nothing special.",2024-10-09,store-b
REV-000314,PB-00216,CB-00603,1,"Broke after two weeks, terrible quality.",2025-11-13,store-b
REV-000315,PB-00306,CB-00461,2,"Okay for the price, gets the job done.",2024-04-10,store-b
REV-000316,PB-00139,CB-01216,4,Exceeded my expectations in every way.,2024-05-09,store-b
REV-000317,PB-00198,CB-00937,4,Quality could be better for the price.,2025-06-14,store-b
REV-000318,PB-00067,CB-00663,1,"Excellent value for money, highly recommend!",2024-05-24,store-b
REV-000319,PB-00171,CB-01493,5,"Broke after two weeks, terrible quality.",2024-01-29,store-b
REV-000320,PB-00056,CB-01455,1,"Perfect gift, the recipient loved it!",2025-01-11,store-b
REV-000321,PB-00032,CB-01223,3,"Broke after two weeks, terrible quality.",2025-03-05,store-b
REV-000322,PROD-A-00057,CUST-A-00319,3,"Excellent value for money, highly recommend!",2024-05-16,store-a
REV-000323,PROD-A-00214,CUST-A-00846,2,Exceeded my expectations in every way.,2024-03-12,store-a
REV-000324,PROD-A-00192,CUST-A-00461,4,"Would not recommend, poor build quality.",2024-08-13,store-a
REV-000325,PROD-A-00212,CUST-A-00368,1,"Average product, nothing special.",2025-01-26,store-a
REV-000326,PB-00186,CB-00684,3,Good but shipping was too slow.,2025-11-21,store-b
REV-000327,PB-00012,CB-00663,3,Good but shipping was too slow.,2025-03-04,store-b
REV-000328,PROD-A-00267,CUST-A-00573,4,"Perfect gift, the recipient loved it!",2025-03-22,store-a
REV-000329,PROD-A-00208,CUST-A-01376,2,Good but shipping was too slow.,2025-06-20,store-a
REV-000330,PROD-A-00034,CUST-A-00736,3,"Okay for the price, gets the job done.",2024-09-24,store-a
REV-000331,PB-00027,CB-00972,2,"Great product, exactly what I needed!",2024-01-07,store-b
REV-000332,PROD-A-00135,CUST-A-01850,2,"Average product, nothing special.",2025-05-19,store-a
REV-000333,PROD-A-00285,CUST-A-00417,1,Quality could be better for the price.,2025-05-14,store-a
REV-000334,PROD-A-00185,CUST-A-00814,1,Absolutely love it! Will buy again.,2025-09-25,store-a
REV-000335,PROD-A-00386,CUST-A-00537,5,"Not as described, very disappointed.",2024-01-02,store-a
REV-000336,PB-00341,CB-00897,2,Decent product for everyday use.,2025-10-18,store-b
REV-000337,PROD-A-00161,CUST-A-00176,2,"Would not recommend, poor build quality.",2025-03-07,store-a
REV-000338,PB-00191,CB-01391,3,"Okay for the price, gets the job done.",2024-03-27,store-b
REV-000339,PB-00031,CB-00515,5,Arrived on time and works perfectly.,2025-06-03,store-b
REV-000340,PB-00144,CB-00720,4,"Would not recommend, poor build quality.",2025-02-05,store-b
REV-000341,PB-00079,CB-00273,5,"Would not recommend, poor build quality.",2024-05-28,store-b
REV-000342,PB-00344,CB-01138,1,Absolutely love it! Will buy again.,2025-09-15,store-b
REV-000343,PROD-A-00391,CUST-A-01992,3,Decent product for everyday use.,2024-03-22,store-a
REV-000344,PROD-A-00284,CUST-A-00894,1,Decent product for everyday use.,2025-08-18,store-a
REV-000345,PROD-A-00112,CUST-A-00652,1,"Perfect gift, the recipient loved it!",2024-04-04,store-a
REV-000346,PROD-A-00120,CUST-A-00346,2,"Broke after two weeks, terrible quality.",2025-02-12,store-a
REV-000347,PROD-A-00343,CUST-A-00354,5,Exceeded my expectations in every way.,2025-07-27,store-a
REV-000348,PROD-A-00048,CUST-A-00094,1,Quality could be better for the price.,2024-09-19,store-a
REV-000349,PROD-A-00366,CUST-A-00864,3,"Okay for the price, gets the job done.",2025-04-18,store-a
REV-000350,PROD-A-00054,CUST-A-01857,2,Exceeded my expectations in every way.,2025-06-26,store-a
REV-000351,PROD-A-00272,CUST-A-01635,2,Absolutely love it! Will buy again.,2024-06-10,store-a
REV-000352,PB-00239,CB-00638,3,"Excellent value for money, highly recommend!",2024-09-09,store-b
REV-000353,PROD-A-00169,CUST-A-01999,4,"Not as described, very disappointed.",2025-01-10,store-a
REV-000354,PROD-A-00075,CUST-A-01317,4,"Great product, exactly what I needed!",2025-10-09,store-a
REV-000355,PROD-A-00124,CUST-A-01696,1,"Not as described, very disappointed.",2024-07-25,store-a
REV-000356,PROD-A-00035,CUST-A-01159,2,"Would not recommend, poor build quality.",2025-04-19,store-a
REV-000357,PROD-A-00359,CUST-A-00691,5,"Perfect gift, the recipient loved it!",2024-03-24,store-a
REV-000358,PROD-A-00111,CUST-A-01539,3,"Perfect gift, the recipient loved it!",2025-07-09,store-a
REV-000359,PROD-A-00292,CUST-A-00274,2,"Great product, exactly what I needed!",2025-02-21,store-a
REV-000360,PROD-A-00069,CUST-A-01502,3,"Great product, exactly what I needed!",2025-06-18,store-a
REV-000361,PB-00223,CB-01300,2,Decent product for everyday use.,2024-07-11,store-b
REV-000362,PROD-A-00473,CUST-A-00605,4,Best purchase I've made this year!,2024-09-25,store-a
REV-000363,PB-00372,CB-00335,5,"Broke after two weeks, terrible quality.",2025-10-28,store-b
REV-000364,PB-00037,CB-00352,3,Quality could be better for the price.,2025-01-13,store-b
REV-000365,PROD-A-00155,CUST-A-00991,3,"Okay for the price, gets the job done.",2025-09-05,store-a
REV-000366,PB-00288,CB-00683,3,Good but shipping was too slow.,2025-02-08,store-b
REV-000367,PB-00343,CB-01153,4,Quality could be better for the price.,2025-01-15,store-b
REV-000368,PROD-A-00300,CUST-A-00326,1,"Average product, nothing special.",2024-11-20,store-a
REV-000369,PB-00339,CB-00512,1,"Average product, nothing special.",2024-05-03,store-b
REV-000370,PB-00186,CB-00526,1,"Great product, exactly what I needed!",2024-11-29,store-b
REV-000371,PROD-A-00059,CUST-A-01841,1,Good but shipping was too slow.,2025-06-10,store-a
REV-000372,PROD-A-00498,CUST-A-00797,4,"Excellent value for money, highly recommend!",2025-09-29,store-a
REV-000373,PB-00071,CB-00211,4,Best purchase I've made this year!,2024-04-19,store-b
REV-000374,PB-00028,CB-00910,5,Quality could be better for the price.,2025-05-17,store-b
REV-000375,PB-00319,CB-00072,1,Absolutely love it! Will buy again.,2024-10-21,store-b
REV-000376,PROD-A-00017,CUST-A-01187,1,Best purchase I've made this year!,2024-04-14,store-a
REV-000377,PB-00144,CB-00333,2,Exceeded my expectations in every way.,2024-02-06,store-b
REV-000378,PB-00013,CB-00324,4,"Perfect gift, the recipient loved it!",2024-06-09,store-b
REV-000379,PROD-A-00440,CUST-A-00204,2,"Excellent value for money, highly recommend!",2025-02-28,store-a
REV-000380,PROD-A-00174,CUST-A-01395,2,Arrived on time and works perfectly.,2024-12-05,store-a
REV-000381,PROD-A-00030,CUST-A-01748,1,"Broke after two weeks, terrible quality.",2024-01-31,store-a
REV-000382,PB-00196,CB-01442,5,"Perfect gift, the recipient loved it!",2024-12-17,store-b
REV-000383,PROD-A-00361,CUST-A-00300,4,"Excellent value for money, highly recommend!",2025-03-11,store-a
REV-000384,PB-00008,CB-01322,1,Decent product for everyday use.,2024-07-12,store-b
REV-000385,PROD-A-00037,CUST-A-01043,2,Decent product for everyday use.,2024-06-20,store-a
REV-000386,PB-00061,CB-00134,4,Best purchase I've made this year!,2024-11-02,store-b
REV-000387,PROD-A-00214,CUST-A-00228,3,"Excellent value for money, highly recommend!",2025-08-23,store-a
REV-000388,PROD-A-00054,CUST-A-01091,1,"Average product, nothing special.",2025-12-02,store-a
REV-000389,PB-00102,CB-01031,1,"Excellent value for money, highly recommend!",2025-04-29,store-b
REV-000390,PB-00393,CB-00875,3,Exceeded my expectations in every way.,2025-05-04,store-b
REV-000391,PROD-A-00413,CUST-A-00145,1,Decent product for everyday use.,2024-05-26,store-a
REV-000392,PB-00162,CB-01499,5,Arrived on time and works perfectly.,2025-07-29,store-b
REV-000393,PROD-A-00087,CUST-A-00108,5,"Okay for the price, gets the job done.",2025-07-02,store-a
REV-000394,PB-00151,CB-00538,3,Best purchase I've made this year!,2025-02-05,store-b
REV-000395,PB-00059,CB-01485,5,"Broke after two weeks, terrible quality.",2024-02-11,store-b
REV-000396,PROD-A-00310,CUST-A-00559,2,"Perfect gift, the recipient loved it!",2024-02-23,store-a
REV-000397,PROD-A-00275,CUST-A-01218,2,Absolutely love it! Will buy again.,2024-03-17,store-a
REV-000398,PROD-A-00182,CUST-A-01379,5,"Broke after two weeks, terrible quality.",2025-04-03,store-a
REV-000399,PB-00094,CB-00965,1,"Not as described, very disappointed.",2024-02-04,store-b
REV-000400,PROD-A-00362,CUST-A-00449,1,Good but shipping was too slow.,2025-02-15,store-a
REV-000401,PB-00304,CB-00662,4,Best purchase I've made this year!,2024-10-04,store-b
REV-000402,PB-00108,CB-00424,2,Exceeded my expectations in every way.,2025-03-10,store-b
REV-000403,PB-00255,CB-00500,1,Arrived on time and works perfectly.,2024-11-10,store-b
REV-000404,PROD-A-00236,CUST-A-01158,2,"Excellent value for money, highly recommend!",2024-05-25,store-a
REV-000405,PROD-A-00204,CUST-A-01723,3,"Not as described, very disappointed.",2024-01-07,store-a
REV-000406,PROD-A-00390,CUST-A-00962,1,Exceeded my expectations in every way.,2024-12-05,store-a
REV-000407,PB-00215,CB-00096,5,Exceeded my expectations in every way.,2024-12-31,store-b
REV-000408,PROD-A-00215,CUST-A-01911,1,Quality could be better for the price.,2024-08-31,store-a
REV-000409,PB-00041,CB-00970,5,Best purchase I've made this year!,2025-09-22,store-b
REV-000410,PROD-A-00163,CUST-A-00326,4,"Excellent value for money, highly recommend!",2024-05-30,store-a
REV-000411,PB-00001,CB-01224,3,Good but shipping was too slow.,2024-07-20,store-b
REV-000412,PB-00282,CB-00516,1,"Average product, nothing special.",2024-10-26,store-b
REV-000413,PB-00287,CB-00575,4,Decent product for everyday use.,2024-08-16,store-b
REV-000414,PROD-A-00363,CUST-A-00481,2,Arrived on time and works perfectly.,2025-07-09,store-a
REV-000415,PB-00092,CB-00078,1,"Perfect gift, the recipient loved it!",2024-10-26,store-b
REV-000416,PB-00197,CB-00996,3,Arrived on time and works perfectly.,2025-10-24,store-b
REV-000417,PROD-A-00453,CUST-A-01920,5,Decent product for everyday use.,2025-06-21,store-a
REV-000418,PROD-A-00380,CUST-A-00535,5,"Great product, exactly what I needed!",2024-01-18,store-a
REV-000419,PROD-A-00082,CUST-A-01435,2,Arrived on time and works perfectly.,2024-04-13,store-a
REV-000420,PROD-A-00198,CUST-A-00498,3,Decent product for everyday use.,2025-04-03,store-a
REV-000421,PB-00386,CB-01040,5,"Would not recommend, poor build quality.",2025-07-03,store-b
REV-000422,PB-00196,CB-01001,2,"Average product, nothing special.",2024-11-14,store-b
REV-000423,PB-00165,CB-00893,3,Good but shipping was too slow.,2025-04-19,store-b
REV-000424,PROD-A-00493,CUST-A-01549,3,Arrived on time and works perfectly.,2024-05-04,store-a
REV-000425,PROD-A-00207,CUST-A-00047,5,Absolutely love it! Will buy again.,2025-03-02,store-a
REV-000426,PB-00092,CB-01077,4,"Excellent value for money, highly recommend!",2025-02-09,store-b
REV-000427,PROD-A-00379,CUST-A-01927,5,"Okay for the price, gets the job done.",2025-06-20,store-a
REV-000428,PROD-A-00480,CUST-A-01937,2,"Excellent value for money, highly recommend!",2024-10-08,store-a
REV-000429,PROD-A-00479,CUST-A-00856,5,"Broke after two weeks, terrible quality.",2025-05-22,store-a
REV-000430,PROD-A-00145,CUST-A-00968,4,Arrived on time and works perfectly.,2024-08-02,store-a
REV-000431,PB-00327,CB-00761,5,Good but shipping was too slow.,2025-01-12,store-b
REV-000432,PROD-A-00228,CUST-A-01715,2,Best purchase I've made this year!,2024-02-07,store-a
REV-000433,PROD-A-00329,CUST-A-01333,2,"Average product, nothing special.",2025-06-25,store-a
REV-000434,PROD-A-00276,CUST-A-00015,2,"Excellent value for money, highly recommend!",2025-12-14,store-a
REV-000435,PROD-A-00358,CUST-A-01214,5,Absolutely love it! Will buy again.,2024-02-08,store-a
REV-000436,PB-00234,CB-00439,1,Exceeded my expectations in every way.,2024-05-17,store-b
REV-000437,PROD-A-00297,CUST-A-01447,1,"Broke after two weeks, terrible quality.",2025-01-05,store-a
REV-000438,PROD-A-00057,CUST-A-00058,4,"Perfect gift, the recipient loved it!",2025-05-02,store-a
REV-000439,PROD-A-00231,CUST-A-00903,1,"Great product, exactly what I needed!",2025-04-21,store-a
REV-000440,PB-00083,CB-00266,3,"Great product, exactly what I needed!",2024-04-01,store-b
REV-000441,PB-00057,CB-01127,1,"Great product, exactly what I needed!",2025-06-12,store-b
REV-000442,PB-00232,CB-00926,4,"Okay for the price, gets the job done.",2025-07-21,store-b
REV-000443,PROD-A-00268,CUST-A-00913,2,"Excellent value for money, highly recommend!",2025-09-17,store-a
REV-000444,PROD-A-00005,CUST-A-01775,3,"Broke after two weeks, terrible quality.",2025-04-14,store-a
REV-000445,PROD-A-00252,CUST-A-01427,4,Decent product for everyday use.,2025-12-22,store-a
REV-000446,PB-00282,CB-00418,3,"Average product, nothing special.",2025-03-12,store-b
REV-000447,PB-00135,CB-01118,3,"Average product, nothing special.",2024-09-20,store-b
REV-000448,PB-00297,CB-01189,3,Good but shipping was too slow.,2024-04-30,store-b
REV-000449,PROD-A-00043,CUST-A-01313,1,Best purchase I've made this year!,2024-12-04,store-a
REV-000450,PROD-A-00351,CUST-A-01520,3,Good but shipping was too slow.,2024-02-10,store-a
REV-000451,PB-00304,CB-01104,5,"Broke after two weeks, terrible quality.",2024-07-30,store-b
REV-000452,PROD-A-00242,CUST-A-01571,2,"Perfect gift, the recipient loved it!",2025-10-20,store-a
REV-000453,PB-00133,CB-00904,5,"Not as described, very disappointed.",2025-10-16,store-b
REV-000454,PB-00276,CB-00587,2,Exceeded my expectations in every way.,2024-05-02,store-b
REV-000455,PROD-A-00024,CUST-A-01906,2,Good but shipping was too slow.,2025-08-18,store-a
REV-000456,PB-00082,CB-01389,2,Exceeded my expectations in every way.,2025-04-11,store-b
REV-000457,PROD-A-00407,CUST-A-00787,3,Arrived on time and works perfectly.,2024-01-04,store-a
REV-000458,PB-00201,CB-00837,1,"Broke after two weeks, terrible quality.",2024-04-07,store-b
REV-000459,PROD-A-00490,CUST-A-00484,3,"Perfect gift, the recipient loved it!",2025-03-21,store-a
REV-000460,PROD-A-00095,CUST-A-01290,4,"Great product, exactly what I needed!",2024-01-02,store-a
REV-000461,PROD-A-00411,CUST-A-00527,3,"Perfect gift, the recipient loved it!",2025-03-14,store-a
REV-000462,PROD-A-00436,CUST-A-00852,2,Absolutely love it! Will buy again.,2024-11-11,store-a
REV-000463,PB-00379,CB-00577,3,Absolutely love it! Will buy again.,2025-10-20,store-b
REV-000464,PROD-A-00284,CUST-A-01734,2,"Okay for the price, gets the job done.",2025-11-27,store-a
REV-000465,PROD-A-00024,CUST-A-01006,4,Quality could be better for the price.,2025-11-27,store-a
REV-000466,PROD-A-00472,CUST-A-01984,5,"Excellent value for money, highly recommend!",2024-10-14,store-a
REV-000467,PROD-A-00200,CUST-A-01163,2,Best purchase I've made this year!,2025-10-25,store-a
REV-000468,PB-00098,CB-01135,2,"Average product, nothing special.",2024-10-01,store-b
REV-000469,PROD-A-00102,CUST-A-01003,5,Arrived on time and works perfectly.,2024-11-21,store-a
REV-000470,PB-00076,CB-00966,1,Best purchase I've made this year!,2024-12-10,store-b
REV-000471,PROD-A-00405,CUST-A-00778,2,"Average product, nothing special.",2024-04-27,store-a
REV-000472,PROD-A-00480,CUST-A-01047,2,Absolutely love it! Will buy again.,2025-08-18,store-a
REV-000473,PROD-A-00118,CUST-A-00730,3,"Okay for the price, gets the job done.",2025-02-25,store-a
REV-000474,PROD-A-00496,CUST-A-00869,2,Absolutely love it! Will buy again.,2025-08-23,store-a
REV-000475,PROD-A-00289,CUST-A-00539,4,Good but shipping was too slow.,2024-09-05,store-a
REV-000476,PB-00320,CB-00545,3,Absolutely love it! Will buy again.,2025-03-17,store-b
REV-000477,PB-00307,CB-00915,2,"Great product, exactly what I needed!",2025-01-21,store-b
REV-000478,PB-00325,CB-00889,3,"Great product, exactly what I needed!",2025-09-24,store-b
REV-000479,PROD-A-00471,CUST-A-00065,2,Decent product for everyday use.,2024-11-01,store-a
REV-000480,PROD-A-00350,CUST-A-01555,2,Arrived on time and works perfectly.,2025-01-25,store-a
REV-000481,PB-00070,CB-00390,5,"Would not recommend, poor build quality.",2025-03-09,store-b
REV-000482,PROD-A-00307,CUST-A-00053,2,"Great product, exactly what I needed!",2025-03-26,store-a
REV-000483,PROD-A-00426,CUST-A-00350,2,"Okay for the price, gets the job done.",2025-12-13,store-a
REV-000484,PROD-A-00413,CUST-A-00092,1,Absolutely love it! Will buy again.,2024-01-08,store-a
REV-000485,PROD-A-00346,CUST-A-01510,5,Decent product for everyday use.,2024-10-01,store-a
REV-000486,PB-00243,CB-01437,1,"Okay for the price, gets the job done.",2024-07-17,store-b
REV-000487,PROD-A-00270,CUST-A-01119,1,Arrived on time and works perfectly.,2025-05-31,store-a
REV-000488,PB-00228,CB-00122,2,Exceeded my expectations in every way.,2024-05-05,store-b
REV-000489,PROD-A-00032,CUST-A-01920,1,"Perfect gift, the recipient loved it!",2025-09-21,store-a
REV-000490,PROD-A-00001,CUST-A-01923,4,Arrived on time and works perfectly.,2024-09-10,store-a
REV-000491,PROD-A-00172,CUST-A-00549,5,Arrived on time and works perfectly.,2025-05-06,store-a
REV-000492,PROD-A-00249,CUST-A-01786,1,Good but shipping was too slow.,2024-11-25,store-a
REV-000493,PROD-A-00321,CUST-A-01551,3,"Perfect gift, the recipient loved it!",2024-12-05,store-a
REV-000494,PB-00306,CB-01052,2,"Broke after two weeks, terrible quality.",2024-04-01,store-b
REV-000495,PROD-A-00500,CUST-A-01994,4,"Excellent value for money, highly recommend!",2025-05-21,store-a
REV-000496,PROD-A-00402,CUST-A-01478,1,Quality could be better for the price.,2025-07-02,store-a
REV-000497,PROD-A-00280,CUST-A-01258,4,"Average product, nothing special.",2025-02-05,store-a
REV-000498,PROD-A-00297,CUST-A-00071,4,"Average product, nothing special.",2024-12-06,store-a
REV-000499,PB-00253,CB-01408,4,Exceeded my expectations in every way.,2025-03-22,store-b
REV-000500,PROD-A-00157,CUST-A-01206,2,"Average product, nothing special.",2025-01-07,store-a
REV-000501,PROD-A-00010,CUST-A-01424,2,Arrived on time and works perfectly.,2025-08-10,store-a
REV-000502,PROD-A-00043,CUST-A-01491,4,"Excellent value for money, highly recommend!",2025-11-28,store-a
REV-000503,PB-00376,CB-00886,2,"Would not recommend, poor build quality.",2024-05-15,store-b
REV-000504,PB-00198,CB-00141,1,Arrived on time and works perfectly.,2025-09-21,store-b
REV-000505,PB-00200,CB-00810,3,"Broke after two weeks, terrible quality.",2024-10-21,store-b
REV-000506,PB-00375,CB-01224,5,"Perfect gift, the recipient loved it!",2025-11-07,store-b
REV-000507,PROD-A-00055,CUST-A-00062,5,"Perfect gift, the recipient loved it!",2025-06-14,store-a
REV-000508,PROD-A-00022,CUST-A-01043,2,Quality could be better for the price.,2025-09-22,store-a
REV-000509,PROD-A-00218,CUST-A-01040,2,"Broke after two weeks, terrible quality.",2025-03-19,store-a
REV-000510,PROD-A-00166,CUST-A-00234,1,"Average product, nothing special.",2024-09-28,store-a
REV-000511,PROD-A-00415,CUST-A-00135,5,Best purchase I've made this year!,2025-10-25,store-a
REV-000512,PB-00169,CB-00439,1,"Excellent value for money, highly recommend!",2025-04-15,store-b
REV-000513,PB-00029,CB-01241,2,Decent product for everyday use.,2024-03-29,store-b
REV-000514,PROD-A-00404,CUST-A-01817,5,"Average product, nothing special.",2024-01-30,store-a
REV-000515,PB-00123,CB-01067,3,Arrived on time and works perfectly.,2024-07-24,store-b
REV-000516,PROD-A-00278,CUST-A-01322,3,Arrived on time and works perfectly.,2025-08-04,store-a
REV-000517,PB-00289,CB-00322,4,Good but shipping was too slow.,2025-03-18,store-b
REV-000518,PB-00072,CB-01488,3,"Average product, nothing special.",2024-05-25,store-b
REV-000519,PB-00006,CB-00402,4,Arrived on time and works perfectly.,2024-03-16,store-b
REV-000520,PB-00359,CB-00797,5,"Great product, exactly what I needed!",2025-12-07,store-b
REV-000521,PROD-A-00090,CUST-A-00399,2,"Broke after two weeks, terrible quality.",2024-03-31,store-a
REV-000522,PROD-A-00008,CUST-A-00503,2,"Great product, exactly what I needed!",2024-08-22,store-a
REV-000523,PROD-A-00439,CUST-A-01812,3,Quality could be better for the price.,2024-07-13,store-a
REV-000524,PB-00256,CB-00057,5,"Perfect gift, the recipient loved it!",2024-11-05,store-b
REV-000525,PB-00295,CB-00658,2,"Average product, nothing special.",2024-02-23,store-b
REV-000526,PROD-A-00188,CUST-A-00058,1,Arrived on time and works perfectly.,2025-11-17,store-a
REV-000527,PROD-A-00416,CUST-A-01699,3,"Would not recommend, poor build quality.",2024-12-22,store-a
REV-000528,PROD-A-00493,CUST-A-01442,4,"Average product, nothing special.",2024-02-10,store-a
REV-000529,PB-00246,CB-01110,5,"Okay for the price, gets the job done.",2025-12-12,store-b
REV-000530,PROD-A-00391,CUST-A-00933,1,"Great product, exactly what I needed!",2025-09-23,store-a
REV-000531,PROD-A-00190,CUST-A-00280,2,"Great product, exactly what I needed!",2025-04-30,store-a
REV-000532,PB-00050,CB-01038,2,"Excellent value for money, highly recommend!",2025-05-09,store-b
REV-000533,PB-00104,CB-00635,5,Quality could be better for the price.,2024-11-13,store-b
REV-000534,PROD-A-00098,CUST-A-00606,2,Quality could be better for the price.,2024-04-23,store-a
REV-000535,PROD-A-00300,CUST-A-01115,5,"Excellent value for money, highly recommend!",2025-03-07,store-a
REV-000536,PB-00227,CB-00186,3,Decent product for everyday use.,2025-04-08,store-b
REV-000537,PB-00079,CB-00954,2,"Average product, nothing special.",2024-03-16,store-b
REV-000538,PB-00043,CB-00663,1,Quality could be better for the price.,2024-01-16,store-b
REV-000539,PB-00241,CB-00308,5,"Excellent value for money, highly recommend!",2025-05-18,store-b
REV-000540,PB-00389,CB-00113,1,Decent product for everyday use.,2025-01-26,store-b
REV-000541,PB-00145,CB-00934,1,Decent product for everyday use.,2025-07-27,store-b
REV-000542,PB-00024,CB-00542,2,Good but shipping was too slow.,2024-01-14,store-b
REV-000543,PB-00396,CB-00900,5,Decent product for everyday use.,2025-11-23,store-b
REV-000544,PB-00367,CB-01305,3,Decent product for everyday use.,2025-07-20,store-b
REV-000545,PROD-A-00120,CUST-A-00357,4,"Perfect gift, the recipient loved it!",2024-04-05,store-a
REV-000546,PROD-A-00184,CUST-A-01666,5,Absolutely love it! Will buy again.,2025-10-27,store-a
REV-000547,PB-00367,CB-00354,1,"Perfect gift, the recipient loved it!",2024-01-08,store-b
REV-000548,PROD-A-00013,CUST-A-00704,1,Exceeded my expectations in every way.,2025-01-08,store-a
REV-000549,PROD-A-00025,CUST-A-00819,5,"Not as described, very disappointed.",2025-10-09,store-a
REV-000550,PROD-A-00242,CUST-A-01358,1,"Perfect gift, the recipient loved it!",2024-01-06,store-a
REV-000551,PROD-A-00285,CUST-A-00937,3,Arrived on time and works perfectly.,2025-06-21,store-a
REV-000552,PROD-A-00393,CUST-A-00682,1,Decent product for everyday use.,2024-11-10,store-a
REV-000553,PB-00333,CB-00772,4,Good but shipping was too slow.,2025-03-23,store-b
REV-000554,PROD-A-00452,CUST-A-01166,1,"Excellent value for money, highly recommend!",2025-06-21,store-a
REV-000555,PROD-A-00154,CUST-A-01895,1,Exceeded my expectations in every way.,2024-04-05,store-a
REV-000556,PROD-A-00130,CUST-A-01092,2,"Not as described, very disappointed.",2025-10-09,store-a
REV-000557,PB-00370,CB-00817,2,"Average product, nothing special.",2025-10-20,store-b
REV-000558,PB-00003,CB-00767,5,Absolutely love it! Will buy again.,2024-10-30,store-b
REV-000559,PROD-A-00035,CUST-A-00574,2,Good but shipping was too slow.,2024-10-27,store-a
REV-000560,PB-00202,CB-00330,1,"Not as described, very disappointed.",2025-07-02,store-b
REV-000561,PB-00285,CB-00126,1,Good but shipping was too slow.,2025-11-21,store-b
REV-000562,PB-00301,CB-01166,4,"Average product, nothing special.",2025-05-29,store-b
REV-000563,PROD-A-00275,CUST-A-01652,3,"Broke after two weeks, terrible quality.",2025-10-07,store-a
REV-000564,PROD-A-00054,CUST-A-00928,2,Decent product for everyday use.,2024-10-01,store-a
REV-000565,PB-00036,CB-01376,2,"Perfect gift, the recipient loved it!",2025-01-29,store-b
REV-000566,PROD-A-00148,CUST-A-01315,2,"Average product, nothing special.",2025-12-29,store-a
REV-000567,PB-00201,CB-00016,5,Exceeded my expectations in every way.,2024-05-18,store-b
REV-000568,PB-00280,CB-00785,5,"Would not recommend, poor build quality.",2024-01-01,store-b
REV-000569,PB-00117,CB-00070,4,"Would not recommend, poor build quality.",2024-05-19,store-b
REV-000570,PROD-A-00228,CUST-A-01064,5,Decent product for everyday use.,2024-07-15,store-a
REV-000571,PB-00295,CB-00995,5,Decent product for everyday use.,2025-12-29,store-b
REV-000572,PB-00364,CB-01439,4,"Great product, exactly what I needed!",2024-07-21,store-b
REV-000573,PROD-A-00456,CUST-A-01174,2,"Perfect gift, the recipient loved it!",2025-07-20,store-a
REV-000574,PB-00238,CB-01118,4,Best purchase I've made this year!,2025-09-04,store-b
REV-000575,PROD-A-00209,CUST-A-01001,1,"Broke after two weeks, terrible quality.",2024-05-26,store-a
REV-000576,PB-00076,CB-00838,2,"Okay for the price, gets the job done.",2024-05-29,store-b
REV-000577,PROD-A-00404,CUST-A-01187,1,"Broke after two weeks, terrible quality.",2024-02-08,store-a
REV-000578,PROD-A-00225,CUST-A-00766,3,"Average product, nothing special.",2025-09-23,store-a
REV-000579,PROD-A-00480,CUST-A-00639,2,"Would not recommend, poor build quality.",2025-05-05,store-a
REV-000580,PB-00032,CB-00525,2,"Average product, nothing special.",2024-06-10,store-b
REV-000581,PROD-A-00123,CUST-A-01935,2,Absolutely love it! Will buy again.,2024-12-07,store-a
REV-000582,PROD-A-00039,CUST-A-00884,4,Best purchase I've made this year!,2025-10-15,store-a
REV-000583,PROD-A-00036,CUST-A-00043,1,"Excellent value for money, highly recommend!",2024-11-07,store-a
REV-000584,PB-00257,CB-00214,4,Arrived on time and works perfectly.,2024-03-11,store-b
REV-000585,PB-00083,CB-00775,2,Absolutely love it! Will buy again.,2024-11-29,store-b
REV-000586,PROD-A-00438,CUST-A-01485,5,"Okay for the price, gets the job done.",2025-01-01,store-a
REV-000587,PROD-A-00418,CUST-A-00629,5,"Okay for the price, gets the job done.",2024-07-14,store-a
REV-000588,PB-00221,CB-00464,5,Decent product for everyday use.,2024-08-26,store-b
REV-000589,PROD-A-00198,CUST-A-00736,1,"Would not recommend, poor build quality.",2024-06-13,store-a
REV-000590,PROD-A-00250,CUST-A-01401,5,"Excellent value for money, highly recommend!",2024-05-21,store-a
REV-000591,PROD-A-00113,CUST-A-00337,2,"Okay for the price, gets the job done.",2025-08-20,store-a
REV-000592,PB-00205,CB-01196,5,"Not as described, very disappointed.",2024-07-01,store-b
REV-000593,PROD-A-00331,CUST-A-01186,2,"Okay for the price, gets the job done.",2024-06-19,store-a
REV-000594,PROD-A-00204,CUST-A-01312,2,Arrived on time and works perfectly.,2024-09-08,store-a
REV-000595,PB-00094,CB-00407,5,Good but shipping was too slow.,2025-07-19,store-b
REV-000596,PROD-A-00354,CUST-A-00690,4,Exceeded my expectations in every way.,2025-01-16,store-a
REV-000597,PROD-A-00411,CUST-A-00636,4,"Not as described, very disappointed.",2025-05-31,store-a
REV-000598,PROD-A-00131,CUST-A-01698,4,"Broke after two weeks, terrible quality.",2024-03-21,store-a
REV-000599,PB-00219,CB-00510,4,"Perfect gift, the recipient loved it!",2024-12-19,store-b
REV-000600,PROD-A-00252,CUST-A-00381,4,Decent product for everyday use.,2024-04-14,store-a
REV-000601,PROD-A-00428,CUST-A-00443,3,"Average product, nothing special.",2025-12-31,store-a
REV-000602,PROD-A-00191,CUST-A-01792,3,Arrived on time and works perfectly.,2024-06-14,store-a
REV-000603,PB-00047,CB-00332,2,"Would not recommend, poor build quality.",2024-03-25,store-b
REV-000604,PB-00274,CB-00243,4,Quality could be better for the price.,2025-09-22,store-b
REV-000605,PROD-A-00405,CUST-A-00448,3,"Okay for the price, gets the job done.",2025-04-22,store-a
REV-000606,PROD-A-00115,CUST-A-01212,1,"Not as described, very disappointed.",2025-08-22,store-a
REV-000607,PB-00054,CB-01108,3,"Broke after two weeks, terrible quality.",2025-08-14,store-b
REV-000608,PB-00149,CB-00608,1,"Perfect gift, the recipient loved it!",2024-08-07,store-b
REV-000609,PROD-A-00213,CUST-A-00214,5,"Broke after two weeks, terrible quality.",2024-09-05,store-a
REV-000610,PB-00388,CB-00928,4,"Average product, nothing special.",2024-06-16,store-b
REV-000611,PROD-A-00200,CUST-A-01454,4,"Broke after two weeks, terrible quality.",2025-04-03,store-a
REV-000612,PROD-A-00341,CUST-A-01451,2,"Okay for the price, gets the job done.",2025-10-30,store-a
REV-000613,PROD-A-00247,CUST-A-00251,1,Quality could be better for the price.,2025-07-20,store-a
REV-000614,PB-00168,CB-01379,2,"Great product, exactly what I needed!",2025-09-29,store-b
REV-000615,PROD-A-00459,CUST-A-00553,4,"Would not recommend, poor build quality.",2025-05-10,store-a
REV-000616,PROD-A-00190,CUST-A-01026,5,"Not as described, very disappointed.",2025-01-09,store-a
REV-000617,PROD-A-00105,CUST-A-01239,4,Exceeded my expectations in every way.,2025-10-22,store-a
REV-000618,PROD-A-00142,CUST-A-01654,4,Quality could be better for the price.,2025-01-20,store-a
REV-000619,PROD-A-00306,CUST-A-01437,2,"Perfect gift, the recipient loved it!",2024-02-12,store-a
REV-000620,PB-00080,CB-00570,3,"Broke after two weeks, terrible quality.",2024-04-04,store-b
REV-000621,PROD-A-00136,CUST-A-00898,2,Absolutely love it! Will buy again.,2025-04-24,store-a
REV-000622,PROD-A-00187,CUST-A-01030,3,Decent product for everyday use.,2025-12-10,store-a
REV-000623,PB-00365,CB-00282,4,Absolutely love it! Will buy again.,2024-08-04,store-b
REV-000624,PROD-A-00168,CUST-A-00546,3,"Average product, nothing special.",2025-11-20,store-a
REV-000625,PB-00301,CB-00832,4,"Excellent value for money, highly recommend!",2024-09-23,store-b
REV-000626,PROD-A-00263,CUST-A-01791,4,"Okay for the price, gets the job done.",2024-02-04,store-a
REV-000627,PROD-A-00373,CUST-A-01318,5,Arrived on time and works perfectly.,2025-10-10,store-a
REV-000628,PB-00372,CB-01266,2,"Broke after two weeks, terrible quality.",2024-09-23,store-b
REV-000629,PROD-A-00480,CUST-A-01330,2,Arrived on time and works perfectly.,2025-08-19,store-a
REV-000630,PROD-A-00173,CUST-A-01476,2,"Average product, nothing special.",2024-11-08,store-a
REV-000631,PROD-A-00324,CUST-A-00668,3,Absolutely love it! Will buy again.,2024-10-13,store-a
REV-000632,PROD-A-00002,CUST-A-00103,1,Good but shipping was too slow.,2024-11-08,store-a
REV-000633,PB-00145,CB-00128,3,Arrived on time and works perfectly.,2024-05-31,store-b
REV-000634,PB-00262,CB-00378,4,"Broke after two weeks, terrible quality.",2024-01-17,store-b
REV-000635,PROD-A-00489,CUST-A-01304,4,"Average product, nothing special.",2024-04-17,store-a
REV-000636,PB-00092,CB-01199,3,"Not as described, very disappointed.",2024-01-17,store-b
REV-000637,PB-00283,CB-01361,4,Exceeded my expectations in every way.,2025-03-04,store-b
REV-000638,PB-00142,CB-01026,1,Best purchase I've made this year!,2025-09-18,store-b
REV-000639,PB-00161,CB-00651,1,Exceeded my expectations in every way.,2024-06-27,store-b
REV-000640,PROD-A-00320,CUST-A-01913,2,"Not as described, very disappointed.",2025-05-25,store-a
REV-000641,PROD-A-00394,CUST-A-01124,4,Absolutely love it! Will buy again.,2024-10-28,store-a
REV-000642,PROD-A-00187,CUST-A-01236,5,"Would not recommend, poor build quality.",2024-10-25,store-a
REV-000643,PROD-A-00482,CUST-A-00455,3,"Would not recommend, poor build quality.",2025-02-11,store-a
REV-000644,PROD-A-00053,CUST-A-01339,4,"Not as described, very disappointed.",2024-04-24,store-a
REV-000645,PB-00178,CB-00914,4,"Broke after two weeks, terrible quality.",2025-05-18,store-b
REV-000646,PROD-A-00387,CUST-A-00770,2,"Okay for the price, gets the job done.",2025-08-01,store-a
REV-000647,PB-00193,CB-00990,5,"Great product, exactly what I needed!",2025-09-24,store-b
REV-000648,PROD-A-00405,CUST-A-01767,4,"Broke after two weeks, terrible quality.",2024-03-25,store-a
REV-000649,PROD-A-00052,CUST-A-00974,3,Decent product for everyday use.,2024-12-16,store-a
REV-000650,PROD-A-00004,CUST-A-00702,4,Arrived on time and works perfectly.,2024-11-15,store-a
REV-000651,PROD-A-00226,CUST-A-00334,1,Quality could be better for the price.,2025-02-02,store-a
REV-000652,PB-00005,CB-00266,2,Best purchase I've made this year!,2024-09-03,store-b
REV-000653,PB-00363,CB-00149,3,"Great product, exactly what I needed!",2024-11-11,store-b
REV-000654,PROD-A-00426,CUST-A-01477,5,"Excellent value for money, highly recommend!",2024-12-11,store-a
REV-000655,PB-00023,CB-00746,1,"Broke after two weeks, terrible quality.",2025-09-21,store-b
REV-000656,PROD-A-00243,CUST-A-00227,3,"Average product, nothing special.",2024-09-16,store-a
REV-000657,PROD-A-00414,CUST-A-00125,4,"Not as described, very disappointed.",2024-07-26,store-a
REV-000658,PROD-A-00425,CUST-A-00369,1,Decent product for everyday use.,2024-04-21,store-a
REV-000659,PROD-A-00247,CUST-A-00824,5,"Broke after two weeks, terrible quality.",2024-01-27,store-a
REV-000660,PB-00364,CB-00571,4,"Average product, nothing special.",2025-12-17,store-b
REV-000661,PB-00311,CB-00708,3,"Would not recommend, poor build quality.",2025-11-06,store-b
REV-000662,PB-00044,CB-00849,1,Arrived on time and works perfectly.,2025-03-15,store-b
REV-000663,PB-00353,CB-01103,4,Quality could be better for the price.,2024-10-14,store-b
REV-000664,PROD-A-00408,CUST-A-00964,2,"Great product, exactly what I needed!",2025-04-09,store-a
REV-000665,PB-00187,CB-00071,5,Exceeded my expectations in every way.,2025-11-28,store-b
REV-000666,PROD-A-00097,CUST-A-00364,1,"Average product, nothing special.",2025-02-13,store-a
REV-000667,PB-00112,CB-00873,5,"Average product, nothing special.",2025-12-14,store-b
REV-000668,PROD-A-00130,CUST-A-01609,3,"Perfect gift, the recipient loved it!",2024-10-10,store-a
REV-000669,PB-00241,CB-00734,4,"Excellent value for money, highly recommend!",2024-08-03,store-b
REV-000670,PB-00268,CB-01159,1,Decent product for everyday use.,2024-09-11,store-b
REV-000671,PROD-A-00173,CUST-A-00916,1,Arrived on time and works perfectly.,2025-08-18,store-a
REV-000672,PROD-A-00465,CUST-A-01819,5,Good but shipping was too slow.,2024-10-02,store-a
REV-000673,PROD-A-00381,CUST-A-00364,4,"Okay for the price, gets the job done.",2025-05-16,store-a
REV-000674,PB-00361,CB-00684,3,"Would not recommend, poor build quality.",2025-09-19,store-b
REV-000675,PB-00084,CB-01468,1,Exceeded my expectations in every way.,2024-03-25,store-b
REV-000676,PB-00313,CB-00052,3,"Okay for the price, gets the job done.",2025-08-29,store-b
REV-000677,PROD-A-00160,CUST-A-01509,4,"Not as described, very disappointed.",2025-12-29,store-a
REV-000678,PROD-A-00083,CUST-A-00842,1,"Excellent value for money, highly recommend!",2024-06-11,store-a
REV-000679,PB-00019,CB-01252,4,"Average product, nothing special.",2025-12-25,store-b
REV-000680,PB-00254,CB-01454,1,Quality could be better for the price.,2024-02-15,store-b
REV-000681,PROD-A-00382,CUST-A-01187,2,Absolutely love it! Will buy again.,2024-04-25,store-a
REV-000682,PB-00116,CB-00059,4,Quality could be better for the price.,2024-08-22,store-b
REV-000683,PB-00162,CB-00142,2,"Excellent value for money, highly recommend!",2024-01-22,store-b
REV-000684,PROD-A-00293,CUST-A-00584,5,Exceeded my expectations in every way.,2024-11-07,store-a
REV-000685,PROD-A-00363,CUST-A-01908,2,Quality could be better for the price.,2025-05-22,store-a
REV-000686,PROD-A-00232,CUST-A-01018,3,"Great product, exactly what I needed!",2025-04-30,store-a
REV-000687,PB-00362,CB-00639,1,"Excellent value for money, highly recommend!",2025-03-06,store-b
REV-000688,PB-00094,CB-00687,4,"Okay for the price, gets the job done.",2025-02-26,store-b
REV-000689,PB-00102,CB-00942,3,"Broke after two weeks, terrible quality.",2024-09-25,store-b
REV-000690,PROD-A-00485,CUST-A-01180,4,Quality could be better for the price.,2024-05-23,store-a
REV-000691,PROD-A-00195,CUST-A-01422,2,Good but shipping was too slow.,2025-08-09,store-a
REV-000692,PB-00077,CB-00347,4,Best purchase I've made this year!,2025-12-04,store-b
REV-000693,PB-00025,CB-01136,1,Decent product for everyday use.,2025-01-02,store-b
REV-000694,PROD-A-00402,CUST-A-01964,3,Best purchase I've made this year!,2025-11-20,store-a
REV-000695,PROD-A-00236,CUST-A-01310,3,"Not as described, very disappointed.",2024-09-21,store-a
REV-000696,PROD-A-00362,CUST-A-01104,2,"Okay for the price, gets the job done.",2025-08-04,store-a
REV-000697,PROD-A-00160,CUST-A-00118,4,Best purchase I've made this year!,2024-12-29,store-a
REV-000698,PB-00360,CB-01177,2,Decent product for everyday use.,2025-01-15,store-b
REV-000699,PB-00060,CB-01248,3,"Average product, nothing special.",2025-07-29,store-b
REV-000700,PROD-A-00033,CUST-A-00300,3,Good but shipping was too slow.,2025-12-07,store-a
REV-000701,PB-00210,CB-00620,3,"Would not recommend, poor build quality.",2024-06-13,store-b
REV-000702,PROD-A-00432,CUST-A-00879,5,"Not as described, very disappointed.",2025-05-29,store-a
REV-000703,PROD-A-00215,CUST-A-00329,5,"Great product, exactly what I needed!",2024-07-21,store-a
REV-000704,PB-00017,CB-00748,4,Decent product for everyday use.,2025-08-26,store-b
REV-000705,PROD-A-00466,CUST-A-01639,5,"Great product, exactly what I needed!",2025-08-03,store-a
REV-000706,PROD-A-00313,CUST-A-01350,1,Exceeded my expectations in every way.,2024-10-06,store-a
REV-000707,PROD-A-00247,CUST-A-00176,5,"Excellent value for money, highly recommend!",2025-04-25,store-a
REV-000708,PROD-A-00168,CUST-A-01166,2,Good but shipping was too slow.,2025-07-21,store-a
REV-000709,PROD-A-00241,CUST-A-00508,4,Absolutely love it! Will buy again.,2024-11-30,store-a
REV-000710,PROD-A-00425,CUST-A-00902,4,"Would not recommend, poor build quality.",2025-10-20,store-a
REV-000711,PB-00121,CB-00359,3,Absolutely love it! Will buy again.,2025-09-25,store-b
REV-000712,PB-00266,CB-00554,4,"Excellent value for money, highly recommend!",2024-12-15,store-b
REV-000713,PB-00187,CB-00883,5,Quality could be better for the price.,2025-05-10,store-b
REV-000714,PROD-A-00370,CUST-A-01791,3,Quality could be better for the price.,2024-06-10,store-a
REV-000715,PROD-A-00484,CUST-A-00329,4,Decent product for everyday use.,2024-03-19,store-a
REV-000716,PB-00250,CB-01424,1,"Not as described, very disappointed.",2024-05-22,store-b
REV-000717,PROD-A-00058,CUST-A-00356,4,Good but shipping was too slow.,2025-08-29,store-a
REV-000718,PROD-A-00051,CUST-A-01339,2,Absolutely love it! Will buy again.,2025-08-15,store-a
REV-000719,PROD-A-00319,CUST-A-00071,1,Arrived on time and works perfectly.,2024-01-25,store-a
REV-000720,PROD-A-00495,CUST-A-01874,4,"Would not recommend, poor build quality.",2024-11-22,store-a
REV-000721,PROD-A-00402,CUST-A-00857,2,"Average product, nothing special.",2024-11-16,store-a
REV-000722,PROD-A-00443,CUST-A-00569,5,Best purchase I've made this year!,2025-11-15,store-a
REV-000723,PB-00373,CB-00176,3,Quality could be better for the price.,2024-05-21,store-b
REV-000724,PROD-A-00353,CUST-A-01047,4,Quality could be better for the price.,2025-03-30,store-a
REV-000725,PROD-A-00301,CUST-A-00008,5,"Excellent value for money, highly recommend!",2025-01-10,store-a
REV-000726,PB-00250,CB-00167,2,Exceeded my expectations in every way.,2025-05-22,store-b
REV-000727,PB-00376,CB-00395,3,Absolutely love it! Will buy again.,2024-09-03,store-b
REV-000728,PROD-A-00438,CUST-A-01130,3,Arrived on time and works perfectly.,2024-10-17,store-a
REV-000729,PB-00066,CB-00062,5,Best purchase I've made this year!,2024-02-02,store-b
REV-000730,PROD-A-00237,CUST-A-00856,4,"Perfect gift, the recipient loved it!",2025-01-30,store-a
REV-000731,PROD-A-00136,CUST-A-01147,2,Exceeded my expectations in every way.,2025-04-14,store-a
REV-000732,PB-00057,CB-00755,5,"Broke after two weeks, terrible quality.",2024-08-03,store-b
REV-000733,PB-00291,CB-01110,1,Decent product for everyday use.,2024-07-31,store-b
REV-000734,PB-00107,CB-00417,4,"Great product, exactly what I needed!",2024-03-15,store-b
REV-000735,PB-00351,CB-01447,3,"Okay for the price, gets the job done.",2024-09-25,store-b
REV-000736,PB-00086,CB-00484,5,"Perfect gift, the recipient loved it!",2025-06-26,store-b
REV-000737,PROD-A-00411,CUST-A-01453,1,Arrived on time and works perfectly.,2025-02-11,store-a
REV-000738,PB-00097,CB-00585,1,"Great product, exactly what I needed!",2025-01-01,store-b
REV-000739,PROD-A-00324,CUST-A-01607,5,"Would not recommend, poor build quality.",2025-09-23,store-a
REV-000740,PROD-A-00301,CUST-A-00596,4,Best purchase I've made this year!,2025-05-24,store-a
REV-000741,PB-00041,CB-01195,4,Good but shipping was too slow.,2024-04-16,store-b
REV-000742,PROD-A-00125,CUST-A-00283,2,Absolutely love it! Will buy again.,2025-07-17,store-a
REV-000743,PB-00038,CB-01479,5,Absolutely love it! Will buy again.,2024-01-16,store-b
REV-000744,PB-00041,CB-00389,4,"Perfect gift, the recipient loved it!",2025-01-02,store-b
REV-000745,PB-00387,CB-00701,5,Decent product for everyday use.,2025-10-29,store-b
REV-000746,PROD-A-00078,CUST-A-00438,3,"Excellent value for money, highly recommend!",2024-07-07,store-a
REV-000747,PB-00217,CB-00780,4,Best purchase I've made this year!,2024-12-20,store-b
REV-000748,PROD-A-00470,CUST-A-00748,1,"Okay for the price, gets the job done.",2025-03-03,store-a
REV-000749,PROD-A-00290,CUST-A-00849,1,"Not as described, very disappointed.",2024-02-01,store-a
REV-000750,PB-00297,CB-00847,3,Best purchase I've made this year!,2024-03-21,store-b
REV-000751,PROD-A-00420,CUST-A-01920,1,"Not as described, very disappointed.",2024-07-21,store-a
REV-000752,PROD-A-00483,CUST-A-00093,1,Arrived on time and works perfectly.,2025-08-10,store-a
REV-000753,PROD-A-00323,CUST-A-00331,3,"Great product, exactly what I needed!",2024-09-27,store-a
REV-000754,PB-00364,CB-01442,5,"Great product, exactly what I needed!",2025-06-07,store-b
REV-000755,PROD-A-00307,CUST-A-01934,5,"Great product, exactly what I needed!",2025-11-08,store-a
REV-000756,PB-00193,CB-00120,1,Good but shipping was too slow.,2024-09-16,store-b
REV-000757,PB-00240,CB-00468,5,Decent product for everyday use.,2024-04-29,store-b
REV-000758,PB-00334,CB-00977,3,Quality could be better for the price.,2024-03-02,store-b
REV-000759,PB-00247,CB-00610,3,"Would not recommend, poor build quality.",2024-09-12,store-b
REV-000760,PROD-A-00032,CUST-A-01470,3,Best purchase I've made this year!,2024-03-14,store-a
REV-000761,PROD-A-00367,CUST-A-01718,5,Exceeded my expectations in every way.,2025-02-28,store-a
REV-000762,PROD-A-00443,CUST-A-01676,5,"Great product, exactly what I needed!",2024-09-10,store-a
REV-000763,PB-00089,CB-00084,5,Exceeded my expectations in every way.,2024-08-07,store-b
REV-000764,PROD-A-00087,CUST-A-00001,2,"Not as described, very disappointed.",2024-04-27,store-a
REV-000765,PB-00274,CB-01049,4,"Average product, nothing special.",2025-09-19,store-b
REV-000766,PB-00150,CB-00774,2,"Perfect gift, the recipient loved it!",2025-02-17,store-b
REV-000767,PB-00386,CB-01484,1,"Average product, nothing special.",2024-04-24,store-b
REV-000768,PROD-A-00142,CUST-A-01076,3,Good but shipping was too slow.,2025-03-18,store-a
REV-000769,PROD-A-00212,CUST-A-00106,3,"Okay for the price, gets the job done.",2024-08-08,store-a
REV-000770,PB-00067,CB-00275,1,"Would not recommend, poor build quality.",2025-10-16,store-b
REV-000771,PROD-A-00301,CUST-A-01943,3,"Broke after two weeks, terrible quality.",2024-05-02,store-a
REV-000772,PB-00218,CB-00602,2,"Average product, nothing special.",2025-08-11,store-b
REV-000773,PROD-A-00145,CUST-A-00115,4,"Okay for the price, gets the job done.",2025-05-07,store-a
REV-000774,PB-00258,CB-01362,4,"Broke after two weeks, terrible quality.",2025-06-14,store-b
REV-000775,PB-00259,CB-00790,3,"Broke after two weeks, terrible quality.",2025-05-19,store-b
REV-000776,PROD-A-00304,CUST-A-00979,4,Quality could be better for the price.,2025-06-20,store-a
REV-000777,PB-00212,CB-01255,2,"Okay for the price, gets the job done.",2025-12-13,store-b
REV-000778,PB-00046,CB-00768,4,"Great product, exactly what I needed!",2025-11-30,store-b
REV-000779,PB-00059,CB-00651,2,"Not as described, very disappointed.",2025-02-20,store-b
REV-000780,PB-00366,CB-00115,4,Absolutely love it! Will buy again.,2025-07-23,store-b
REV-000781,PROD-A-00275,CUST-A-01726,5,"Not as described, very disappointed.",2025-08-05,store-a
REV-000782,PB-00258,CB-01449,2,"Excellent value for money, highly recommend!",2025-09-24,store-b
REV-000783,PROD-A-00118,CUST-A-00408,3,Exceeded my expectations in every way.,2024-04-09,store-a
REV-000784,PROD-A-00331,CUST-A-01124,4,"Great product, exactly what I needed!",2024-04-21,store-a
REV-000785,PROD-A-00350,CUST-A-00701,5,"Great product, exactly what I needed!",2024-03-24,store-a
REV-000786,PB-00325,CB-00682,2,Exceeded my expectations in every way.,2025-10-29,store-b
REV-000787,PROD-A-00115,CUST-A-00441,1,"Not as described, very disappointed.",2025-08-08,store-a
REV-000788,PB-00301,CB-00165,2,Quality could be better for the price.,2025-10-10,store-b
REV-000789,PROD-A-00196,CUST-A-01993,4,"Not as described, very disappointed.",2024-04-21,store-a
REV-000790,PROD-A-00150,CUST-A-00663,1,"Great product, exactly what I needed!",2024-11-02,store-a
REV-000791,PROD-A-00180,CUST-A-00112,2,Absolutely love it! Will buy again.,2024-03-03,store-a
REV-000792,PROD-A-00415,CUST-A-01039,5,Decent product for everyday use.,2024-07-05,store-a
REV-000793,PROD-A-00498,CUST-A-00500,5,Exceeded my expectations in every way.,2025-12-29,store-a
REV-000794,PB-00221,CB-00943,3,"Great product, exactly what I needed!",2024-06-30,store-b
REV-000795,PB-00212,CB-00773,2,"Average product, nothing special.",2024-10-27,store-b
REV-000796,PB-00041,CB-00172,3,"Okay for the price, gets the job done.",2025-05-25,store-b
REV-000797,PB-00242,CB-01020,3,"Okay for the price, gets the job done.",2025-11-14,store-b
REV-000798,PROD-A-00324,CUST-A-00410,3,"Okay for the price, gets the job done.",2024-12-24,store-a
REV-000799,PB-00348,CB-01291,5,"Average product, nothing special.",2024-01-20,store-b
REV-000800,PROD-A-00247,CUST-A-00939,2,Quality could be better for the price.,2025-02-28,store-a
REV-000801,PB-00031,CB-01045,3,Best purchase I've made this year!,2024-12-21,store-b
REV-000802,PROD-A-00477,CUST-A-00796,2,Quality could be better for the price.,2025-08-02,store-a
REV-000803,PB-00104,CB-01458,4,Exceeded my expectations in every way.,2024-09-26,store-b
REV-000804,PROD-A-00062,CUST-A-01567,2,"Okay for the price, gets the job done.",2025-02-02,store-a
REV-000805,PB-00396,CB-01378,1,"Not as described, very disappointed.",2025-11-03,store-b
REV-000806,PROD-A-00159,CUST-A-00849,5,Best purchase I've made this year!,2025-12-01,store-a
REV-000807,PROD-A-00398,CUST-A-01416,1,"Broke after two weeks, terrible quality.",2024-06-10,store-a
REV-000808,PROD-A-00448,CUST-A-01571,3,"Broke after two weeks, terrible quality.",2025-05-25,store-a
REV-000809,PROD-A-00294,CUST-A-00719,1,Decent product for everyday use.,2024-01-15,store-a
REV-000810,PB-00241,CB-00785,2,Good but shipping was too slow.,2025-09-22,store-b
REV-000811,PROD-A-00264,CUST-A-01883,1,"Would not recommend, poor build quality.",2024-02-03,store-a
REV-000812,PROD-A-00115,CUST-A-01863,3,Decent product for everyday use.,2025-12-09,store-a
REV-000813,PB-00046,CB-00417,4,"Excellent value for money, highly recommend!",2025-12-05,store-b
REV-000814,PROD-A-00450,CUST-A-01925,3,"Okay for the price, gets the job done.",2025-03-20,store-a
REV-000815,PB-00344,CB-00748,1,"Perfect gift, the recipient loved it!",2024-06-23,store-b
REV-000816,PB-00139,CB-01413,3,Good but shipping was too slow.,2024-04-13,store-b
REV-000817,PB-00053,CB-00918,5,Decent product for everyday use.,2025-06-06,store-b
REV-000818,PROD-A-00175,CUST-A-00483,4,Quality could be better for the price.,2024-08-29,store-a
REV-000819,PROD-A-00094,CUST-A-01875,1,"Excellent value for money, highly recommend!",2025-08-09,store-a
REV-000820,PB-00257,CB-00410,3,Exceeded my expectations in every way.,2024-04-15,store-b
REV-000821,PROD-A-00154,CUST-A-00902,3,Decent product for everyday use.,2024-11-04,store-a
REV-000822,PROD-A-00275,CUST-A-00798,4,"Great product, exactly what I needed!",2025-09-06,store-a
REV-000823,PB-00043,CB-01405,4,Good but shipping was too slow.,2024-10-02,store-b
REV-000824,PB-00265,CB-00838,4,Arrived on time and works perfectly.,2024-08-03,store-b
REV-000825,PB-00103,CB-01215,4,"Not as described, very disappointed.",2025-07-11,store-b
REV-000826,PROD-A-00054,CUST-A-01411,5,"Perfect gift, the recipient loved it!",2025-09-23,store-a
REV-000827,PROD-A-00311,CUST-A-00591,3,"Excellent value for money, highly recommend!",2024-05-08,store-a
REV-000828,PROD-A-00190,CUST-A-00776,3,"Excellent value for money, highly recommend!",2024-12-11,store-a
REV-000829,PB-00052,CB-01015,5,"Average product, nothing special.",2025-07-31,store-b
REV-000830,PROD-A-00144,CUST-A-01000,3,"Not as described, very disappointed.",2025-07-26,store-a
REV-000831,PROD-A-00230,CUST-A-00477,1,"Not as described, very disappointed.",2024-12-12,store-a
REV-000832,PROD-A-00163,CUST-A-00352,3,"Excellent value for money, highly recommend!",2024-07-13,store-a
REV-000833,PROD-A-00202,CUST-A-00043,5,"Would not recommend, poor build quality.",2024-02-15,store-a
REV-000834,PROD-A-00406,CUST-A-00640,5,"Okay for the price, gets the job done.",2025-08-06,store-a
REV-000835,PROD-A-00366,CUST-A-01026,4,Decent product for everyday use.,2024-06-10,store-a
REV-000836,PROD-A-00051,CUST-A-01986,2,"Perfect gift, the recipient loved it!",2025-05-04,store-a
REV-000837,PROD-A-00420,CUST-A-00136,1,"Not as described, very disappointed.",2025-07-08,store-a
REV-000838,PROD-A-00239,CUST-A-00214,1,"Broke after two weeks, terrible quality.",2025-09-18,store-a
REV-000839,PB-00359,CB-00424,5,Absolutely love it! Will buy again.,2025-05-18,store-b
REV-000840,PB-00046,CB-00542,4,Quality could be better for the price.,2025-11-11,store-b
REV-000841,PROD-A-00089,CUST-A-00953,3,Decent product for everyday use.,2024-05-23,store-a
REV-000842,PB-00221,CB-00642,3,Good but shipping was too slow.,2024-04-15,store-b
REV-000843,PROD-A-00116,CUST-A-01999,1,"Perfect gift, the recipient loved it!",2025-11-23,store-a
REV-000844,PROD-A-00004,CUST-A-01891,3,Decent product for everyday use.,2024-06-10,store-a
REV-000845,PROD-A-00070,CUST-A-01179,2,"Broke after two weeks, terrible quality.",2025-08-06,store-a
REV-000846,PROD-A-00358,CUST-A-00138,4,"Broke after two weeks, terrible quality.",2024-05-26,store-a
REV-000847,PB-00215,CB-01379,2,"Perfect gift, the recipient loved it!",2025-07-22,store-b
REV-000848,PROD-A-00355,CUST-A-00744,2,"Not as described, very disappointed.",2024-12-27,store-a
REV-000849,PB-00152,CB-00837,4,"Not as described, very disappointed.",2025-11-19,store-b
REV-000850,PROD-A-00150,CUST-A-00020,3,Good but shipping was too slow.,2025-08-17,store-a
REV-000851,PROD-A-00012,CUST-A-01095,4,"Excellent value for money, highly recommend!",2024-05-14,store-a
REV-000852,PROD-A-00387,CUST-A-01030,1,Decent product for everyday use.,2024-07-17,store-a
REV-000853,PROD-A-00247,CUST-A-01662,4,"Excellent value for money, highly recommend!",2024-03-30,store-a
REV-000854,PB-00275,CB-00046,3,Exceeded my expectations in every way.,2025-02-26,store-b
REV-000855,PB-00180,CB-01464,4,"Perfect gift, the recipient loved it!",2025-08-12,store-b
REV-000856,PROD-A-00043,CUST-A-00149,4,"Okay for the price, gets the job done.",2025-06-23,store-a
REV-000857,PROD-A-00195,CUST-A-00760,2,Good but shipping was too slow.,2025-08-01,store-a
REV-000858,PROD-A-00239,CUST-A-01264,4,"Average product, nothing special.",2024-06-30,store-a
REV-000859,PROD-A-00422,CUST-A-01506,3,Arrived on time and works perfectly.,2025-07-21,store-a
REV-000860,PB-00139,CB-00017,5,Best purchase I've made this year!,2024-06-12,store-b
REV-000861,PB-00138,CB-00085,3,"Not as described, very disappointed.",2025-05-30,store-b
REV-000862,PROD-A-00146,CUST-A-01905,5,"Not as described, very disappointed.",2024-08-07,store-a
REV-000863,PB-00127,CB-00135,1,Decent product for everyday use.,2025-09-27,store-b
REV-000864,PB-00102,CB-01024,4,Best purchase I've made this year!,2025-12-18,store-b
REV-000865,PROD-A-00481,CUST-A-01210,4,"Okay for the price, gets the job done.",2024-09-03,store-a
REV-000866,PROD-A-00082,CUST-A-00647,1,"Not as described, very disappointed.",2025-06-04,store-a
REV-000867,PROD-A-00072,CUST-A-01149,3,Good but shipping was too slow.,2025-02-08,store-a
REV-000868,PB-00134,CB-00353,3,Best purchase I've made this year!,2025-09-24,store-b
REV-000869,PB-00240,CB-01241,3,Arrived on time and works perfectly.,2025-01-09,store-b
REV-000870,PB-00332,CB-01201,5,"Perfect gift, the recipient loved it!",2024-11-26,store-b
REV-000871,PB-00264,CB-00531,2,Quality could be better for the price.,2024-02-24,store-b
REV-000872,PB-00239,CB-00758,3,"Would not recommend, poor build quality.",2025-02-26,store-b
REV-000873,PROD-A-00420,CUST-A-01030,3,"Would not recommend, poor build quality.",2025-07-13,store-a
REV-000874,PROD-A-00372,CUST-A-00516,3,"Not as described, very disappointed.",2024-02-10,store-a
REV-000875,PROD-A-00172,CUST-A-00881,2,Exceeded my expectations in every way.,2024-08-10,store-a
REV-000876,PB-00208,CB-00011,2,Exceeded my expectations in every way.,2025-10-08,store-b
REV-000877,PROD-A-00416,CUST-A-01186,5,"Average product, nothing special.",2024-12-04,store-a
REV-000878,PROD-A-00195,CUST-A-00582,5,"Great product, exactly what I needed!",2024-04-16,store-a
REV-000879,PROD-A-00400,CUST-A-01848,1,Exceeded my expectations in every way.,2025-04-22,store-a
REV-000880,PROD-A-00057,CUST-A-01930,1,"Perfect gift, the recipient loved it!",2025-10-01,store-a
REV-000881,PROD-A-00477,CUST-A-00287,3,"Not as described, very disappointed.",2025-08-24,store-a
REV-000882,PROD-A-00204,CUST-A-01374,4,"Would not recommend, poor build quality.",2024-03-25,store-a
REV-000883,PB-00060,CB-01023,1,"Not as described, very disappointed.",2024-06-01,store-b
REV-000884,PROD-A-00016,CUST-A-00925,5,"Average product, nothing special.",2025-10-21,store-a
REV-000885,PROD-A-00128,CUST-A-01346,5,"Average product, nothing special.",2025-09-10,store-a
REV-000886,PROD-A-00125,CUST-A-01843,5,"Average product, nothing special.",2024-05-21,store-a
REV-000887,PB-00153,CB-00591,3,"Okay for the price, gets the job done.",2025-03-22,store-b
REV-000888,PROD-A-00219,CUST-A-01730,2,"Excellent value for money, highly recommend!",2025-09-10,store-a
REV-000889,PROD-A-00125,CUST-A-00398,2,"Broke after two weeks, terrible quality.",2025-08-09,store-a
REV-000890,PROD-A-00207,CUST-A-01320,3,Best purchase I've made this year!,2025-06-11,store-a
REV-000891,PB-00321,CB-00699,4,Best purchase I've made this year!,2024-07-19,store-b
REV-000892,PROD-A-00266,CUST-A-00766,5,"Not as described, very disappointed.",2024-03-18,store-a
REV-000893,PROD-A-00482,CUST-A-00387,2,"Would not recommend, poor build quality.",2024-07-17,store-a
REV-000894,PROD-A-00496,CUST-A-00421,1,"Would not recommend, poor build quality.",2024-01-16,store-a
REV-000895,PROD-A-00190,CUST-A-00961,5,Absolutely love it! Will buy again.,2024-07-08,store-a
REV-000896,PROD-A-00406,CUST-A-01878,5,Decent product for everyday use.,2025-06-13,store-a
REV-000897,PROD-A-00300,CUST-A-01327,3,"Average product, nothing special.",2024-08-18,store-a
REV-000898,PROD-A-00417,CUST-A-01328,2,Exceeded my expectations in every way.,2025-02-09,store-a
REV-000899,PROD-A-00456,CUST-A-01244,2,"Great product, exactly what I needed!",2024-11-18,store-a
REV-000900,PROD-A-00247,CUST-A-00851,5,"Average product, nothing special.",2024-03-11,store-a
REV-000901,PROD-A-00220,CUST-A-01254,4,Exceeded my expectations in every way.,2024-10-09,store-a
REV-000902,PB-00103,CB-00031,3,Quality could be better for the price.,2024-09-28,store-b
REV-000903,PROD-A-00364,CUST-A-01711,2,"Okay for the price, gets the job done.",2024-09-29,store-a
REV-000904,PB-00023,CB-00002,1,Exceeded my expectations in every way.,2024-01-20,store-b
REV-000905,PROD-A-00091,CUST-A-00475,5,"Great product, exactly what I needed!",2024-09-20,store-a
REV-000906,PROD-A-00121,CUST-A-00627,4,Decent product for everyday use.,2025-05-29,store-a
REV-000907,PROD-A-00381,CUST-A-00650,1,"Would not recommend, poor build quality.",2024-12-10,store-a
REV-000908,PROD-A-00231,CUST-A-00229,5,"Average product, nothing special.",2025-06-18,store-a
REV-000909,PROD-A-00073,CUST-A-01074,5,Quality could be better for the price.,2024-12-19,store-a
REV-000910,PB-00396,CB-00808,2,Absolutely love it! Will buy again.,2024-09-26,store-b
REV-000911,PROD-A-00017,CUST-A-00285,4,"Broke after two weeks, terrible quality.",2024-08-13,store-a
REV-000912,PB-00328,CB-00459,5,"Great product, exactly what I needed!",2024-11-03,store-b
REV-000913,PB-00292,CB-00433,3,"Perfect gift, the recipient loved it!",2024-06-03,store-b
REV-000914,PB-00004,CB-00356,3,Absolutely love it! Will buy again.,2025-11-22,store-b
REV-000915,PB-00299,CB-01284,4,"Great product, exactly what I needed!",2025-09-11,store-b
REV-000916,PROD-A-00311,CUST-A-00773,3,"Average product, nothing special.",2024-06-13,store-a
REV-000917,PROD-A-00067,CUST-A-01191,2,"Average product, nothing special.",2024-05-17,store-a
REV-000918,PROD-A-00015,CUST-A-01278,1,"Would not recommend, poor build quality.",2024-10-18,store-a
REV-000919,PROD-A-00440,CUST-A-00467,5,Best purchase I've made this year!,2025-05-28,store-a
REV-000920,PROD-A-00223,CUST-A-01483,5,Exceeded my expectations in every way.,2025-07-30,store-a
REV-000921,PB-00320,CB-00281,1,Absolutely love it! Will buy again.,2025-07-14,store-b
REV-000922,PROD-A-00356,CUST-A-00459,5,"Broke after two weeks, terrible quality.",2024-08-09,store-a
REV-000923,PROD-A-00490,CUST-A-00477,5,"Would not recommend, poor build quality.",2024-04-28,store-a
REV-000924,PROD-A-00365,CUST-A-00917,2,"Excellent value for money, highly recommend!",2025-10-11,store-a
REV-000925,PROD-A-00478,CUST-A-01807,2,"Okay for the price, gets the job done.",2025-09-11,store-a
REV-000926,PROD-A-00118,CUST-A-01671,2,"Broke after two weeks, terrible quality.",2025-08-21,store-a
REV-000927,PROD-A-00170,CUST-A-01239,1,Best purchase I've made this year!,2025-10-28,store-a
REV-000928,PROD-A-00481,CUST-A-00866,3,Good but shipping was too slow.,2025-04-18,store-a
REV-000929,PROD-A-00113,CUST-A-01417,4,"Would not recommend, poor build quality.",2024-11-29,store-a
REV-000930,PROD-A-00466,CUST-A-01715,1,Arrived on time and works perfectly.,2024-05-24,store-a
REV-000931,PB-00010,CB-00638,4,"Would not recommend, poor build quality.",2024-05-15,store-b
REV-000932,PB-00352,CB-00898,1,Good but shipping was too slow.,2025-11-25,store-b
REV-000933,PROD-A-00150,CUST-A-01859,1,"Excellent value for money, highly recommend!",2024-12-30,store-a
REV-000934,PROD-A-00009,CUST-A-00164,3,Quality could be better for the price.,2024-08-18,store-a
REV-000935,PROD-A-00111,CUST-A-00859,4,"Excellent value for money, highly recommend!",2025-05-27,store-a
REV-000936,PB-00369,CB-01408,2,"Okay for the price, gets the job done.",2025-01-01,store-b
REV-000937,PROD-A-00458,CUST-A-01094,2,"Average product, nothing special.",2025-07-24,store-a
REV-000938,PROD-A-00107,CUST-A-01768,1,"Perfect gift, the recipient loved it!",2025-02-25,store-a
REV-000939,PROD-A-00330,CUST-A-00266,4,"Perfect gift, the recipient loved it!",2025-03-05,store-a
REV-000940,PROD-A-00468,CUST-A-00407,4,"Would not recommend, poor build quality.",2025-12-01,store-a
REV-000941,PB-00008,CB-00813,2,"Okay for the price, gets the job done.",2024-02-08,store-b
REV-000942,PROD-A-00003,CUST-A-00812,4,"Okay for the price, gets the job done.",2024-06-23,store-a
REV-000943,PROD-A-00073,CUST-A-01669,4,"Broke after two weeks, terrible quality.",2025-12-28,store-a
REV-000944,PB-00158,CB-00828,4,"Would not recommend, poor build quality.",2024-01-18,store-b
REV-000945,PB-00239,CB-00034,4,"Okay for the price, gets the job done.",2024-07-08,store-b
REV-000946,PROD-A-00066,CUST-A-01286,1,"Would not recommend, poor build quality.",2024-04-29,store-a
REV-000947,PROD-A-00113,CUST-A-01272,1,"Broke after two weeks, terrible quality.",2024-01-21,store-a
REV-000948,PB-00020,CB-00687,2,"Great product, exactly what I needed!",2024-02-05,store-b
REV-000949,PROD-A-00268,CUST-A-00857,3,"Broke after two weeks, terrible quality.",2024-10-07,store-a
REV-000950,PROD-A-00047,CUST-A-01028,4,"Not as described, very disappointed.",2025-09-26,store-a
REV-000951,PB-00057,CB-00661,1,"Not as described, very disappointed.",2024-07-29,store-b
REV-000952,PB-00112,CB-00993,5,"Average product, nothing special.",2024-01-22,store-b
REV-000953,PROD-A-00400,CUST-A-00797,4,"Not as described, very disappointed.",2025-01-02,store-a
REV-000954,PROD-A-00311,CUST-A-00849,2,Good but shipping was too slow.,2024-09-29,store-a
REV-000955,PB-00071,CB-00960,3,Absolutely love it! Will buy again.,2024-01-03,store-b
REV-000956,PROD-A-00036,CUST-A-01394,5,Arrived on time and works perfectly.,2025-04-03,store-a
REV-000957,PROD-A-00361,CUST-A-01744,2,"Would not recommend, poor build quality.",2024-06-19,store-a
REV-000958,PROD-A-00375,CUST-A-01098,1,"Would not recommend, poor build quality.",2024-08-24,store-a
REV-000959,PROD-A-00198,CUST-A-01626,2,Best purchase I've made this year!,2024-07-20,store-a
REV-000960,PROD-A-00408,CUST-A-00624,5,Good but shipping was too slow.,2025-06-26,store-a
REV-000961,PROD-A-00174,CUST-A-01286,3,"Excellent value for money, highly recommend!",2024-05-01,store-a
REV-000962,PB-00072,CB-00005,4,"Not as described, very disappointed.",2024-05-26,store-b
REV-000963,PROD-A-00167,CUST-A-00379,5,Quality could be better for the price.,2025-09-17,store-a
REV-000964,PB-00309,CB-01078,2,"Okay for the price, gets the job done.",2025-11-09,store-b
REV-000965,PROD-A-00429,CUST-A-00277,4,"Not as described, very disappointed.",2025-05-12,store-a
REV-000966,PROD-A-00231,CUST-A-00657,5,"Not as described, very disappointed.",2024-09-23,store-a
REV-000967,PB-00121,CB-00247,5,Absolutely love it! Will buy again.,2025-11-14,store-b
REV-000968,PROD-A-00304,CUST-A-01430,5,Best purchase I've made this year!,2024-09-16,store-a
REV-000969,PB-00058,CB-00779,3,Quality could be better for the price.,2024-11-22,store-b
REV-000970,PB-00201,CB-00182,1,"Great product, exactly what I needed!",2024-02-01,store-b
REV-000971,PB-00229,CB-00176,1,Exceeded my expectations in every way.,2025-04-09,store-b
REV-000972,PB-00358,CB-00583,2,Good but shipping was too slow.,2024-05-14,store-b
REV-000973,PROD-A-00335,CUST-A-00804,5,"Excellent value for money, highly recommend!",2024-06-29,store-a
REV-000974,PB-00365,CB-01301,4,Decent product for everyday use.,2024-01-14,store-b
REV-000975,PROD-A-00224,CUST-A-01548,5,Arrived on time and works perfectly.,2024-02-27,store-a
REV-000976,PROD-A-00290,CUST-A-00079,5,Arrived on time and works perfectly.,2024-09-10,store-a
REV-000977,PROD-A-00324,CUST-A-00881,5,"Not as described, very disappointed.",2025-07-04,store-a
REV-000978,PROD-A-00273,CUST-A-00793,5,"Not as described, very disappointed.",2024-09-27,store-a
REV-000979,PROD-A-00464,CUST-A-00174,3,"Perfect gift, the recipient loved it!",2024-09-10,store-a
REV-000980,PB-00013,CB-00623,1,Decent product for everyday use.,2024-11-12,store-b
REV-000981,PB-00326,CB-01096,5,Best purchase I've made this year!,2025-08-14,store-b
REV-000982,PB-00061,CB-01188,3,Arrived on time and works perfectly.,2024-10-25,store-b
REV-000983,PB-00150,CB-00884,2,"Great product, exactly what I needed!",2024-02-19,store-b
REV-000984,PB-00322,CB-01279,3,"Excellent value for money, highly recommend!",2024-06-26,store-b
REV-000985,PB-00052,CB-00839,3,"Great product, exactly what I needed!",2024-12-11,store-b
REV-000986,PROD-A-00215,CUST-A-00144,4,Best purchase I've made this year!,2024-10-03,store-a
REV-000987,PB-00217,CB-00124,1,"Would not recommend, poor build quality.",2025-10-28,store-b
REV-000988,PROD-A-00282,CUST-A-01713,5,Arrived on time and works perfectly.,2024-03-25,store-a
REV-000989,PROD-A-00415,CUST-A-01884,2,"Not as described, very disappointed.",2024-01-24,store-a
REV-000990,PB-00119,CB-01161,4,"Okay for the price, gets the job done.",2025-12-07,store-b
REV-000991,PROD-A-00239,CUST-A-00745,1,"Okay for the price, gets the job done.",2025-01-01,store-a
REV-000992,PROD-A-00009,CUST-A-00902,4,Absolutely love it! Will buy again.,2024-08-22,store-a
REV-000993,PROD-A-00026,CUST-A-00461,4,Arrived on time and works perfectly.,2024-10-01,store-a
REV-000994,PB-00124,CB-00381,5,Exceeded my expectations in every way.,2025-12-06,store-b
REV-000995,PROD-A-00298,CUST-A-01644,4,Decent product for everyday use.,2025-11-24,store-a
REV-000996,PROD-A-00465,CUST-A-01587,5,"Not as described, very disappointed.",2024-01-26,store-a
REV-000997,PROD-A-00464,CUST-A-01917,1,"Broke after two weeks, terrible quality.",2024-08-19,store-a
REV-000998,PROD-A-00202,CUST-A-01125,4,Quality could be better for the price.,2025-10-08,store-a
REV-000999,PROD-A-00159,CUST-A-01528,5,Best purchase I've made this year!,2024-11-14,store-a
REV-001000,PB-00091,CB-00470,2,"Broke after two weeks, terrible quality.",2025-10-20,store-b
REV-001001,PROD-A-00060,CUST-A-01725,3,"Excellent value for money, highly recommend!",2025-12-16,store-a
REV-001002,PB-00030,CB-00138,1,Decent product for everyday use.,2024-10-24,store-b
REV-001003,PROD-A-00188,CUST-A-00025,5,"Broke after two weeks, terrible quality.",2024-09-01,store-a
REV-001004,PROD-A-00450,CUST-A-00575,4,"Not as described, very disappointed.",2025-06-28,store-a
REV-001005,PROD-A-00330,CUST-A-01021,1,"Broke after two weeks, terrible quality.",2024-08-07,store-a
REV-001006,PROD-A-00357,CUST-A-01138,2,Quality could be better for the price.,2025-09-27,store-a
REV-001007,PROD-A-00465,CUST-A-01988,3,Quality could be better for the price.,2025-04-07,store-a
REV-001008,PB-00178,CB-01417,5,Arrived on time and works perfectly.,2025-03-29,store-b
REV-001009,PB-00370,CB-00856,3,"Broke after two weeks, terrible quality.",2025-04-16,store-b
REV-001010,PROD-A-00123,CUST-A-00702,3,"Not as described, very disappointed.",2024-06-07,store-a
REV-001011,PROD-A-00152,CUST-A-00486,3,"Broke after two weeks, terrible quality.",2025-10-26,store-a
REV-001012,PROD-A-00493,CUST-A-01194,5,"Average product, nothing special.",2024-03-16,store-a
REV-001013,PROD-A-00201,CUST-A-01065,2,"Perfect gift, the recipient loved it!",2024-04-06,store-a
REV-001014,PB-00107,CB-01177,3,"Okay for the price, gets the job done.",2025-07-20,store-b
REV-001015,PB-00147,CB-00946,2,"Perfect gift, the recipient loved it!",2024-10-18,store-b
REV-001016,PB-00228,CB-00672,1,Arrived on time and works perfectly.,2024-04-14,store-b
REV-001017,PB-00070,CB-00302,4,Arrived on time and works perfectly.,2024-09-08,store-b
REV-001018,PB-00145,CB-00055,2,"Excellent value for money, highly recommend!",2024-05-26,store-b
REV-001019,PB-00090,CB-00757,1,Absolutely love it! Will buy again.,2025-07-31,store-b
REV-001020,PROD-A-00363,CUST-A-00857,3,Decent product for everyday use.,2025-09-13,store-a
REV-001021,PROD-A-00358,CUST-A-00213,3,"Perfect gift, the recipient loved it!",2025-09-05,store-a
REV-001022,PB-00006,CB-00493,3,"Great product, exactly what I needed!",2024-07-18,store-b
REV-001023,PROD-A-00195,CUST-A-01594,3,Absolutely love it! Will buy again.,2024-12-22,store-a
REV-001024,PB-00047,CB-00972,4,"Average product, nothing special.",2025-05-09,store-b
REV-001025,PROD-A-00415,CUST-A-00926,5,"Average product, nothing special.",2025-10-27,store-a
REV-001026,PB-00326,CB-00945,2,Good but shipping was too slow.,2025-07-30,store-b
REV-001027,PROD-A-00329,CUST-A-00084,3,Best purchase I've made this year!,2024-02-08,store-a
REV-001028,PROD-A-00156,CUST-A-00235,5,"Perfect gift, the recipient loved it!",2024-08-09,store-a
REV-001029,PROD-A-00267,CUST-A-00555,5,"Great product, exactly what I needed!",2025-06-18,store-a
REV-001030,PROD-A-00352,CUST-A-00134,5,Decent product for everyday use.,2025-09-24,store-a
REV-001031,PROD-A-00477,CUST-A-00168,1,"Would not recommend, poor build quality.",2024-06-14,store-a
REV-001032,PB-00228,CB-00381,2,Quality could be better for the price.,2025-03-08,store-b
REV-001033,PROD-A-00052,CUST-A-00706,5,Arrived on time and works perfectly.,2024-09-22,store-a
REV-001034,PROD-A-00339,CUST-A-01211,2,"Perfect gift, the recipient loved it!",2024-08-10,store-a
REV-001035,PROD-A-00344,CUST-A-01025,5,"Not as described, very disappointed.",2024-05-14,store-a
REV-001036,PROD-A-00397,CUST-A-00425,4,"Excellent value for money, highly recommend!",2025-09-14,store-a
REV-001037,PB-00368,CB-00874,3,Best purchase I've made this year!,2024-10-26,store-b
REV-001038,PB-00054,CB-00449,3,"Perfect gift, the recipient loved it!",2024-09-02,store-b
REV-001039,PB-00235,CB-01093,3,"Perfect gift, the recipient loved it!",2024-08-15,store-b
REV-001040,PB-00057,CB-00395,5,Arrived on time and works perfectly.,2024-11-02,store-b
REV-001041,PROD-A-00404,CUST-A-00299,1,"Perfect gift, the recipient loved it!",2025-09-14,store-a
REV-001042,PB-00385,CB-00159,5,"Okay for the price, gets the job done.",2024-08-11,store-b
REV-001043,PROD-A-00215,CUST-A-00473,2,"Excellent value for money, highly recommend!",2024-04-21,store-a
REV-001044,PROD-A-00205,CUST-A-01133,4,"Excellent value for money, highly recommend!",2025-04-01,store-a
REV-001045,PROD-A-00427,CUST-A-00003,1,Best purchase I've made this year!,2024-08-15,store-a
REV-001046,PROD-A-00279,CUST-A-01238,4,Good but shipping was too slow.,2024-03-13,store-a
REV-001047,PROD-A-00374,CUST-A-00894,4,"Would not recommend, poor build quality.",2024-02-14,store-a
REV-001048,PROD-A-00401,CUST-A-01342,4,"Excellent value for money, highly recommend!",2025-02-03,store-a
REV-001049,PB-00340,CB-00999,4,"Broke after two weeks, terrible quality.",2024-12-29,store-b
REV-001050,PB-00073,CB-01419,3,"Excellent value for money, highly recommend!",2025-01-20,store-b
REV-001051,PB-00166,CB-00371,3,Arrived on time and works perfectly.,2024-02-13,store-b
REV-001052,PROD-A-00376,CUST-A-00769,5,Good but shipping was too slow.,2024-03-08,store-a
REV-001053,PROD-A-00171,CUST-A-01463,1,Best purchase I've made this year!,2024-10-23,store-a
REV-001054,PROD-A-00496,CUST-A-00813,5,"Broke after two weeks, terrible quality.",2024-02-11,store-a
REV-001055,PROD-A-00139,CUST-A-00443,3,"Perfect gift, the recipient loved it!",2024-06-12,store-a
REV-001056,PB-00128,CB-00599,3,"Perfect gift, the recipient loved it!",2025-12-14,store-b
REV-001057,PROD-A-00074,CUST-A-00215,4,"Excellent value for money, highly recommend!",2025-01-24,store-a
REV-001058,PROD-A-00206,CUST-A-01255,5,Quality could be better for the price.,2024-05-10,store-a
REV-001059,PROD-A-00456,CUST-A-01839,2,"Average product, nothing special.",2025-08-19,store-a
REV-001060,PB-00384,CB-00911,2,"Perfect gift, the recipient loved it!",2025-04-11,store-b
REV-001061,PROD-A-00403,CUST-A-00034,5,"Excellent value for money, highly recommend!",2025-04-05,store-a
REV-001062,PB-00022,CB-00934,5,"Average product, nothing special.",2025-06-14,store-b
REV-001063,PB-00152,CB-00240,3,Exceeded my expectations in every way.,2024-01-22,store-b
REV-001064,PB-00373,CB-01391,4,Quality could be better for the price.,2024-10-13,store-b
REV-001065,PROD-A-00154,CUST-A-01841,1,"Perfect gift, the recipient loved it!",2024-10-16,store-a
REV-001066,PROD-A-00181,CUST-A-01810,2,"Not as described, very disappointed.",2024-01-21,store-a
REV-001067,PROD-A-00200,CUST-A-00037,4,"Not as described, very disappointed.",2024-12-20,store-a
REV-001068,PB-00215,CB-01417,4,"Great product, exactly what I needed!",2024-03-24,store-b
REV-001069,PROD-A-00308,CUST-A-00023,4,"Okay for the price, gets the job done.",2024-09-19,store-a
REV-001070,PB-00381,CB-00512,3,"Would not recommend, poor build quality.",2025-09-15,store-b
REV-001071,PB-00370,CB-01094,5,"Excellent value for money, highly recommend!",2025-04-27,store-b
REV-001072,PB-00067,CB-00356,3,Quality could be better for the price.,2024-11-11,store-b
REV-001073,PROD-A-00180,CUST-A-01624,4,"Perfect gift, the recipient loved it!",2025-12-28,store-a
REV-001074,PROD-A-00209,CUST-A-01977,3,"Average product, nothing special.",2024-10-05,store-a
REV-001075,PROD-A-00385,CUST-A-01346,2,Absolutely love it! Will buy again.,2024-10-18,store-a
REV-001076,PROD-A-00183,CUST-A-01682,2,Exceeded my expectations in every way.,2025-10-23,store-a
REV-001077,PB-00195,CB-00059,4,"Would not recommend, poor build quality.",2024-01-13,store-b
REV-001078,PB-00310,CB-00153,5,Absolutely love it! Will buy again.,2024-03-03,store-b
REV-001079,PB-00384,CB-00551,5,Best purchase I've made this year!,2025-09-09,store-b
REV-001080,PB-00212,CB-00420,1,"Not as described, very disappointed.",2024-01-04,store-b
REV-001081,PROD-A-00404,CUST-A-00900,3,"Okay for the price, gets the job done.",2024-08-20,store-a
REV-001082,PB-00113,CB-00527,4,"Average product, nothing special.",2024-06-18,store-b
REV-001083,PB-00186,CB-00331,2,"Great product, exactly what I needed!",2024-05-18,store-b
REV-001084,PROD-A-00372,CUST-A-01540,4,Exceeded my expectations in every way.,2025-10-31,store-a
REV-001085,PROD-A-00056,CUST-A-01658,5,"Excellent value for money, highly recommend!",2024-12-26,store-a
REV-001086,PROD-A-00247,CUST-A-01691,3,Decent product for everyday use.,2024-06-23,store-a
REV-001087,PROD-A-00275,CUST-A-00301,4,"Perfect gift, the recipient loved it!",2024-12-30,store-a
REV-001088,PROD-A-00431,CUST-A-01841,3,Quality could be better for the price.,2024-06-16,store-a
REV-001089,PB-00299,CB-00837,5,Quality could be better for the price.,2025-12-30,store-b
REV-001090,PB-00001,CB-00477,5,Good but shipping was too slow.,2024-02-15,store-b
REV-001091,PROD-A-00049,CUST-A-00448,5,Best purchase I've made this year!,2024-06-02,store-a
REV-001092,PB-00109,CB-01273,5,Quality could be better for the price.,2024-07-15,store-b
REV-001093,PB-00233,CB-01497,4,"Excellent value for money, highly recommend!",2024-05-01,store-b
REV-001094,PB-00149,CB-00722,3,"Perfect gift, the recipient loved it!",2025-04-25,store-b
REV-001095,PB-00201,CB-00818,3,"Perfect gift, the recipient loved it!",2025-11-18,store-b
REV-001096,PROD-A-00001,CUST-A-01274,3,Best purchase I've made this year!,2024-08-27,store-a
REV-001097,PROD-A-00052,CUST-A-01574,2,"Perfect gift, the recipient loved it!",2025-06-22,store-a
REV-001098,PROD-A-00319,CUST-A-01916,2,Exceeded my expectations in every way.,2024-08-10,store-a
REV-001099,PB-00029,CB-00608,3,"Okay for the price, gets the job done.",2025-12-14,store-b
REV-001100,PB-00265,CB-00273,1,"Perfect gift, the recipient loved it!",2025-08-11,store-b
REV-001101,PROD-A-00417,CUST-A-01298,1,Decent product for everyday use.,2025-05-14,store-a
REV-001102,PROD-A-00328,CUST-A-01491,2,"Broke after two weeks, terrible quality.",2024-05-14,store-a
REV-001103,PB-00006,CB-00790,4,"Broke after two weeks, terrible quality.",2025-01-22,store-b
REV-001104,PROD-A-00239,CUST-A-00516,3,"Would not recommend, poor build quality.",2024-09-04,store-a
REV-001105,PB-00071,CB-00042,4,Good but shipping was too slow.,2025-10-01,store-b
REV-001106,PROD-A-00274,CUST-A-00690,3,Absolutely love it! Will buy again.,2024-08-13,store-a
REV-001107,PB-00159,CB-01165,1,"Great product, exactly what I needed!",2025-11-03,store-b
REV-001108,PROD-A-00471,CUST-A-01078,2,Good but shipping was too slow.,2024-02-17,store-a
REV-001109,PROD-A-00184,CUST-A-00035,2,"Not as described, very disappointed.",2025-06-03,store-a
REV-001110,PROD-A-00411,CUST-A-01954,2,Absolutely love it! Will buy again.,2024-08-15,store-a
REV-001111,PROD-A-00277,CUST-A-00791,5,"Okay for the price, gets the job done.",2025-08-27,store-a
REV-001112,PROD-A-00005,CUST-A-00577,1,"Perfect gift, the recipient loved it!",2024-05-22,store-a
REV-001113,PROD-A-00425,CUST-A-00229,5,"Okay for the price, gets the job done.",2024-06-03,store-a
REV-001114,PROD-A-00140,CUST-A-01694,2,"Okay for the price, gets the job done.",2025-06-06,store-a
REV-001115,PROD-A-00082,CUST-A-01416,4,"Average product, nothing special.",2024-05-13,store-a
REV-001116,PB-00064,CB-00275,1,"Okay for the price, gets the job done.",2025-09-17,store-b
REV-001117,PROD-A-00316,CUST-A-01238,2,Quality could be better for the price.,2025-06-05,store-a
REV-001118,PROD-A-00112,CUST-A-00303,4,Arrived on time and works perfectly.,2024-02-17,store-a
REV-001119,PROD-A-00469,CUST-A-01836,3,"Excellent value for money, highly recommend!",2025-06-01,store-a
REV-001120,PROD-A-00256,CUST-A-00233,2,Quality could be better for the price.,2024-07-22,store-a
REV-001121,PROD-A-00148,CUST-A-00225,4,Exceeded my expectations in every way.,2025-02-19,store-a
REV-001122,PB-00263,CB-01429,2,"Great product, exactly what I needed!",2024-06-22,store-b
REV-001123,PROD-A-00155,CUST-A-01239,2,"Excellent value for money, highly recommend!",2025-04-28,store-a
REV-001124,PROD-A-00490,CUST-A-01516,2,"Perfect gift, the recipient loved it!",2025-08-06,store-a
REV-001125,PROD-A-00402,CUST-A-01655,2,"Broke after two weeks, terrible quality.",2025-12-18,store-a
REV-001126,PROD-A-00320,CUST-A-00807,2,"Excellent value for money, highly recommend!",2024-06-24,store-a
REV-001127,PROD-A-00071,CUST-A-01098,4,"Excellent value for money, highly recommend!",2024-08-02,store-a
REV-001128,PB-00078,CB-00267,1,Best purchase I've made this year!,2024-12-23,store-b
REV-001129,PROD-A-00088,CUST-A-01438,1,"Broke after two weeks, terrible quality.",2025-08-04,store-a
REV-001130,PROD-A-00467,CUST-A-01564,3,Good but shipping was too slow.,2024-03-29,store-a
REV-001131,PB-00267,CB-00063,3,Quality could be better for the price.,2025-07-24,store-b
REV-001132,PROD-A-00001,CUST-A-00830,2,"Average product, nothing special.",2025-02-05,store-a
REV-001133,PB-00069,CB-00804,2,Best purchase I've made this year!,2024-10-21,store-b
REV-001134,PROD-A-00314,CUST-A-01734,2,Exceeded my expectations in every way.,2024-12-25,store-a
REV-001135,PB-00225,CB-00122,5,Good but shipping was too slow.,2024-04-03,store-b
REV-001136,PROD-A-00086,CUST-A-01182,4,"Great product, exactly what I needed!",2024-09-19,store-a
REV-001137,PB-00259,CB-00286,4,Best purchase I've made this year!,2024-07-09,store-b
REV-001138,PB-00367,CB-00577,2,"Broke after two weeks, terrible quality.",2024-06-15,store-b
REV-001139,PB-00357,CB-00253,1,Best purchase I've made this year!,2024-09-07,store-b
REV-001140,PROD-A-00349,CUST-A-00141,4,Quality could be better for the price.,2024-06-23,store-a
REV-001141,PB-00382,CB-01176,1,Quality could be better for the price.,2024-07-21,store-b
REV-001142,PB-00059,CB-00833,3,"Perfect gift, the recipient loved it!",2024-01-02,store-b
REV-001143,PB-00344,CB-01293,2,"Average product, nothing special.",2025-07-18,store-b
REV-001144,PB-00222,CB-00358,2,"Okay for the price, gets the job done.",2025-10-24,store-b
REV-001145,PROD-A-00422,CUST-A-00668,3,Arrived on time and works perfectly.,2025-06-24,store-a
REV-001146,PB-00161,CB-01062,5,"Not as described, very disappointed.",2024-02-21,store-b
REV-001147,PROD-A-00117,CUST-A-01304,5,"Not as described, very disappointed.",2024-09-12,store-a
REV-001148,PB-00214,CB-00823,5,"Perfect gift, the recipient loved it!",2025-01-18,store-b
REV-001149,PB-00348,CB-00587,1,Best purchase I've made this year!,2024-08-07,store-b
REV-001150,PB-00270,CB-00152,5,"Okay for the price, gets the job done.",2025-08-10,store-b
REV-001151,PROD-A-00481,CUST-A-00576,4,"Okay for the price, gets the job done.",2024-07-31,store-a
REV-001152,PB-00093,CB-01364,1,"Not as described, very disappointed.",2025-12-16,store-b
REV-001153,PROD-A-00487,CUST-A-00869,2,Good but shipping was too slow.,2024-04-17,store-a
REV-001154,PROD-A-00148,CUST-A-01350,3,"Would not recommend, poor build quality.",2025-04-29,store-a
REV-001155,PROD-A-00028,CUST-A-01368,1,Quality could be better for the price.,2025-07-20,store-a
REV-001156,PROD-A-00224,CUST-A-00072,5,"Broke after two weeks, terrible quality.",2025-03-10,store-a
REV-001157,PROD-A-00289,CUST-A-01123,5,Exceeded my expectations in every way.,2024-01-23,store-a
REV-001158,PROD-A-00031,CUST-A-00675,1,Good but shipping was too slow.,2025-03-07,store-a
REV-001159,PROD-A-00240,CUST-A-01725,2,"Average product, nothing special.",2024-08-15,store-a
REV-001160,PB-00314,CB-00777,1,"Great product, exactly what I needed!",2024-07-24,store-b
REV-001161,PB-00191,CB-00969,5,Good but shipping was too slow.,2025-05-07,store-b
REV-001162,PROD-A-00060,CUST-A-01333,3,Decent product for everyday use.,2024-03-06,store-a
REV-001163,PROD-A-00221,CUST-A-00578,4,"Would not recommend, poor build quality.",2025-12-13,store-a
REV-001164,PB-00151,CB-01169,3,"Broke after two weeks, terrible quality.",2024-03-03,store-b
REV-001165,PB-00014,CB-00187,3,"Excellent value for money, highly recommend!",2025-09-18,store-b
REV-001166,PROD-A-00231,CUST-A-00808,4,Absolutely love it! Will buy again.,2024-09-27,store-a
REV-001167,PROD-A-00083,CUST-A-01194,4,Best purchase I've made this year!,2024-11-18,store-a
REV-001168,PROD-A-00415,CUST-A-01781,3,"Broke after two weeks, terrible quality.",2024-04-13,store-a
REV-001169,PB-00055,CB-00447,1,Best purchase I've made this year!,2025-06-22,store-b
REV-001170,PROD-A-00116,CUST-A-00712,2,"Excellent value for money, highly recommend!",2025-10-24,store-a
REV-001171,PROD-A-00379,CUST-A-01373,3,"Not as described, very disappointed.",2025-05-27,store-a
REV-001172,PROD-A-00015,CUST-A-01098,4,Best purchase I've made this year!,2024-05-10,store-a
REV-001173,PB-00005,CB-00214,4,"Broke after two weeks, terrible quality.",2024-06-02,store-b
REV-001174,PB-00145,CB-01154,1,"Broke after two weeks, terrible quality.",2024-03-20,store-b
REV-001175,PROD-A-00359,CUST-A-00445,5,Good but shipping was too slow.,2024-05-25,store-a
REV-001176,PB-00313,CB-00578,5,Arrived on time and works perfectly.,2024-11-26,store-b
REV-001177,PROD-A-00152,CUST-A-01360,4,Best purchase I've made this year!,2024-01-30,store-a
REV-001178,PB-00010,CB-00434,1,Exceeded my expectations in every way.,2025-07-22,store-b
REV-001179,PROD-A-00173,CUST-A-01829,3,"Excellent value for money, highly recommend!",2024-06-21,store-a
REV-001180,PROD-A-00394,CUST-A-01816,3,"Average product, nothing special.",2024-03-22,store-a
REV-001181,PROD-A-00109,CUST-A-01402,2,Quality could be better for the price.,2024-10-27,store-a
REV-001182,PB-00358,CB-00295,4,Decent product for everyday use.,2025-06-03,store-b
REV-001183,PROD-A-00002,CUST-A-00431,4,Best purchase I've made this year!,2024-06-07,store-a
REV-001184,PB-00074,CB-00956,1,Good but shipping was too slow.,2025-09-09,store-b
REV-001185,PB-00236,CB-00173,1,Quality could be better for the price.,2025-07-10,store-b
REV-001186,PROD-A-00355,CUST-A-01042,5,Good but shipping was too slow.,2025-04-23,store-a
REV-001187,PROD-A-00077,CUST-A-01488,2,Exceeded my expectations in every way.,2024-09-04,store-a
REV-001188,PB-00208,CB-00877,1,Best purchase I've made this year!,2024-11-30,store-b
REV-001189,PROD-A-00303,CUST-A-00583,3,Good but shipping was too slow.,2024-02-25,store-a
REV-001190,PB-00291,CB-00771,4,"Excellent value for money, highly recommend!",2025-05-25,store-b
REV-001191,PB-00045,CB-01344,2,"Not as described, very disappointed.",2024-04-11,store-b
REV-001192,PB-00179,CB-00951,4,"Okay for the price, gets the job done.",2024-09-28,store-b
REV-001193,PB-00036,CB-00921,4,"Excellent value for money, highly recommend!",2025-03-21,store-b
REV-001194,PROD-A-00425,CUST-A-01673,5,Quality could be better for the price.,2024-07-07,store-a
REV-001195,PROD-A-00030,CUST-A-01848,3,Absolutely love it! Will buy again.,2024-11-03,store-a
REV-001196,PB-00078,CB-01069,1,Quality could be better for the price.,2024-02-08,store-b
REV-001197,PB-00046,CB-01198,4,"Broke after two weeks, terrible quality.",2025-11-27,store-b
REV-001198,PB-00054,CB-00622,4,"Great product, exactly what I needed!",2025-03-18,store-b
REV-001199,PROD-A-00356,CUST-A-00134,2,"Not as described, very disappointed.",2024-07-03,store-a
REV-001200,PROD-A-00431,CUST-A-01701,2,"Great product, exactly what I needed!",2025-04-26,store-a
REV-001201,PB-00359,CB-00576,1,"Great product, exactly what I needed!",2025-12-23,store-b
REV-001202,PB-00243,CB-00672,5,"Would not recommend, poor build quality.",2025-02-19,store-b
REV-001203,PROD-A-00324,CUST-A-01880,1,Arrived on time and works perfectly.,2025-05-22,store-a
REV-001204,PB-00341,CB-01115,1,Exceeded my expectations in every way.,2025-08-17,store-b
REV-001205,PB-00242,CB-01114,2,Arrived on time and works perfectly.,2024-12-22,store-b
REV-001206,PB-00220,CB-01457,4,Good but shipping was too slow.,2025-11-01,store-b
REV-001207,PB-00317,CB-00252,4,"Great product, exactly what I needed!",2025-12-19,store-b
REV-001208,PROD-A-00457,CUST-A-01176,3,"Average product, nothing special.",2025-12-12,store-a
REV-001209,PROD-A-00084,CUST-A-01352,4,Decent product for everyday use.,2024-07-17,store-a
REV-001210,PB-00165,CB-01196,3,"Excellent value for money, highly recommend!",2025-01-06,store-b
REV-001211,PROD-A-00132,CUST-A-01186,4,Arrived on time and works perfectly.,2024-01-06,store-a
REV-001212,PB-00140,CB-00512,3,Decent product for everyday use.,2024-10-28,store-b
REV-001213,PROD-A-00258,CUST-A-00902,1,"Broke after two weeks, terrible quality.",2024-01-03,store-a
REV-001214,PROD-A-00368,CUST-A-01890,1,"Would not recommend, poor build quality.",2025-08-27,store-a
REV-001215,PB-00164,CB-00659,5,Decent product for everyday use.,2025-01-25,store-b
REV-001216,PROD-A-00218,CUST-A-01208,5,"Broke after two weeks, terrible quality.",2025-06-01,store-a
REV-001217,PROD-A-00190,CUST-A-01170,3,Quality could be better for the price.,2025-11-01,store-a
REV-001218,PB-00344,CB-01144,1,"Great product, exactly what I needed!",2025-12-21,store-b
REV-001219,PROD-A-00021,CUST-A-00102,1,"Average product, nothing special.",2025-09-24,store-a
REV-001220,PROD-A-00308,CUST-A-01248,4,"Would not recommend, poor build quality.",2025-02-07,store-a
REV-001221,PB-00228,CB-00880,2,Arrived on time and works perfectly.,2024-05-10,store-b
REV-001222,PROD-A-00165,CUST-A-01435,5,Arrived on time and works perfectly.,2024-07-08,store-a
REV-001223,PROD-A-00433,CUST-A-00551,2,"Would not recommend, poor build quality.",2025-08-24,store-a
REV-001224,PROD-A-00267,CUST-A-00471,1,Good but shipping was too slow.,2025-08-22,store-a
REV-001225,PROD-A-00078,CUST-A-01432,5,"Excellent value for money, highly recommend!",2025-01-15,store-a
REV-001226,PB-00400,CB-01010,2,"Not as described, very disappointed.",2024-01-01,store-b
REV-001227,PROD-A-00311,CUST-A-00659,5,Absolutely love it! Will buy again.,2024-12-08,store-a
REV-001228,PB-00036,CB-00616,1,Exceeded my expectations in every way.,2025-06-11,store-b
REV-001229,PROD-A-00461,CUST-A-00471,1,Arrived on time and works perfectly.,2025-08-13,store-a
REV-001230,PB-00107,CB-00903,2,"Perfect gift, the recipient loved it!",2025-04-23,store-b
REV-001231,PB-00384,CB-00918,5,Arrived on time and works perfectly.,2024-08-08,store-b
REV-001232,PROD-A-00213,CUST-A-00319,1,"Perfect gift, the recipient loved it!",2025-05-02,store-a
REV-001233,PB-00115,CB-00631,4,"Perfect gift, the recipient loved it!",2025-01-18,store-b
REV-001234,PROD-A-00344,CUST-A-00453,5,"Would not recommend, poor build quality.",2025-11-14,store-a
REV-001235,PROD-A-00096,CUST-A-00667,2,Best purchase I've made this year!,2024-03-10,store-a
REV-001236,PROD-A-00407,CUST-A-01056,2,Decent product for everyday use.,2024-09-29,store-a
REV-001237,PB-00282,CB-01189,5,"Perfect gift, the recipient loved it!",2024-05-20,store-b
REV-001238,PROD-A-00290,CUST-A-01333,4,Quality could be better for the price.,2024-02-15,store-a
REV-001239,PROD-A-00410,CUST-A-00429,1,"Average product, nothing special.",2025-01-15,store-a
REV-001240,PB-00383,CB-01316,4,"Okay for the price, gets the job done.",2025-12-06,store-b
REV-001241,PB-00131,CB-00741,3,Best purchase I've made this year!,2024-10-19,store-b
REV-001242,PB-00299,CB-01269,3,"Would not recommend, poor build quality.",2025-09-08,store-b
REV-001243,PROD-A-00286,CUST-A-01855,5,Best purchase I've made this year!,2024-04-04,store-a
REV-001244,PROD-A-00051,CUST-A-00013,2,Absolutely love it! Will buy again.,2025-10-05,store-a
REV-001245,PB-00125,CB-00369,1,Quality could be better for the price.,2025-02-13,store-b
REV-001246,PB-00124,CB-00192,1,"Perfect gift, the recipient loved it!",2024-03-06,store-b
REV-001247,PB-00168,CB-01159,1,"Okay for the price, gets the job done.",2025-12-23,store-b
REV-001248,PB-00183,CB-00345,1,"Great product, exactly what I needed!",2025-08-02,store-b
REV-001249,PROD-A-00421,CUST-A-00446,3,"Broke after two weeks, terrible quality.",2025-01-21,store-a
REV-001250,PB-00127,CB-00077,3,"Average product, nothing special.",2024-03-30,store-b
REV-001251,PROD-A-00014,CUST-A-01847,1,"Broke after two weeks, terrible quality.",2025-06-09,store-a
REV-001252,PROD-A-00330,CUST-A-00373,5,Decent product for everyday use.,2025-12-27,store-a
REV-001253,PROD-A-00432,CUST-A-01917,3,Absolutely love it! Will buy again.,2024-05-26,store-a
REV-001254,PROD-A-00253,CUST-A-00773,3,Quality could be better for the price.,2025-01-08,store-a
REV-001255,PROD-A-00090,CUST-A-01651,5,Good but shipping was too slow.,2025-06-02,store-a
REV-001256,PB-00299,CB-01265,5,Exceeded my expectations in every way.,2024-04-05,store-b
REV-001257,PROD-A-00433,CUST-A-01510,2,Good but shipping was too slow.,2025-07-18,store-a
REV-001258,PROD-A-00322,CUST-A-01592,5,"Perfect gift, the recipient loved it!",2024-08-11,store-a
REV-001259,PROD-A-00337,CUST-A-00187,5,Arrived on time and works perfectly.,2024-07-29,store-a
REV-001260,PB-00372,CB-00516,5,"Excellent value for money, highly recommend!",2024-08-01,store-b
REV-001261,PROD-A-00001,CUST-A-00925,4,Arrived on time and works perfectly.,2025-01-21,store-a
REV-001262,PB-00185,CB-01489,2,Arrived on time and works perfectly.,2025-12-22,store-b
REV-001263,PROD-A-00157,CUST-A-00668,5,"Okay for the price, gets the job done.",2024-11-16,store-a
REV-001264,PROD-A-00386,CUST-A-01534,3,"Great product, exactly what I needed!",2025-05-21,store-a
REV-001265,PROD-A-00262,CUST-A-01805,2,"Great product, exactly what I needed!",2024-04-29,store-a
REV-001266,PROD-A-00306,CUST-A-01821,2,"Would not recommend, poor build quality.",2024-04-25,store-a
REV-001267,PROD-A-00084,CUST-A-01018,2,"Okay for the price, gets the job done.",2024-01-17,store-a
REV-001268,PROD-A-00096,CUST-A-00396,1,Good but shipping was too slow.,2024-02-23,store-a
REV-001269,PROD-A-00405,CUST-A-01784,2,"Broke after two weeks, terrible quality.",2024-06-20,store-a
REV-001270,PB-00319,CB-00213,1,"Not as described, very disappointed.",2025-10-21,store-b
REV-001271,PB-00071,CB-00525,5,Quality could be better for the price.,2025-08-20,store-b
REV-001272,PROD-A-00463,CUST-A-01853,3,Exceeded my expectations in every way.,2024-11-24,store-a
REV-001273,PROD-A-00396,CUST-A-00178,3,Quality could be better for the price.,2024-12-25,store-a
REV-001274,PROD-A-00423,CUST-A-00762,1,Quality could be better for the price.,2024-05-05,store-a
REV-001275,PB-00023,CB-00599,3,"Broke after two weeks, terrible quality.",2024-07-23,store-b
REV-001276,PROD-A-00191,CUST-A-00458,4,"Great product, exactly what I needed!",2024-04-06,store-a
REV-001277,PB-00400,CB-01364,3,"Would not recommend, poor build quality.",2024-07-29,store-b
REV-001278,PB-00087,CB-00097,3,"Excellent value for money, highly recommend!",2025-11-05,store-b
REV-001279,PB-00221,CB-00546,3,Decent product for everyday use.,2024-12-05,store-b
REV-001280,PROD-A-00389,CUST-A-00315,2,"Great product, exactly what I needed!",2025-04-10,store-a
REV-001281,PROD-A-00012,CUST-A-00470,4,Absolutely love it! Will buy again.,2024-07-01,store-a
REV-001282,PROD-A-00163,CUST-A-00712,3,"Not as described, very disappointed.",2024-10-23,store-a
REV-001283,PB-00367,CB-01033,2,Quality could be better for the price.,2024-09-27,store-b
REV-001284,PB-00153,CB-00884,3,Decent product for everyday use.,2025-02-05,store-b
REV-001285,PROD-A-00376,CUST-A-01863,2,"Excellent value for money, highly recommend!",2025-10-15,store-a
REV-001286,PB-00253,CB-00886,3,"Broke after two weeks, terrible quality.",2025-05-23,store-b
REV-001287,PB-00327,CB-00163,4,"Perfect gift, the recipient loved it!",2025-01-01,store-b
REV-001288,PROD-A-00212,CUST-A-00930,3,"Great product, exactly what I needed!",2025-12-23,store-a
REV-001289,PROD-A-00260,CUST-A-00757,5,"Great product, exactly what I needed!",2024-09-20,store-a
REV-001290,PROD-A-00170,CUST-A-00743,1,Good but shipping was too slow.,2024-02-03,store-a
REV-001291,PROD-A-00154,CUST-A-01665,4,"Would not recommend, poor build quality.",2024-01-09,store-a
REV-001292,PROD-A-00216,CUST-A-01902,4,"Great product, exactly what I needed!",2025-06-15,store-a
REV-001293,PB-00007,CB-01244,2,"Okay for the price, gets the job done.",2025-02-04,store-b
REV-001294,PROD-A-00252,CUST-A-00935,1,"Great product, exactly what I needed!",2024-03-29,store-a
REV-001295,PB-00032,CB-00332,2,"Great product, exactly what I needed!",2024-06-14,store-b
REV-001296,PROD-A-00052,CUST-A-01470,3,"Not as described, very disappointed.",2024-08-29,store-a
REV-001297,PROD-A-00365,CUST-A-00315,4,Best purchase I've made this year!,2025-02-01,store-a
REV-001298,PROD-A-00488,CUST-A-01895,3,Decent product for everyday use.,2025-04-26,store-a
REV-001299,PB-00128,CB-00435,1,Good but shipping was too slow.,2024-03-28,store-b
REV-001300,PB-00325,CB-00217,3,Quality could be better for the price.,2025-12-30,store-b
REV-001301,PB-00217,CB-00867,5,"Excellent value for money, highly recommend!",2025-06-14,store-b
REV-001302,PROD-A-00047,CUST-A-01029,4,Arrived on time and works perfectly.,2025-06-27,store-a
REV-001303,PB-00182,CB-01262,1,"Okay for the price, gets the job done.",2025-12-28,store-b
REV-001304,PROD-A-00366,CUST-A-01485,3,Absolutely love it! Will buy again.,2024-04-07,store-a
REV-001305,PB-00034,CB-00205,3,Exceeded my expectations in every way.,2024-03-10,store-b
REV-001306,PB-00189,CB-00584,4,"Broke after two weeks, terrible quality.",2025-10-15,store-b
REV-001307,PROD-A-00183,CUST-A-00957,5,Best purchase I've made this year!,2025-08-23,store-a
REV-001308,PROD-A-00314,CUST-A-01619,1,"Not as described, very disappointed.",2025-09-25,store-a
REV-001309,PROD-A-00450,CUST-A-00680,3,"Not as described, very disappointed.",2024-03-04,store-a
REV-001310,PROD-A-00375,CUST-A-00020,1,"Great product, exactly what I needed!",2024-04-07,store-a
REV-001311,PROD-A-00383,CUST-A-00285,5,Absolutely love it! Will buy again.,2025-10-13,store-a
REV-001312,PB-00138,CB-00373,3,"Excellent value for money, highly recommend!",2024-03-13,store-b
REV-001313,PROD-A-00224,CUST-A-01811,4,"Broke after two weeks, terrible quality.",2024-11-26,store-a
REV-001314,PB-00368,CB-01133,1,"Perfect gift, the recipient loved it!",2025-07-10,store-b
REV-001315,PB-00224,CB-00255,5,"Average product, nothing special.",2025-03-30,store-b
REV-001316,PROD-A-00373,CUST-A-00555,1,"Broke after two weeks, terrible quality.",2024-01-08,store-a
REV-001317,PROD-A-00353,CUST-A-01392,2,Arrived on time and works perfectly.,2025-10-07,store-a
REV-001318,PB-00250,CB-01392,4,"Okay for the price, gets the job done.",2024-03-30,store-b
REV-001319,PROD-A-00334,CUST-A-00229,4,"Great product, exactly what I needed!",2024-05-27,store-a
REV-001320,PROD-A-00050,CUST-A-00820,3,"Not as described, very disappointed.",2025-01-19,store-a
REV-001321,PROD-A-00089,CUST-A-01826,5,"Broke after two weeks, terrible quality.",2025-12-17,store-a
REV-001322,PB-00184,CB-01328,5,"Not as described, very disappointed.",2024-04-07,store-b
REV-001323,PB-00229,CB-00513,1,"Not as described, very disappointed.",2025-06-10,store-b
REV-001324,PROD-A-00371,CUST-A-01001,1,"Would not recommend, poor build quality.",2025-05-14,store-a
REV-001325,PB-00109,CB-01235,2,Absolutely love it! Will buy again.,2024-08-02,store-b
REV-001326,PB-00348,CB-01447,1,Decent product for everyday use.,2024-12-16,store-b
REV-001327,PROD-A-00292,CUST-A-00843,3,"Broke after two weeks, terrible quality.",2025-04-21,store-a
REV-001328,PROD-A-00254,CUST-A-01755,4,"Excellent value for money, highly recommend!",2024-07-20,store-a
REV-001329,PROD-A-00477,CUST-A-01785,4,"Not as described, very disappointed.",2024-08-30,store-a
REV-001330,PB-00002,CB-00649,4,"Average product, nothing special.",2024-10-20,store-b
REV-001331,PB-00182,CB-00229,1,Best purchase I've made this year!,2025-09-01,store-b
REV-001332,PROD-A-00194,CUST-A-00369,5,"Perfect gift, the recipient loved it!",2024-05-13,store-a
REV-001333,PROD-A-00044,CUST-A-01168,5,Arrived on time and works perfectly.,2024-04-11,store-a
REV-001334,PROD-A-00438,CUST-A-01298,2,"Perfect gift, the recipient loved it!",2025-11-13,store-a
REV-001335,PROD-A-00403,CUST-A-01013,5,Decent product for everyday use.,2024-12-21,store-a
REV-001336,PROD-A-00383,CUST-A-01680,4,"Okay for the price, gets the job done.",2025-10-06,store-a
REV-001337,PB-00168,CB-00186,3,Exceeded my expectations in every way.,2025-08-04,store-b
REV-001338,PROD-A-00133,CUST-A-01723,2,Arrived on time and works perfectly.,2025-01-09,store-a
REV-001339,PB-00323,CB-00568,5,"Okay for the price, gets the job done.",2024-03-31,store-b
REV-001340,PROD-A-00461,CUST-A-01698,3,Quality could be better for the price.,2024-02-23,store-a
REV-001341,PROD-A-00303,CUST-A-01707,1,"Okay for the price, gets the job done.",2025-11-27,store-a
REV-001342,PROD-A-00162,CUST-A-00137,4,"Excellent value for money, highly recommend!",2024-08-24,store-a
REV-001343,PROD-A-00236,CUST-A-01740,1,Absolutely love it! Will buy again.,2024-12-23,store-a
REV-001344,PROD-A-00034,CUST-A-00935,5,"Okay for the price, gets the job done.",2025-10-23,store-a
REV-001345,PROD-A-00225,CUST-A-00533,5,"Excellent value for money, highly recommend!",2024-11-23,store-a
REV-001346,PROD-A-00054,CUST-A-01416,4,Quality could be better for the price.,2024-05-05,store-a
REV-001347,PB-00027,CB-00709,1,Good but shipping was too slow.,2024-10-07,store-b
REV-001348,PROD-A-00142,CUST-A-00620,1,Arrived on time and works perfectly.,2024-04-11,store-a
REV-001349,PB-00180,CB-00605,1,"Excellent value for money, highly recommend!",2025-07-31,store-b
REV-001350,PROD-A-00327,CUST-A-01874,4,"Great product, exactly what I needed!",2025-10-07,store-a
REV-001351,PROD-A-00051,CUST-A-01304,4,"Great product, exactly what I needed!",2024-08-06,store-a
REV-001352,PROD-A-00007,CUST-A-00228,3,"Excellent value for money, highly recommend!",2024-07-04,store-a
REV-001353,PB-00265,CB-00920,2,"Broke after two weeks, terrible quality.",2025-03-28,store-b
REV-001354,PB-00070,CB-00450,5,"Not as described, very disappointed.",2024-12-06,store-b
REV-001355,PROD-A-00179,CUST-A-01724,2,"Would not recommend, poor build quality.",2025-10-02,store-a
REV-001356,PROD-A-00483,CUST-A-00517,1,Quality could be better for the price.,2024-11-17,store-a
REV-001357,PB-00286,CB-00426,3,Quality could be better for the price.,2025-08-21,store-b
REV-001358,PB-00164,CB-00900,3,"Okay for the price, gets the job done.",2024-04-20,store-b
REV-001359,PROD-A-00258,CUST-A-01966,4,Quality could be better for the price.,2024-08-08,store-a
REV-001360,PROD-A-00124,CUST-A-00852,3,"Would not recommend, poor build quality.",2024-07-14,store-a
REV-001361,PB-00294,CB-00186,2,Quality could be better for the price.,2025-05-19,store-b
REV-001362,PROD-A-00281,CUST-A-01404,3,Absolutely love it! Will buy again.,2025-06-15,store-a
REV-001363,PROD-A-00369,CUST-A-00463,4,Best purchase I've made this year!,2024-12-11,store-a
REV-001364,PB-00067,CB-00514,2,"Would not recommend, poor build quality.",2025-11-03,store-b
REV-001365,PROD-A-00467,CUST-A-01385,1,"Great product, exactly what I needed!",2024-11-25,store-a
REV-001366,PROD-A-00271,CUST-A-00122,3,Decent product for everyday use.,2025-04-24,store-a
REV-001367,PB-00002,CB-01130,3,"Perfect gift, the recipient loved it!",2025-11-09,store-b
REV-001368,PROD-A-00119,CUST-A-01679,5,"Perfect gift, the recipient loved it!",2024-12-26,store-a
REV-001369,PB-00332,CB-01104,5,Decent product for everyday use.,2024-12-25,store-b
REV-001370,PROD-A-00255,CUST-A-01421,4,"Not as described, very disappointed.",2024-02-25,store-a
REV-001371,PB-00127,CB-01201,5,Exceeded my expectations in every way.,2025-11-26,store-b
REV-001372,PROD-A-00118,CUST-A-01755,1,"Excellent value for money, highly recommend!",2025-06-23,store-a
REV-001373,PROD-A-00163,CUST-A-00764,5,Decent product for everyday use.,2024-08-18,store-a
REV-001374,PROD-A-00286,CUST-A-01114,4,Decent product for everyday use.,2025-03-14,store-a
REV-001375,PROD-A-00131,CUST-A-01039,1,"Great product, exactly what I needed!",2024-08-30,store-a
REV-001376,PROD-A-00218,CUST-A-00535,3,Quality could be better for the price.,2024-03-01,store-a
REV-001377,PROD-A-00247,CUST-A-00977,3,Good but shipping was too slow.,2024-01-17,store-a
REV-001378,PB-00259,CB-00103,1,Quality could be better for the price.,2024-11-17,store-b
REV-001379,PB-00122,CB-01140,4,"Okay for the price, gets the job done.",2025-09-15,store-b
REV-001380,PROD-A-00150,CUST-A-01163,4,"Broke after two weeks, terrible quality.",2025-02-03,store-a
REV-001381,PROD-A-00109,CUST-A-00964,5,"Great product, exactly what I needed!",2025-04-13,store-a
REV-001382,PB-00047,CB-01199,4,Best purchase I've made this year!,2025-03-05,store-b
REV-001383,PROD-A-00051,CUST-A-01457,4,Arrived on time and works perfectly.,2024-02-03,store-a
REV-001384,PROD-A-00371,CUST-A-00632,2,Good but shipping was too slow.,2025-02-20,store-a
REV-001385,PB-00384,CB-00524,5,"Would not recommend, poor build quality.",2024-12-20,store-b
REV-001386,PROD-A-00424,CUST-A-01161,5,Quality could be better for the price.,2025-05-24,store-a
REV-001387,PB-00296,CB-01210,5,"Average product, nothing special.",2025-05-05,store-b
REV-001388,PROD-A-00439,CUST-A-00561,1,Good but shipping was too slow.,2024-01-13,store-a
REV-001389,PROD-A-00342,CUST-A-00014,3,Good but shipping was too slow.,2025-02-05,store-a
REV-001390,PROD-A-00416,CUST-A-01729,4,Decent product for everyday use.,2025-05-12,store-a
REV-001391,PROD-A-00156,CUST-A-00977,4,Arrived on time and works perfectly.,2025-07-09,store-a
REV-001392,PB-00067,CB-00549,5,"Broke after two weeks, terrible quality.",2025-11-09,store-b
REV-001393,PROD-A-00024,CUST-A-01892,3,"Perfect gift, the recipient loved it!",2024-02-27,store-a
REV-001394,PROD-A-00151,CUST-A-00963,4,Decent product for everyday use.,2024-08-08,store-a
REV-001395,PROD-A-00449,CUST-A-01783,4,"Would not recommend, poor build quality.",2024-06-28,store-a
REV-001396,PROD-A-00449,CUST-A-01668,4,"Perfect gift, the recipient loved it!",2025-05-30,store-a
REV-001397,PB-00060,CB-00614,4,"Great product, exactly what I needed!",2024-12-27,store-b
REV-001398,PROD-A-00456,CUST-A-00119,5,Good but shipping was too slow.,2025-08-23,store-a
REV-001399,PROD-A-00128,CUST-A-00250,2,Best purchase I've made this year!,2024-09-29,store-a
REV-001400,PROD-A-00035,CUST-A-00419,1,Exceeded my expectations in every way.,2025-08-09,store-a
REV-001401,PB-00002,CB-00097,1,"Okay for the price, gets the job done.",2024-08-03,store-b
REV-001402,PROD-A-00324,CUST-A-01563,5,Decent product for everyday use.,2025-03-24,store-a
REV-001403,PROD-A-00266,CUST-A-01814,2,Quality could be better for the price.,2025-07-12,store-a
REV-001404,PROD-A-00254,CUST-A-00490,5,Quality could be better for the price.,2025-09-28,store-a
REV-001405,PB-00312,CB-00147,3,"Broke after two weeks, terrible quality.",2025-04-25,store-b
REV-001406,PB-00116,CB-00076,4,"Okay for the price, gets the job done.",2025-03-18,store-b
REV-001407,PB-00080,CB-01440,4,"Great product, exactly what I needed!",2025-12-29,store-b
REV-001408,PROD-A-00353,CUST-A-00575,1,"Great product, exactly what I needed!",2024-08-15,store-a
REV-001409,PROD-A-00239,CUST-A-01094,4,"Great product, exactly what I needed!",2025-10-14,store-a
REV-001410,PROD-A-00239,CUST-A-00486,5,Absolutely love it! Will buy again.,2024-12-12,store-a
REV-001411,PB-00052,CB-01302,4,"Okay for the price, gets the job done.",2024-05-16,store-b
REV-001412,PB-00221,CB-00388,4,Best purchase I've made this year!,2025-03-31,store-b
REV-001413,PROD-A-00028,CUST-A-00909,1,"Okay for the price, gets the job done.",2025-06-06,store-a
REV-001414,PB-00079,CB-00301,5,"Not as described, very disappointed.",2024-03-31,store-b
REV-001415,PB-00346,CB-00052,3,Decent product for everyday use.,2024-07-05,store-b
REV-001416,PROD-A-00314,CUST-A-00901,1,"Great product, exactly what I needed!",2024-08-19,store-a
REV-001417,PB-00325,CB-01104,5,Absolutely love it! Will buy again.,2024-08-12,store-b
REV-001418,PROD-A-00157,CUST-A-00600,1,"Would not recommend, poor build quality.",2024-06-12,store-a
REV-001419,PROD-A-00421,CUST-A-01255,5,Absolutely love it! Will buy again.,2025-07-17,store-a
REV-001420,PB-00265,CB-00512,1,Absolutely love it! Will buy again.,2024-01-21,store-b
REV-001421,PROD-A-00224,CUST-A-01784,2,Best purchase I've made this year!,2024-05-27,store-a
REV-001422,PROD-A-00370,CUST-A-00346,5,Quality could be better for the price.,2025-11-29,store-a
REV-001423,PROD-A-00302,CUST-A-01138,1,"Not as described, very disappointed.",2024-03-05,store-a
REV-001424,PB-00303,CB-01148,3,Best purchase I've made this year!,2024-08-01,store-b
REV-001425,PB-00249,CB-00912,3,"Okay for the price, gets the job done.",2024-07-28,store-b
REV-001426,PB-00161,CB-01149,5,"Great product, exactly what I needed!",2024-12-15,store-b
REV-001427,PROD-A-00140,CUST-A-01598,2,"Average product, nothing special.",2025-12-01,store-a
REV-001428,PB-00396,CB-00445,1,"Great product, exactly what I needed!",2025-09-15,store-b
REV-001429,PROD-A-00462,CUST-A-00897,1,"Not as described, very disappointed.",2024-08-21,store-a
REV-001430,PROD-A-00473,CUST-A-00312,3,Absolutely love it! Will buy again.,2025-11-19,store-a
REV-001431,PROD-A-00177,CUST-A-01098,1,"Excellent value for money, highly recommend!",2025-05-18,store-a
REV-001432,PB-00362,CB-00145,3,Quality could be better for the price.,2024-03-24,store-b
REV-001433,PROD-A-00354,CUST-A-01602,1,Best purchase I've made this year!,2025-08-13,store-a
REV-001434,PROD-A-00154,CUST-A-01284,4,Quality could be better for the price.,2024-08-08,store-a
REV-001435,PROD-A-00458,CUST-A-01095,5,Best purchase I've made this year!,2024-08-09,store-a
REV-001436,PROD-A-00378,CUST-A-01289,4,"Would not recommend, poor build quality.",2024-12-25,store-a
REV-001437,PROD-A-00163,CUST-A-00269,5,"Great product, exactly what I needed!",2024-01-27,store-a
REV-001438,PROD-A-00023,CUST-A-01142,3,"Not as described, very disappointed.",2024-02-01,store-a
REV-001439,PB-00192,CB-01270,2,Quality could be better for the price.,2025-02-11,store-b
REV-001440,PB-00101,CB-00539,1,Good but shipping was too slow.,2024-08-16,store-b
REV-001441,PB-00016,CB-00750,2,"Broke after two weeks, terrible quality.",2025-01-14,store-b
REV-001442,PB-00138,CB-00616,1,Arrived on time and works perfectly.,2025-12-29,store-b
REV-001443,PROD-A-00015,CUST-A-01430,1,Absolutely love it! Will buy again.,2024-08-31,store-a
REV-001444,PB-00051,CB-00375,1,"Would not recommend, poor build quality.",2025-02-10,store-b
REV-001445,PB-00192,CB-01379,3,Decent product for everyday use.,2025-04-27,store-b
REV-001446,PROD-A-00443,CUST-A-01344,1,"Okay for the price, gets the job done.",2025-07-24,store-a
REV-001447,PROD-A-00035,CUST-A-01144,1,"Great product, exactly what I needed!",2024-04-16,store-a
REV-001448,PROD-A-00063,CUST-A-01244,4,"Average product, nothing special.",2025-04-20,store-a
REV-001449,PB-00397,CB-01444,1,Arrived on time and works perfectly.,2024-09-17,store-b
REV-001450,PROD-A-00477,CUST-A-00931,3,Quality could be better for the price.,2024-11-01,store-a
REV-001451,PROD-A-00487,CUST-A-00434,4,Exceeded my expectations in every way.,2025-08-03,store-a
REV-001452,PROD-A-00298,CUST-A-00226,1,Decent product for everyday use.,2025-01-08,store-a
REV-001453,PROD-A-00063,CUST-A-00605,5,"Excellent value for money, highly recommend!",2025-10-19,store-a
REV-001454,PB-00166,CB-00665,1,"Broke after two weeks, terrible quality.",2024-08-18,store-b
REV-001455,PB-00141,CB-01386,3,Arrived on time and works perfectly.,2025-05-21,store-b
REV-001456,PB-00151,CB-00470,3,Decent product for everyday use.,2024-05-31,store-b
REV-001457,PROD-A-00451,CUST-A-01948,4,"Average product, nothing special.",2024-02-22,store-a
REV-001458,PROD-A-00131,CUST-A-00620,5,"Not as described, very disappointed.",2025-03-07,store-a
REV-001459,PROD-A-00115,CUST-A-01966,2,"Average product, nothing special.",2024-07-04,store-a
REV-001460,PB-00060,CB-00126,1,"Would not recommend, poor build quality.",2024-05-29,store-b
REV-001461,PB-00107,CB-00283,1,Absolutely love it! Will buy again.,2024-07-11,store-b
REV-001462,PB-00283,CB-00818,1,"Average product, nothing special.",2024-02-03,store-b
REV-001463,PB-00002,CB-00752,1,Quality could be better for the price.,2024-10-11,store-b
REV-001464,PROD-A-00409,CUST-A-01054,5,"Great product, exactly what I needed!",2025-04-11,store-a
REV-001465,PROD-A-00161,CUST-A-01209,2,Good but shipping was too slow.,2024-03-12,store-a
REV-001466,PROD-A-00279,CUST-A-01273,3,"Excellent value for money, highly recommend!",2025-03-11,store-a
REV-001467,PB-00271,CB-01040,2,Absolutely love it! Will buy again.,2024-02-13,store-b
REV-001468,PROD-A-00489,CUST-A-00885,4,Best purchase I've made this year!,2025-11-06,store-a
REV-001469,PROD-A-00226,CUST-A-00574,1,Absolutely love it! Will buy again.,2025-07-06,store-a
REV-001470,PB-00363,CB-01049,5,Best purchase I've made this year!,2025-01-01,store-b
REV-001471,PROD-A-00491,CUST-A-00612,4,Arrived on time and works perfectly.,2024-10-26,store-a
REV-001472,PROD-A-00215,CUST-A-00256,4,Quality could be better for the price.,2025-10-14,store-a
REV-001473,PB-00134,CB-00525,2,Absolutely love it! Will buy again.,2025-11-19,store-b
REV-001474,PROD-A-00431,CUST-A-00986,2,Quality could be better for the price.,2024-08-11,store-a
REV-001475,PB-00130,CB-00529,2,"Broke after two weeks, terrible quality.",2024-12-02,store-b
REV-001476,PROD-A-00205,CUST-A-00710,3,Quality could be better for the price.,2025-11-20,store-a
REV-001477,PB-00168,CB-00493,3,Quality could be better for the price.,2024-06-01,store-b
REV-001478,PROD-A-00001,CUST-A-00656,1,Good but shipping was too slow.,2025-09-14,store-a
REV-001479,PB-00059,CB-00679,1,Quality could be better for the price.,2024-06-16,store-b
REV-001480,PROD-A-00179,CUST-A-01759,4,Decent product for everyday use.,2025-08-19,store-a
REV-001481,PB-00274,CB-00324,3,Arrived on time and works perfectly.,2024-12-27,store-b
REV-001482,PROD-A-00471,CUST-A-00645,2,"Perfect gift, the recipient loved it!",2024-10-02,store-a
REV-001483,PROD-A-00158,CUST-A-00235,3,Exceeded my expectations in every way.,2025-02-01,store-a
REV-001484,PB-00345,CB-00159,3,Best purchase I've made this year!,2025-06-13,store-b
REV-001485,PROD-A-00313,CUST-A-00686,1,"Okay for the price, gets the job done.",2024-08-26,store-a
REV-001486,PROD-A-00373,CUST-A-00934,5,"Would not recommend, poor build quality.",2025-04-26,store-a
REV-001487,PROD-A-00179,CUST-A-01280,1,Quality could be better for the price.,2025-12-11,store-a
REV-001488,PB-00372,CB-01086,3,Quality could be better for the price.,2025-03-27,store-b
REV-001489,PROD-A-00441,CUST-A-01108,5,"Okay for the price, gets the job done.",2024-06-01,store-a
REV-001490,PROD-A-00309,CUST-A-00992,3,"Broke after two weeks, terrible quality.",2024-12-24,store-a
REV-001491,PB-00039,CB-01442,1,"Great product, exactly what I needed!",2024-06-26,store-b
REV-001492,PB-00266,CB-01186,2,Quality could be better for the price.,2024-07-20,store-b
REV-001493,PROD-A-00167,CUST-A-00753,4,"Would not recommend, poor build quality.",2025-09-16,store-a
REV-001494,PROD-A-00323,CUST-A-00668,5,Exceeded my expectations in every way.,2025-04-06,store-a
REV-001495,PROD-A-00081,CUST-A-00072,5,Quality could be better for the price.,2025-07-01,store-a
REV-001496,PROD-A-00252,CUST-A-01812,1,Exceeded my expectations in every way.,2024-04-03,store-a
REV-001497,PROD-A-00229,CUST-A-00936,3,Decent product for everyday use.,2025-06-03,store-a
REV-001498,PB-00087,CB-00025,2,"Perfect gift, the recipient loved it!",2024-09-08,store-b
REV-001499,PB-00189,CB-01434,2,Decent product for everyday use.,2025-03-04,store-b
REV-001500,PROD-A-00467,CUST-A-01311,3,Arrived on time and works perfectly.,2024-07-30,store-a
REV-001501,PROD-A-00422,CUST-A-00504,1,"Average product, nothing special.",2024-08-08,store-a
REV-001502,PROD-A-00265,CUST-A-01352,3,"Would not recommend, poor build quality.",2025-11-23,store-a
REV-001503,PROD-A-00437,CUST-A-01414,2,"Great product, exactly what I needed!",2024-03-30,store-a
REV-001504,PB-00148,CB-01470,5,Quality could be better for the price.,2024-08-02,store-b
REV-001505,PROD-A-00462,CUST-A-01349,2,"Would not recommend, poor build quality.",2025-06-15,store-a
REV-001506,PB-00086,CB-00629,2,"Great product, exactly what I needed!",2025-01-02,store-b
REV-001507,PB-00042,CB-00088,4,Good but shipping was too slow.,2024-02-09,store-b
REV-001508,PB-00332,CB-01238,5,"Perfect gift, the recipient loved it!",2025-04-07,store-b
REV-001509,PB-00116,CB-00338,3,Absolutely love it! Will buy again.,2025-09-18,store-b
REV-001510,PROD-A-00440,CUST-A-00471,2,"Would not recommend, poor build quality.",2025-01-02,store-a
REV-001511,PB-00046,CB-00806,4,"Average product, nothing special.",2024-01-29,store-b
REV-001512,PB-00111,CB-01489,5,"Okay for the price, gets the job done.",2024-11-25,store-b
REV-001513,PROD-A-00441,CUST-A-00820,5,"Perfect gift, the recipient loved it!",2024-10-24,store-a
REV-001514,PB-00355,CB-00816,4,Exceeded my expectations in every way.,2024-11-08,store-b
REV-001515,PROD-A-00476,CUST-A-00866,3,Arrived on time and works perfectly.,2025-04-28,store-a
REV-001516,PB-00009,CB-00531,4,Arrived on time and works perfectly.,2025-09-17,store-b
REV-001517,PROD-A-00306,CUST-A-01140,4,Exceeded my expectations in every way.,2024-05-27,store-a
REV-001518,PB-00347,CB-01361,1,Arrived on time and works perfectly.,2025-11-16,store-b
REV-001519,PROD-A-00174,CUST-A-00303,5,"Okay for the price, gets the job done.",2024-07-24,store-a
REV-001520,PROD-A-00246,CUST-A-00278,1,"Would not recommend, poor build quality.",2024-03-20,store-a
REV-001521,PB-00040,CB-00595,3,Arrived on time and works perfectly.,2024-01-15,store-b
REV-001522,PROD-A-00145,CUST-A-01614,5,"Broke after two weeks, terrible quality.",2024-12-29,store-a
REV-001523,PB-00351,CB-01313,3,Absolutely love it! Will buy again.,2024-02-11,store-b
REV-001524,PROD-A-00448,CUST-A-00132,3,Best purchase I've made this year!,2025-04-11,store-a
REV-001525,PROD-A-00157,CUST-A-01019,4,Quality could be better for the price.,2025-02-03,store-a
REV-001526,PROD-A-00240,CUST-A-00639,4,"Okay for the price, gets the job done.",2024-03-30,store-a
REV-001527,PB-00307,CB-00894,2,"Broke after two weeks, terrible quality.",2025-07-19,store-b
REV-001528,PROD-A-00345,CUST-A-00227,1,Arrived on time and works perfectly.,2024-04-15,store-a
REV-001529,PB-00075,CB-00464,2,Best purchase I've made this year!,2024-08-24,store-b
REV-001530,PROD-A-00211,CUST-A-01317,2,"Okay for the price, gets the job done.",2024-12-08,store-a
REV-001531,PB-00069,CB-00009,4,"Not as described, very disappointed.",2024-01-01,store-b
REV-001532,PB-00219,CB-01222,2,Quality could be better for the price.,2025-10-26,store-b
REV-001533,PROD-A-00422,CUST-A-01338,5,"Great product, exactly what I needed!",2024-02-02,store-a
REV-001534,PROD-A-00399,CUST-A-00434,1,"Great product, exactly what I needed!",2024-06-18,store-a
REV-001535,PB-00289,CB-00780,3,Arrived on time and works perfectly.,2024-09-19,store-b
REV-001536,PROD-A-00257,CUST-A-00966,3,Absolutely love it! Will buy again.,2024-06-24,store-a
REV-001537,PB-00292,CB-01097,3,"Great product, exactly what I needed!",2024-05-25,store-b
REV-001538,PROD-A-00469,CUST-A-01443,1,"Not as described, very disappointed.",2024-09-08,store-a
REV-001539,PB-00172,CB-01476,4,"Average product, nothing special.",2024-05-24,store-b
REV-001540,PROD-A-00089,CUST-A-01601,4,Arrived on time and works perfectly.,2025-04-26,store-a
REV-001541,PB-00080,CB-00917,2,"Excellent value for money, highly recommend!",2024-04-06,store-b
REV-001542,PB-00322,CB-01410,3,Decent product for everyday use.,2025-01-05,store-b
REV-001543,PROD-A-00049,CUST-A-00360,5,Good but shipping was too slow.,2025-10-10,store-a
REV-001544,PB-00151,CB-00943,4,Absolutely love it! Will buy again.,2024-04-19,store-b
REV-001545,PROD-A-00056,CUST-A-01235,4,Best purchase I've made this year!,2025-09-14,store-a
REV-001546,PB-00207,CB-00088,4,"Okay for the price, gets the job done.",2024-07-19,store-b
REV-001547,PROD-A-00305,CUST-A-00800,2,Absolutely love it! Will buy again.,2025-05-16,store-a
REV-001548,PROD-A-00377,CUST-A-01158,2,"Not as described, very disappointed.",2025-11-30,store-a
REV-001549,PROD-A-00371,CUST-A-00973,1,"Would not recommend, poor build quality.",2024-02-13,store-a
REV-001550,PB-00292,CB-00393,4,Good but shipping was too slow.,2025-10-31,store-b
REV-001551,PROD-A-00285,CUST-A-01329,4,Best purchase I've made this year!,2024-07-11,store-a
REV-001552,PROD-A-00097,CUST-A-01007,4,Decent product for everyday use.,2024-03-19,store-a
REV-001553,PB-00268,CB-01322,5,Absolutely love it! Will buy again.,2025-03-12,store-b
REV-001554,PB-00098,CB-00384,1,Best purchase I've made this year!,2024-10-11,store-b
REV-001555,PROD-A-00282,CUST-A-00835,3,"Great product, exactly what I needed!",2024-09-19,store-a
REV-001556,PB-00040,CB-01356,4,Arrived on time and works perfectly.,2024-07-06,store-b
REV-001557,PB-00371,CB-00361,1,Absolutely love it! Will buy again.,2025-05-28,store-b
REV-001558,PB-00316,CB-01057,1,"Would not recommend, poor build quality.",2024-01-16,store-b
REV-001559,PROD-A-00052,CUST-A-01426,5,"Excellent value for money, highly recommend!",2024-08-13,store-a
REV-001560,PROD-A-00020,CUST-A-01447,1,Decent product for everyday use.,2024-11-25,store-a
REV-001561,PROD-A-00077,CUST-A-01285,2,"Great product, exactly what I needed!",2024-12-31,store-a
REV-001562,PROD-A-00351,CUST-A-01526,5,"Average product, nothing special.",2024-12-01,store-a
REV-001563,PROD-A-00476,CUST-A-01391,3,"Okay for the price, gets the job done.",2025-06-08,store-a
REV-001564,PROD-A-00400,CUST-A-01405,4,"Would not recommend, poor build quality.",2024-04-27,store-a
REV-001565,PROD-A-00037,CUST-A-01912,3,Best purchase I've made this year!,2025-02-12,store-a
REV-001566,PROD-A-00105,CUST-A-00536,5,"Would not recommend, poor build quality.",2024-07-07,store-a
REV-001567,PROD-A-00086,CUST-A-01102,2,Exceeded my expectations in every way.,2024-04-15,store-a
REV-001568,PB-00325,CB-01353,5,"Broke after two weeks, terrible quality.",2025-01-22,store-b
REV-001569,PB-00314,CB-01444,1,"Average product, nothing special.",2025-04-06,store-b
REV-001570,PROD-A-00328,CUST-A-01621,3,"Average product, nothing special.",2025-08-02,store-a
REV-001571,PROD-A-00027,CUST-A-00609,4,Exceeded my expectations in every way.,2025-02-28,store-a
REV-001572,PROD-A-00320,CUST-A-00600,4,"Would not recommend, poor build quality.",2024-11-18,store-a
REV-001573,PROD-A-00121,CUST-A-00877,1,Quality could be better for the price.,2024-01-09,store-a
REV-001574,PROD-A-00030,CUST-A-00075,1,Decent product for everyday use.,2024-12-01,store-a
REV-001575,PB-00316,CB-01422,2,"Average product, nothing special.",2024-01-17,store-b
REV-001576,PROD-A-00064,CUST-A-00521,1,"Perfect gift, the recipient loved it!",2024-02-24,store-a
REV-001577,PROD-A-00371,CUST-A-01479,2,Arrived on time and works perfectly.,2024-03-26,store-a
REV-001578,PROD-A-00115,CUST-A-00174,2,"Perfect gift, the recipient loved it!",2025-05-21,store-a
REV-001579,PROD-A-00440,CUST-A-01037,2,"Broke after two weeks, terrible quality.",2024-05-30,store-a
REV-001580,PROD-A-00218,CUST-A-00993,3,Best purchase I've made this year!,2025-11-13,store-a
REV-001581,PB-00393,CB-00323,4,Arrived on time and works perfectly.,2025-04-30,store-b
REV-001582,PROD-A-00325,CUST-A-00718,4,Exceeded my expectations in every way.,2024-02-13,store-a
REV-001583,PB-00236,CB-00798,2,"Perfect gift, the recipient loved it!",2025-12-01,store-b
REV-001584,PROD-A-00224,CUST-A-00813,5,Absolutely love it! Will buy again.,2024-10-06,store-a
REV-001585,PROD-A-00222,CUST-A-00596,4,Good but shipping was too slow.,2024-04-28,store-a
REV-001586,PB-00088,CB-01378,3,Decent product for everyday use.,2025-10-24,store-b
REV-001587,PROD-A-00306,CUST-A-01709,2,Quality could be better for the price.,2025-03-05,store-a
REV-001588,PROD-A-00282,CUST-A-00776,4,"Broke after two weeks, terrible quality.",2024-04-03,store-a
REV-001589,PROD-A-00322,CUST-A-00376,2,Arrived on time and works perfectly.,2025-05-14,store-a
REV-001590,PB-00143,CB-00930,1,Absolutely love it! Will buy again.,2025-08-04,store-b
REV-001591,PROD-A-00464,CUST-A-01803,5,Absolutely love it! Will buy again.,2025-05-14,store-a
REV-001592,PB-00054,CB-00416,1,Decent product for everyday use.,2024-08-16,store-b
REV-001593,PB-00204,CB-00724,5,"Broke after two weeks, terrible quality.",2025-03-24,store-b
REV-001594,PROD-A-00481,CUST-A-01175,2,Good but shipping was too slow.,2024-07-19,store-a
REV-001595,PB-00355,CB-00635,3,"Would not recommend, poor build quality.",2025-09-02,store-b
REV-001596,PB-00320,CB-00623,4,"Perfect gift, the recipient loved it!",2025-09-06,store-b
REV-001597,PROD-A-00118,CUST-A-00242,2,Exceeded my expectations in every way.,2024-08-11,store-a
REV-001598,PB-00138,CB-00858,2,"Perfect gift, the recipient loved it!",2024-10-19,store-b
REV-001599,PB-00273,CB-00108,1,Decent product for everyday use.,2024-10-26,store-b
REV-001600,PB-00238,CB-01044,3,Good but shipping was too slow.,2024-04-22,store-b
REV-001601,PB-00072,CB-00863,5,"Perfect gift, the recipient loved it!",2025-03-20,store-b
REV-001602,PB-00313,CB-00322,2,"Not as described, very disappointed.",2024-06-10,store-b
REV-001603,PROD-A-00226,CUST-A-01251,2,Arrived on time and works perfectly.,2024-02-11,store-a
REV-001604,PB-00255,CB-01259,5,"Broke after two weeks, terrible quality.",2024-03-18,store-b
REV-001605,PROD-A-00235,CUST-A-01073,5,"Perfect gift, the recipient loved it!",2024-09-04,store-a
REV-001606,PB-00031,CB-00037,5,"Great product, exactly what I needed!",2024-07-06,store-b
REV-001607,PROD-A-00143,CUST-A-00465,5,"Average product, nothing special.",2025-06-16,store-a
REV-001608,PROD-A-00133,CUST-A-01508,4,Best purchase I've made this year!,2025-04-18,store-a
REV-001609,PB-00134,CB-00260,5,"Okay for the price, gets the job done.",2025-12-23,store-b
REV-001610,PROD-A-00320,CUST-A-00654,4,"Average product, nothing special.",2024-10-30,store-a
REV-001611,PROD-A-00046,CUST-A-01855,4,Decent product for everyday use.,2025-04-04,store-a
REV-001612,PB-00329,CB-00469,2,"Would not recommend, poor build quality.",2025-07-22,store-b
REV-001613,PROD-A-00030,CUST-A-01777,1,"Not as described, very disappointed.",2024-05-13,store-a
REV-001614,PB-00108,CB-00052,2,"Broke after two weeks, terrible quality.",2024-05-23,store-b
REV-001615,PB-00085,CB-01466,2,"Great product, exactly what I needed!",2025-12-25,store-b
REV-001616,PROD-A-00114,CUST-A-00237,3,"Would not recommend, poor build quality.",2024-05-20,store-a
REV-001617,PB-00259,CB-00074,5,"Broke after two weeks, terrible quality.",2025-12-26,store-b
REV-001618,PROD-A-00337,CUST-A-01172,5,"Not as described, very disappointed.",2024-07-06,store-a
REV-001619,PROD-A-00343,CUST-A-01227,3,"Excellent value for money, highly recommend!",2024-04-22,store-a
REV-001620,PROD-A-00229,CUST-A-01300,1,"Great product, exactly what I needed!",2025-01-13,store-a
REV-001621,PROD-A-00462,CUST-A-01762,5,Good but shipping was too slow.,2025-12-06,store-a
REV-001622,PROD-A-00308,CUST-A-01858,2,Exceeded my expectations in every way.,2025-01-14,store-a
REV-001623,PB-00232,CB-01031,3,Arrived on time and works perfectly.,2025-03-25,store-b
REV-001624,PROD-A-00144,CUST-A-01637,3,Best purchase I've made this year!,2025-04-11,store-a
REV-001625,PROD-A-00434,CUST-A-00444,1,Good but shipping was too slow.,2025-09-22,store-a
REV-001626,PROD-A-00180,CUST-A-00207,4,"Not as described, very disappointed.",2024-09-26,store-a
REV-001627,PROD-A-00144,CUST-A-00001,5,"Would not recommend, poor build quality.",2024-05-30,store-a
REV-001628,PROD-A-00184,CUST-A-00075,2,Quality could be better for the price.,2025-12-23,store-a
REV-001629,PB-00250,CB-01281,3,"Would not recommend, poor build quality.",2024-12-15,store-b
REV-001630,PROD-A-00040,CUST-A-01613,3,Arrived on time and works perfectly.,2025-04-08,store-a
REV-001631,PB-00325,CB-00073,2,Arrived on time and works perfectly.,2024-04-04,store-b
REV-001632,PB-00078,CB-00870,3,Quality could be better for the price.,2024-06-10,store-b
REV-001633,PB-00016,CB-00831,1,Absolutely love it! Will buy again.,2024-01-04,store-b
REV-001634,PB-00287,CB-00139,1,"Not as described, very disappointed.",2024-07-14,store-b
REV-001635,PB-00166,CB-01414,5,Good but shipping was too slow.,2025-01-22,store-b
REV-001636,PROD-A-00450,CUST-A-01391,5,"Broke after two weeks, terrible quality.",2025-02-10,store-a
REV-001637,PROD-A-00200,CUST-A-01378,3,Best purchase I've made this year!,2024-02-29,store-a
REV-001638,PROD-A-00119,CUST-A-01686,1,Decent product for everyday use.,2024-03-05,store-a
REV-001639,PB-00246,CB-01355,2,"Average product, nothing special.",2024-07-06,store-b
REV-001640,PB-00128,CB-01489,4,Arrived on time and works perfectly.,2025-08-10,store-b
REV-001641,PROD-A-00462,CUST-A-00224,3,"Broke after two weeks, terrible quality.",2025-12-11,store-a
REV-001642,PROD-A-00272,CUST-A-01001,1,"Excellent value for money, highly recommend!",2024-11-18,store-a
REV-001643,PROD-A-00161,CUST-A-01575,4,Exceeded my expectations in every way.,2025-10-09,store-a
REV-001644,PROD-A-00467,CUST-A-00060,2,Absolutely love it! Will buy again.,2025-10-23,store-a
REV-001645,PROD-A-00106,CUST-A-01524,2,"Okay for the price, gets the job done.",2024-07-15,store-a
REV-001646,PROD-A-00047,CUST-A-01541,2,Quality could be better for the price.,2025-12-21,store-a
REV-001647,PB-00148,CB-00632,1,Absolutely love it! Will buy again.,2025-06-09,store-b
REV-001648,PROD-A-00240,CUST-A-00803,3,Decent product for everyday use.,2025-05-31,store-a
REV-001649,PROD-A-00047,CUST-A-00944,4,Best purchase I've made this year!,2025-05-11,store-a
REV-001650,PB-00031,CB-00410,4,Decent product for everyday use.,2024-04-14,store-b
REV-001651,PROD-A-00395,CUST-A-01731,5,"Great product, exactly what I needed!",2024-12-23,store-a
REV-001652,PB-00133,CB-00097,2,Absolutely love it! Will buy again.,2024-06-28,store-b
REV-001653,PB-00324,CB-01206,1,Arrived on time and works perfectly.,2025-03-04,store-b
REV-001654,PB-00399,CB-00645,5,"Great product, exactly what I needed!",2025-01-19,store-b
REV-001655,PB-00393,CB-00800,1,Arrived on time and works perfectly.,2025-02-05,store-b
REV-001656,PROD-A-00293,CUST-A-01998,5,Absolutely love it! Will buy again.,2025-05-14,store-a
REV-001657,PB-00079,CB-00894,2,Decent product for everyday use.,2025-01-20,store-b
REV-001658,PROD-A-00432,CUST-A-00188,3,Decent product for everyday use.,2024-10-26,store-a
REV-001659,PROD-A-00378,CUST-A-01640,2,"Broke after two weeks, terrible quality.",2024-10-20,store-a
REV-001660,PROD-A-00419,CUST-A-00181,3,Good but shipping was too slow.,2025-06-26,store-a
REV-001661,PROD-A-00001,CUST-A-01447,4,Exceeded my expectations in every way.,2025-02-15,store-a
REV-001662,PB-00247,CB-01483,2,"Great product, exactly what I needed!",2024-06-08,store-b
REV-001663,PROD-A-00352,CUST-A-01580,1,Quality could be better for the price.,2024-07-24,store-a
REV-001664,PB-00258,CB-01354,1,"Average product, nothing special.",2025-01-19,store-b
REV-001665,PROD-A-00154,CUST-A-01083,4,"Excellent value for money, highly recommend!",2024-11-02,store-a
REV-001666,PB-00080,CB-01411,5,"Not as described, very disappointed.",2024-05-29,store-b
REV-001667,PROD-A-00032,CUST-A-01445,5,"Perfect gift, the recipient loved it!",2024-03-09,store-a
REV-001668,PB-00398,CB-00766,2,Arrived on time and works perfectly.,2025-01-12,store-b
REV-001669,PB-00346,CB-00644,2,"Perfect gift, the recipient loved it!",2025-10-12,store-b
REV-001670,PB-00238,CB-01443,3,"Not as described, very disappointed.",2025-08-14,store-b
REV-001671,PB-00007,CB-00317,2,"Perfect gift, the recipient loved it!",2024-08-20,store-b
REV-001672,PROD-A-00305,CUST-A-00813,2,Quality could be better for the price.,2024-12-23,store-a
REV-001673,PROD-A-00453,CUST-A-00448,5,"Would not recommend, poor build quality.",2025-09-16,store-a
REV-001674,PB-00395,CB-01250,2,"Not as described, very disappointed.",2024-10-15,store-b
REV-001675,PB-00232,CB-00101,4,"Excellent value for money, highly recommend!",2025-04-19,store-b
REV-001676,PROD-A-00317,CUST-A-01927,3,"Okay for the price, gets the job done.",2025-09-08,store-a
REV-001677,PROD-A-00434,CUST-A-01742,3,"Excellent value for money, highly recommend!",2025-02-08,store-a
REV-001678,PROD-A-00121,CUST-A-00735,3,Quality could be better for the price.,2024-01-01,store-a
REV-001679,PB-00398,CB-00238,1,"Perfect gift, the recipient loved it!",2024-09-23,store-b
REV-001680,PB-00200,CB-00119,5,"Broke after two weeks, terrible quality.",2025-02-09,store-b
REV-001681,PB-00069,CB-00263,3,Quality could be better for the price.,2024-04-04,store-b
REV-001682,PROD-A-00380,CUST-A-01628,5,"Perfect gift, the recipient loved it!",2024-08-25,store-a
REV-001683,PROD-A-00273,CUST-A-01424,2,"Would not recommend, poor build quality.",2024-08-27,store-a
REV-001684,PB-00383,CB-01038,5,Decent product for everyday use.,2025-02-28,store-b
REV-001685,PROD-A-00249,CUST-A-00250,3,"Not as described, very disappointed.",2025-07-28,store-a
REV-001686,PB-00185,CB-00401,2,Best purchase I've made this year!,2024-06-23,store-b
REV-001687,PROD-A-00211,CUST-A-00920,4,"Great product, exactly what I needed!",2024-04-26,store-a
REV-001688,PROD-A-00196,CUST-A-00939,2,Best purchase I've made this year!,2025-11-25,store-a
REV-001689,PROD-A-00070,CUST-A-01878,1,Arrived on time and works perfectly.,2024-11-20,store-a
REV-001690,PROD-A-00209,CUST-A-00684,2,Exceeded my expectations in every way.,2025-10-11,store-a
REV-001691,PROD-A-00426,CUST-A-01556,4,"Excellent value for money, highly recommend!",2024-07-22,store-a
REV-001692,PROD-A-00336,CUST-A-00995,4,Good but shipping was too slow.,2024-01-20,store-a
REV-001693,PROD-A-00243,CUST-A-01592,4,Best purchase I've made this year!,2024-08-01,store-a
REV-001694,PROD-A-00415,CUST-A-00999,4,Best purchase I've made this year!,2024-02-17,store-a
REV-001695,PROD-A-00192,CUST-A-01310,3,"Not as described, very disappointed.",2025-02-24,store-a
REV-001696,PROD-A-00332,CUST-A-01997,5,Exceeded my expectations in every way.,2025-03-07,store-a
REV-001697,PROD-A-00219,CUST-A-00800,1,Quality could be better for the price.,2024-12-23,store-a
REV-001698,PB-00137,CB-00339,3,Good but shipping was too slow.,2025-11-10,store-b
REV-001699,PB-00383,CB-00200,5,"Perfect gift, the recipient loved it!",2024-03-31,store-b
REV-001700,PB-00344,CB-00673,2,Decent product for everyday use.,2025-06-03,store-b
REV-001701,PROD-A-00050,CUST-A-00459,2,"Would not recommend, poor build quality.",2024-12-18,store-a
REV-001702,PB-00303,CB-01390,2,"Not as described, very disappointed.",2024-07-25,store-b
REV-001703,PROD-A-00487,CUST-A-00883,2,Arrived on time and works perfectly.,2024-03-17,store-a
REV-001704,PB-00067,CB-00845,4,Quality could be better for the price.,2025-10-20,store-b
REV-001705,PROD-A-00197,CUST-A-00921,1,Arrived on time and works perfectly.,2024-12-21,store-a
REV-001706,PB-00205,CB-01033,1,"Excellent value for money, highly recommend!",2025-07-25,store-b
REV-001707,PROD-A-00384,CUST-A-00782,3,Quality could be better for the price.,2025-09-03,store-a
REV-001708,PROD-A-00220,CUST-A-00554,1,"Would not recommend, poor build quality.",2024-06-08,store-a
REV-001709,PB-00232,CB-01268,5,Exceeded my expectations in every way.,2024-10-27,store-b
REV-001710,PB-00258,CB-00266,1,Exceeded my expectations in every way.,2025-04-01,store-b
REV-001711,PB-00049,CB-00986,4,Good but shipping was too slow.,2024-01-13,store-b
REV-001712,PROD-A-00442,CUST-A-00023,2,"Broke after two weeks, terrible quality.",2024-08-02,store-a
REV-001713,PROD-A-00341,CUST-A-00979,1,Absolutely love it! Will buy again.,2025-11-01,store-a
REV-001714,PROD-A-00195,CUST-A-00799,3,Arrived on time and works perfectly.,2025-02-17,store-a
REV-001715,PB-00137,CB-01049,3,Absolutely love it! Will buy again.,2025-12-20,store-b
REV-001716,PB-00387,CB-01151,4,Best purchase I've made this year!,2025-01-28,store-b
REV-001717,PROD-A-00015,CUST-A-02000,5,"Perfect gift, the recipient loved it!",2024-11-08,store-a
REV-001718,PB-00202,CB-00946,2,Quality could be better for the price.,2024-11-22,store-b
REV-001719,PB-00192,CB-00518,4,Exceeded my expectations in every way.,2025-11-22,store-b
REV-001720,PROD-A-00438,CUST-A-00364,2,"Not as described, very disappointed.",2025-12-24,store-a
REV-001721,PROD-A-00154,CUST-A-00613,4,Exceeded my expectations in every way.,2024-01-23,store-a
REV-001722,PB-00071,CB-00986,5,Arrived on time and works perfectly.,2024-03-03,store-b
REV-001723,PROD-A-00078,CUST-A-00587,4,Good but shipping was too slow.,2025-08-20,store-a
REV-001724,PROD-A-00264,CUST-A-00075,1,"Would not recommend, poor build quality.",2024-05-21,store-a
REV-001725,PROD-A-00141,CUST-A-01649,3,"Perfect gift, the recipient loved it!",2024-07-31,store-a
REV-001726,PROD-A-00437,CUST-A-01294,1,Arrived on time and works perfectly.,2024-04-22,store-a
REV-001727,PROD-A-00139,CUST-A-00144,1,Absolutely love it! Will buy again.,2025-09-14,store-a
REV-001728,PROD-A-00245,CUST-A-01636,4,"Broke after two weeks, terrible quality.",2024-03-24,store-a
REV-001729,PROD-A-00223,CUST-A-01926,3,Exceeded my expectations in every way.,2024-10-24,store-a
REV-001730,PROD-A-00070,CUST-A-00694,4,Absolutely love it! Will buy again.,2025-07-09,store-a
REV-001731,PROD-A-00077,CUST-A-00541,4,"Broke after two weeks, terrible quality.",2025-10-07,store-a
REV-001732,PROD-A-00486,CUST-A-00286,5,"Great product, exactly what I needed!",2025-11-03,store-a
REV-001733,PROD-A-00324,CUST-A-00133,4,"Perfect gift, the recipient loved it!",2025-11-03,store-a
REV-001734,PB-00056,CB-01386,3,"Excellent value for money, highly recommend!",2025-07-01,store-b
REV-001735,PROD-A-00430,CUST-A-00343,1,"Not as described, very disappointed.",2024-11-18,store-a
REV-001736,PROD-A-00080,CUST-A-01493,4,"Would not recommend, poor build quality.",2025-03-23,store-a
REV-001737,PB-00162,CB-00247,5,"Not as described, very disappointed.",2024-09-14,store-b
REV-001738,PROD-A-00447,CUST-A-01740,5,Exceeded my expectations in every way.,2025-01-09,store-a
REV-001739,PROD-A-00243,CUST-A-00895,4,"Great product, exactly what I needed!",2024-10-11,store-a
REV-001740,PROD-A-00429,CUST-A-00833,4,Good but shipping was too slow.,2024-11-13,store-a
REV-001741,PROD-A-00028,CUST-A-01504,5,Best purchase I've made this year!,2025-01-20,store-a
REV-001742,PROD-A-00110,CUST-A-00023,2,Quality could be better for the price.,2024-04-30,store-a
REV-001743,PROD-A-00209,CUST-A-00580,2,"Average product, nothing special.",2024-03-28,store-a
REV-001744,PROD-A-00257,CUST-A-00922,4,"Broke after two weeks, terrible quality.",2024-03-15,store-a
REV-001745,PB-00361,CB-00114,2,Quality could be better for the price.,2024-03-15,store-b
REV-001746,PROD-A-00045,CUST-A-01044,2,Decent product for everyday use.,2024-05-10,store-a
REV-001747,PROD-A-00040,CUST-A-01519,3,"Perfect gift, the recipient loved it!",2025-01-08,store-a
REV-001748,PB-00258,CB-00924,2,Absolutely love it! Will buy again.,2024-10-18,store-b
REV-001749,PROD-A-00003,CUST-A-01595,5,"Perfect gift, the recipient loved it!",2025-05-21,store-a
REV-001750,PROD-A-00368,CUST-A-01262,1,"Okay for the price, gets the job done.",2025-10-15,store-a
REV-001751,PB-00273,CB-00864,4,"Would not recommend, poor build quality.",2025-08-04,store-b
REV-001752,PROD-A-00130,CUST-A-00504,4,Good but shipping was too slow.,2025-10-18,store-a
REV-001753,PB-00105,CB-00580,3,Decent product for everyday use.,2025-02-07,store-b
REV-001754,PB-00395,CB-01107,3,Arrived on time and works perfectly.,2025-11-04,store-b
REV-001755,PB-00090,CB-00498,1,Best purchase I've made this year!,2024-08-14,store-b
REV-001756,PROD-A-00331,CUST-A-00259,3,Arrived on time and works perfectly.,2025-06-03,store-a
REV-001757,PROD-A-00219,CUST-A-01595,3,Quality could be better for the price.,2025-03-24,store-a
REV-001758,PROD-A-00166,CUST-A-01158,2,Decent product for everyday use.,2025-03-15,store-a
REV-001759,PB-00014,CB-00195,3,"Perfect gift, the recipient loved it!",2025-02-18,store-b
REV-001760,PROD-A-00483,CUST-A-00978,1,"Average product, nothing special.",2024-06-07,store-a
REV-001761,PROD-A-00113,CUST-A-00632,1,Exceeded my expectations in every way.,2024-02-27,store-a
REV-001762,PB-00050,CB-00964,5,"Would not recommend, poor build quality.",2024-02-09,store-b
REV-001763,PROD-A-00126,CUST-A-00936,5,Exceeded my expectations in every way.,2025-08-16,store-a
REV-001764,PB-00006,CB-01107,2,Arrived on time and works perfectly.,2024-03-11,store-b
REV-001765,PROD-A-00349,CUST-A-00447,5,Arrived on time and works perfectly.,2025-03-11,store-a
REV-001766,PROD-A-00448,CUST-A-00394,5,"Excellent value for money, highly recommend!",2024-11-30,store-a
REV-001767,PB-00144,CB-00978,4,"Great product, exactly what I needed!",2024-02-15,store-b
REV-001768,PB-00321,CB-00971,1,Quality could be better for the price.,2024-11-06,store-b
REV-001769,PROD-A-00051,CUST-A-01432,1,"Excellent value for money, highly recommend!",2024-06-30,store-a
REV-001770,PB-00041,CB-00386,5,"Broke after two weeks, terrible quality.",2024-11-01,store-b
REV-001771,PROD-A-00274,CUST-A-01778,2,"Perfect gift, the recipient loved it!",2024-07-31,store-a
REV-001772,PB-00205,CB-00854,5,"Excellent value for money, highly recommend!",2024-05-22,store-b
REV-001773,PB-00335,CB-00258,5,Decent product for everyday use.,2025-12-24,store-b
REV-001774,PROD-A-00193,CUST-A-00450,1,Decent product for everyday use.,2024-01-23,store-a
REV-001775,PB-00370,CB-00741,1,"Not as described, very disappointed.",2024-12-05,store-b
REV-001776,PB-00320,CB-01306,4,"Excellent value for money, highly recommend!",2024-08-30,store-b
REV-001777,PB-00218,CB-00028,3,Arrived on time and works perfectly.,2024-02-08,store-b
REV-001778,PB-00189,CB-00317,1,Absolutely love it! Will buy again.,2025-05-14,store-b
REV-001779,PROD-A-00070,CUST-A-00286,5,Quality could be better for the price.,2024-10-27,store-a
REV-001780,PB-00291,CB-00778,2,"Not as described, very disappointed.",2024-10-01,store-b
REV-001781,PB-00029,CB-00826,3,Best purchase I've made this year!,2025-12-07,store-b
REV-001782,PB-00294,CB-01420,2,Quality could be better for the price.,2025-12-31,store-b
REV-001783,PB-00086,CB-00390,3,Good but shipping was too slow.,2024-09-21,store-b
REV-001784,PROD-A-00499,CUST-A-00779,2,Arrived on time and works perfectly.,2025-12-31,store-a
REV-001785,PROD-A-00105,CUST-A-01595,3,"Average product, nothing special.",2024-05-21,store-a
REV-001786,PB-00179,CB-00994,3,Decent product for everyday use.,2025-07-19,store-b
REV-001787,PROD-A-00204,CUST-A-01433,1,Decent product for everyday use.,2024-05-07,store-a
REV-001788,PB-00092,CB-01193,4,"Great product, exactly what I needed!",2025-12-04,store-b
REV-001789,PROD-A-00421,CUST-A-01507,2,"Would not recommend, poor build quality.",2025-08-24,store-a
REV-001790,PROD-A-00162,CUST-A-00060,2,Arrived on time and works perfectly.,2024-03-10,store-a
REV-001791,PB-00005,CB-00145,5,"Great product, exactly what I needed!",2024-01-13,store-b
REV-001792,PROD-A-00319,CUST-A-01311,1,Exceeded my expectations in every way.,2025-05-05,store-a
REV-001793,PROD-A-00316,CUST-A-01052,2,Best purchase I've made this year!,2024-07-27,store-a
REV-001794,PROD-A-00254,CUST-A-01221,5,"Great product, exactly what I needed!",2025-03-26,store-a
REV-001795,PB-00006,CB-01281,4,Good but shipping was too slow.,2025-03-26,store-b
REV-001796,PROD-A-00395,CUST-A-01200,1,"Not as described, very disappointed.",2025-01-09,store-a
REV-001797,PB-00323,CB-00715,2,"Average product, nothing special.",2024-02-04,store-b
REV-001798,PB-00365,CB-00722,1,"Average product, nothing special.",2025-06-08,store-b
REV-001799,PROD-A-00014,CUST-A-01550,5,"Excellent value for money, highly recommend!",2025-03-06,store-a
REV-001800,PB-00013,CB-00971,4,"Perfect gift, the recipient loved it!",2024-12-15,store-b
REV-001801,PB-00284,CB-00311,4,"Would not recommend, poor build quality.",2024-06-04,store-b
REV-001802,PB-00078,CB-00463,2,Quality could be better for the price.,2024-07-05,store-b
REV-001803,PROD-A-00308,CUST-A-01145,2,Absolutely love it! Will buy again.,2025-05-03,store-a
REV-001804,PROD-A-00056,CUST-A-00213,4,Absolutely love it! Will buy again.,2025-09-16,store-a
REV-001805,PROD-A-00442,CUST-A-00164,1,Decent product for everyday use.,2024-01-13,store-a
REV-001806,PB-00087,CB-01037,5,"Okay for the price, gets the job done.",2025-06-25,store-b
REV-001807,PB-00150,CB-00587,4,Good but shipping was too slow.,2024-08-17,store-b
REV-001808,PROD-A-00154,CUST-A-01210,3,Best purchase I've made this year!,2024-06-26,store-a
REV-001809,PROD-A-00119,CUST-A-01820,3,"Okay for the price, gets the job done.",2025-01-31,store-a
REV-001810,PROD-A-00152,CUST-A-00684,5,"Excellent value for money, highly recommend!",2024-03-21,store-a
REV-001811,PB-00112,CB-00772,2,Absolutely love it! Will buy again.,2025-09-24,store-b
REV-001812,PB-00091,CB-01050,2,"Perfect gift, the recipient loved it!",2025-05-16,store-b
REV-001813,PB-00368,CB-00800,4,"Okay for the price, gets the job done.",2025-10-20,store-b
REV-001814,PB-00153,CB-01213,2,"Would not recommend, poor build quality.",2024-01-14,store-b
REV-001815,PROD-A-00125,CUST-A-01934,5,"Perfect gift, the recipient loved it!",2025-09-22,store-a
REV-001816,PROD-A-00149,CUST-A-00468,4,Decent product for everyday use.,2025-05-19,store-a
REV-001817,PB-00035,CB-01192,5,Quality could be better for the price.,2024-06-14,store-b
REV-001818,PB-00144,CB-00432,1,Exceeded my expectations in every way.,2025-07-03,store-b
REV-001819,PB-00118,CB-00588,3,"Not as described, very disappointed.",2025-11-20,store-b
REV-001820,PROD-A-00384,CUST-A-00689,2,Decent product for everyday use.,2024-09-23,store-a
REV-001821,PB-00056,CB-00187,4,"Average product, nothing special.",2025-04-20,store-b
REV-001822,PB-00010,CB-01476,1,Decent product for everyday use.,2024-02-02,store-b
REV-001823,PROD-A-00034,CUST-A-00281,2,"Okay for the price, gets the job done.",2024-12-08,store-a
REV-001824,PB-00265,CB-00437,4,Absolutely love it! Will buy again.,2025-10-08,store-b
REV-001825,PB-00092,CB-00923,5,"Excellent value for money, highly recommend!",2024-09-24,store-b
REV-001826,PB-00082,CB-01106,2,"Excellent value for money, highly recommend!",2025-08-27,store-b
REV-001827,PROD-A-00056,CUST-A-01260,1,"Would not recommend, poor build quality.",2025-05-24,store-a
REV-001828,PROD-A-00353,CUST-A-00385,3,"Broke after two weeks, terrible quality.",2024-10-21,store-a
REV-001829,PB-00376,CB-00869,3,Quality could be better for the price.,2024-01-10,store-b
REV-001830,PROD-A-00211,CUST-A-01662,3,Quality could be better for the price.,2024-07-02,store-a
REV-001831,PROD-A-00042,CUST-A-00454,3,"Would not recommend, poor build quality.",2025-04-18,store-a
REV-001832,PB-00340,CB-01272,3,"Not as described, very disappointed.",2025-10-14,store-b
REV-001833,PB-00378,CB-00523,2,Good but shipping was too slow.,2025-11-23,store-b
REV-001834,PROD-A-00459,CUST-A-00755,3,Good but shipping was too slow.,2025-12-05,store-a
REV-001835,PROD-A-00083,CUST-A-00117,5,Quality could be better for the price.,2024-04-06,store-a
REV-001836,PB-00104,CB-00083,5,Absolutely love it! Will buy again.,2025-04-28,store-b
REV-001837,PB-00031,CB-00457,5,"Perfect gift, the recipient loved it!",2024-07-10,store-b
REV-001838,PB-00359,CB-00125,3,Quality could be better for the price.,2024-01-12,store-b
REV-001839,PB-00292,CB-00782,2,"Great product, exactly what I needed!",2024-04-02,store-b
REV-001840,PROD-A-00118,CUST-A-01366,1,"Would not recommend, poor build quality.",2025-12-26,store-a
REV-001841,PB-00048,CB-00360,4,"Broke after two weeks, terrible quality.",2025-07-18,store-b
REV-001842,PB-00367,CB-00812,2,"Excellent value for money, highly recommend!",2024-12-26,store-b
REV-001843,PB-00125,CB-00138,1,Decent product for everyday use.,2024-04-01,store-b
REV-001844,PROD-A-00100,CUST-A-00622,1,"Great product, exactly what I needed!",2025-02-08,store-a
REV-001845,PROD-A-00257,CUST-A-00087,1,"Not as described, very disappointed.",2025-04-01,store-a
REV-001846,PB-00135,CB-00797,2,"Not as described, very disappointed.",2025-12-25,store-b
REV-001847,PB-00360,CB-00001,5,"Great product, exactly what I needed!",2025-08-20,store-b
REV-001848,PROD-A-00067,CUST-A-00290,5,Absolutely love it! Will buy again.,2024-09-10,store-a
REV-001849,PROD-A-00066,CUST-A-01555,5,"Great product, exactly what I needed!",2024-04-17,store-a
REV-001850,PB-00323,CB-00607,1,"Broke after two weeks, terrible quality.",2025-09-27,store-b
REV-001851,PROD-A-00013,CUST-A-00658,4,"Average product, nothing special.",2024-02-29,store-a
REV-001852,PROD-A-00467,CUST-A-01790,1,Good but shipping was too slow.,2025-08-19,store-a
REV-001853,PB-00149,CB-00337,5,Good but shipping was too slow.,2025-08-25,store-b
REV-001854,PROD-A-00317,CUST-A-01915,1,"Not as described, very disappointed.",2025-07-13,store-a
REV-001855,PB-00317,CB-00623,5,Good but shipping was too slow.,2024-03-25,store-b
REV-001856,PB-00107,CB-00153,3,"Great product, exactly what I needed!",2025-06-07,store-b
REV-001857,PROD-A-00028,CUST-A-00257,5,Quality could be better for the price.,2025-12-28,store-a
REV-001858,PROD-A-00159,CUST-A-00814,2,Good but shipping was too slow.,2025-07-27,store-a
REV-001859,PB-00226,CB-01140,4,Exceeded my expectations in every way.,2024-02-15,store-b
REV-001860,PB-00353,CB-00613,4,Best purchase I've made this year!,2025-03-05,store-b
REV-001861,PROD-A-00279,CUST-A-00963,5,Decent product for everyday use.,2025-01-06,store-a
REV-001862,PB-00283,CB-00640,5,Good but shipping was too slow.,2025-11-14,store-b
REV-001863,PB-00134,CB-00567,5,"Okay for the price, gets the job done.",2024-04-01,store-b
REV-001864,PB-00144,CB-01048,5,"Broke after two weeks, terrible quality.",2025-04-16,store-b
REV-001865,PROD-A-00056,CUST-A-01989,2,Absolutely love it! Will buy again.,2025-06-15,store-a
REV-001866,PB-00081,CB-00326,3,Arrived on time and works perfectly.,2024-11-25,store-b
REV-001867,PROD-A-00032,CUST-A-01127,3,Best purchase I've made this year!,2024-08-01,store-a
REV-001868,PB-00363,CB-00009,4,Best purchase I've made this year!,2024-12-11,store-b
REV-001869,PROD-A-00084,CUST-A-01472,1,"Broke after two weeks, terrible quality.",2025-02-28,store-a
REV-001870,PB-00270,CB-00592,1,"Okay for the price, gets the job done.",2025-07-31,store-b
REV-001871,PROD-A-00227,CUST-A-01244,2,"Perfect gift, the recipient loved it!",2025-10-15,store-a
REV-001872,PB-00254,CB-00647,1,"Would not recommend, poor build quality.",2024-02-22,store-b
REV-001873,PB-00212,CB-01217,1,"Great product, exactly what I needed!",2025-05-17,store-b
REV-001874,PROD-A-00163,CUST-A-00114,5,Best purchase I've made this year!,2024-03-17,store-a
REV-001875,PB-00167,CB-01431,3,"Perfect gift, the recipient loved it!",2024-08-01,store-b
REV-001876,PROD-A-00015,CUST-A-00186,2,"Not as described, very disappointed.",2025-03-07,store-a
REV-001877,PB-00045,CB-01446,2,Good but shipping was too slow.,2024-02-14,store-b
REV-001878,PROD-A-00465,CUST-A-01923,1,Best purchase I've made this year!,2024-01-11,store-a
REV-001879,PB-00017,CB-00251,1,"Okay for the price, gets the job done.",2025-05-01,store-b
REV-001880,PROD-A-00180,CUST-A-01917,3,"Average product, nothing special.",2025-01-31,store-a
REV-001881,PB-00178,CB-01108,5,"Excellent value for money, highly recommend!",2025-06-20,store-b
REV-001882,PB-00098,CB-00430,1,Good but shipping was too slow.,2024-02-18,store-b
REV-001883,PB-00144,CB-00167,1,"Would not recommend, poor build quality.",2024-01-25,store-b
REV-001884,PB-00175,CB-01264,1,"Not as described, very disappointed.",2024-04-06,store-b
REV-001885,PB-00086,CB-01297,3,"Average product, nothing special.",2025-10-15,store-b
REV-001886,PB-00314,CB-01369,1,"Okay for the price, gets the job done.",2025-07-22,store-b
REV-001887,PB-00300,CB-00997,1,Exceeded my expectations in every way.,2025-10-27,store-b
REV-001888,PROD-A-00341,CUST-A-01358,3,Absolutely love it! Will buy again.,2025-03-20,store-a
REV-001889,PB-00259,CB-00639,5,Exceeded my expectations in every way.,2025-01-09,store-b
REV-001890,PB-00228,CB-01189,3,"Excellent value for money, highly recommend!",2024-07-30,store-b
REV-001891,PB-00195,CB-00589,1,"Average product, nothing special.",2025-11-30,store-b
REV-001892,PROD-A-00337,CUST-A-00691,4,"Not as described, very disappointed.",2025-02-21,store-a
REV-001893,PB-00114,CB-00370,3,Exceeded my expectations in every way.,2024-04-21,store-b
REV-001894,PB-00243,CB-00807,2,"Okay for the price, gets the job done.",2025-05-17,store-b
REV-001895,PB-00259,CB-01479,5,Good but shipping was too slow.,2025-07-22,store-b
REV-001896,PB-00326,CB-00483,4,"Great product, exactly what I needed!",2025-06-27,store-b
REV-001897,PROD-A-00394,CUST-A-01992,1,"Okay for the price, gets the job done.",2025-03-16,store-a
REV-001898,PROD-A-00061,CUST-A-00764,1,Arrived on time and works perfectly.,2024-12-11,store-a
REV-001899,PB-00166,CB-00748,2,Exceeded my expectations in every way.,2025-12-29,store-b
REV-001900,PROD-A-00083,CUST-A-00605,2,Exceeded my expectations in every way.,2025-11-15,store-a
REV-001901,PB-00060,CB-01070,3,"Would not recommend, poor build quality.",2024-03-27,store-b
REV-001902,PB-00266,CB-01465,2,"Not as described, very disappointed.",2024-10-09,store-b
REV-001903,PB-00146,CB-01433,1,Absolutely love it! Will buy again.,2025-01-12,store-b
REV-001904,PB-00187,CB-00999,3,Good but shipping was too slow.,2025-01-10,store-b
REV-001905,PB-00063,CB-00425,3,Best purchase I've made this year!,2025-03-29,store-b
REV-001906,PB-00259,CB-00029,2,Good but shipping was too slow.,2025-02-05,store-b
REV-001907,PB-00156,CB-01214,2,Good but shipping was too slow.,2024-10-22,store-b
REV-001908,PB-00276,CB-00327,3,"Broke after two weeks, terrible quality.",2025-09-02,store-b
REV-001909,PB-00002,CB-01451,3,Arrived on time and works perfectly.,2025-07-28,store-b
REV-001910,PROD-A-00164,CUST-A-00627,2,Exceeded my expectations in every way.,2025-04-18,store-a
REV-001911,PROD-A-00231,CUST-A-00548,4,Best purchase I've made this year!,2024-05-31,store-a
REV-001912,PROD-A-00369,CUST-A-00198,1,Good but shipping was too slow.,2024-12-16,store-a
REV-001913,PROD-A-00202,CUST-A-01152,1,Best purchase I've made this year!,2025-08-25,store-a
REV-001914,PB-00330,CB-00208,3,Exceeded my expectations in every way.,2024-01-10,store-b
REV-001915,PROD-A-00461,CUST-A-01103,5,Best purchase I've made this year!,2024-06-03,store-a
REV-001916,PROD-A-00474,CUST-A-01433,5,Absolutely love it! Will buy again.,2025-01-14,store-a
REV-001917,PROD-A-00204,CUST-A-00039,5,"Average product, nothing special.",2024-10-29,store-a
REV-001918,PB-00030,CB-01008,4,"Excellent value for money, highly recommend!",2024-04-02,store-b
REV-001919,PROD-A-00117,CUST-A-00088,5,Arrived on time and works perfectly.,2024-06-02,store-a
REV-001920,PROD-A-00048,CUST-A-01870,3,"Would not recommend, poor build quality.",2025-12-20,store-a
REV-001921,PROD-A-00437,CUST-A-00210,2,"Excellent value for money, highly recommend!",2024-08-31,store-a
REV-001922,PB-00121,CB-00388,5,Best purchase I've made this year!,2025-12-21,store-b
REV-001923,PB-00296,CB-00236,5,Absolutely love it! Will buy again.,2025-01-05,store-b
REV-001924,PB-00309,CB-01305,4,"Perfect gift, the recipient loved it!",2025-02-27,store-b
REV-001925,PROD-A-00207,CUST-A-00918,5,Quality could be better for the price.,2024-09-26,store-a
REV-001926,PROD-A-00182,CUST-A-00441,1,Quality could be better for the price.,2024-04-07,store-a
REV-001927,PROD-A-00409,CUST-A-00084,3,Quality could be better for the price.,2024-08-21,store-a
REV-001928,PROD-A-00143,CUST-A-01184,4,Exceeded my expectations in every way.,2024-11-07,store-a
REV-001929,PB-00184,CB-00310,1,"Excellent value for money, highly recommend!",2024-09-09,store-b
REV-001930,PROD-A-00084,CUST-A-00873,3,"Great product, exactly what I needed!",2024-08-18,store-a
REV-001931,PB-00252,CB-01124,5,"Not as described, very disappointed.",2024-01-04,store-b
REV-001932,PB-00299,CB-00523,2,Quality could be better for the price.,2024-11-20,store-b
REV-001933,PB-00356,CB-01217,3,"Average product, nothing special.",2025-09-29,store-b
REV-001934,PB-00055,CB-00848,2,Quality could be better for the price.,2024-03-10,store-b
REV-001935,PROD-A-00191,CUST-A-01464,2,Decent product for everyday use.,2024-11-24,store-a
REV-001936,PROD-A-00199,CUST-A-01776,2,"Broke after two weeks, terrible quality.",2024-06-12,store-a
REV-001937,PB-00325,CB-00064,4,Exceeded my expectations in every way.,2024-08-02,store-b
REV-001938,PROD-A-00291,CUST-A-00424,2,Exceeded my expectations in every way.,2025-03-04,store-a
REV-001939,PROD-A-00135,CUST-A-00222,3,"Perfect gift, the recipient loved it!",2024-09-13,store-a
REV-001940,PROD-A-00093,CUST-A-00471,4,Best purchase I've made this year!,2025-12-14,store-a
REV-001941,PROD-A-00388,CUST-A-01424,4,"Great product, exactly what I needed!",2024-08-17,store-a
REV-001942,PB-00126,CB-00906,5,"Broke after two weeks, terrible quality.",2025-07-02,store-b
REV-001943,PB-00161,CB-00329,3,Best purchase I've made this year!,2024-02-11,store-b
REV-001944,PB-00050,CB-01075,3,Arrived on time and works perfectly.,2024-06-05,store-b
REV-001945,PROD-A-00232,CUST-A-00360,2,Decent product for everyday use.,2025-08-08,store-a
REV-001946,PB-00224,CB-01311,5,Exceeded my expectations in every way.,2024-11-30,store-b
REV-001947,PROD-A-00002,CUST-A-00378,4,Quality could be better for the price.,2024-05-25,store-a
REV-001948,PROD-A-00210,CUST-A-01169,1,Absolutely love it! Will buy again.,2024-08-05,store-a
REV-001949,PB-00390,CB-00784,5,"Not as described, very disappointed.",2025-10-31,store-b
REV-001950,PB-00132,CB-00976,2,Absolutely love it! Will buy again.,2024-02-18,store-b
REV-001951,PB-00394,CB-00632,3,"Would not recommend, poor build quality.",2024-07-17,store-b
REV-001952,PB-00384,CB-00741,3,Good but shipping was too slow.,2024-11-20,store-b
REV-001953,PROD-A-00004,CUST-A-01269,2,"Perfect gift, the recipient loved it!",2025-04-20,store-a
REV-001954,PROD-A-00477,CUST-A-01470,2,"Average product, nothing special.",2025-08-15,store-a
REV-001955,PB-00397,CB-00897,3,"Okay for the price, gets the job done.",2025-09-14,store-b
REV-001956,PROD-A-00034,CUST-A-00288,2,Arrived on time and works perfectly.,2025-08-15,store-a
REV-001957,PB-00043,CB-01210,2,"Perfect gift, the recipient loved it!",2024-01-15,store-b
REV-001958,PB-00151,CB-00154,3,"Excellent value for money, highly recommend!",2025-04-13,store-b
REV-001959,PROD-A-00391,CUST-A-01446,2,Decent product for everyday use.,2025-06-29,store-a
REV-001960,PB-00013,CB-00313,3,"Perfect gift, the recipient loved it!",2024-10-12,store-b
REV-001961,PROD-A-00440,CUST-A-00501,1,Absolutely love it! Will buy again.,2024-02-14,store-a
REV-001962,PB-00210,CB-00807,4,Arrived on time and works perfectly.,2024-10-04,store-b
REV-001963,PB-00055,CB-00783,2,Quality could be better for the price.,2024-06-13,store-b
REV-001964,PROD-A-00202,CUST-A-01706,5,"Average product, nothing special.",2024-10-04,store-a
REV-001965,PB-00325,CB-00036,1,Absolutely love it! Will buy again.,2024-11-03,store-b
REV-001966,PB-00290,CB-01051,2,Arrived on time and works perfectly.,2025-02-23,store-b
REV-001967,PROD-A-00302,CUST-A-01070,3,Arrived on time and works perfectly.,2025-05-31,store-a
REV-001968,PROD-A-00392,CUST-A-01353,2,"Not as described, very disappointed.",2025-06-22,store-a
REV-001969,PB-00219,CB-01314,1,Quality could be better for the price.,2024-12-21,store-b
REV-001970,PROD-A-00486,CUST-A-01483,1,"Excellent value for money, highly recommend!",2024-09-07,store-a
REV-001971,PB-00185,CB-00879,5,"Okay for the price, gets the job done.",2024-11-27,store-b
REV-001972,PB-00068,CB-00709,5,Best purchase I've made this year!,2025-07-26,store-b
REV-001973,PB-00108,CB-01173,5,Exceeded my expectations in every way.,2025-05-16,store-b
REV-001974,PB-00258,CB-00506,1,"Broke after two weeks, terrible quality.",2024-10-08,store-b
REV-001975,PB-00322,CB-00884,3,"Broke after two weeks, terrible quality.",2025-03-11,store-b
REV-001976,PROD-A-00497,CUST-A-01162,2,"Average product, nothing special.",2025-12-30,store-a
REV-001977,PB-00324,CB-00597,2,"Would not recommend, poor build quality.",2025-03-18,store-b
REV-001978,PB-00059,CB-01098,4,"Excellent value for money, highly recommend!",2025-09-07,store-b
REV-001979,PROD-A-00350,CUST-A-00758,1,Best purchase I've made this year!,2024-02-13,store-a
REV-001980,PROD-A-00012,CUST-A-01067,3,"Excellent value for money, highly recommend!",2025-08-28,store-a
REV-001981,PB-00087,CB-01470,3,"Not as described, very disappointed.",2024-04-25,store-b
REV-001982,PROD-A-00016,CUST-A-00759,2,Good but shipping was too slow.,2025-01-27,store-a
REV-001983,PROD-A-00360,CUST-A-01013,5,Quality could be better for the price.,2025-12-13,store-a
REV-001984,PB-00396,CB-01130,3,"Perfect gift, the recipient loved it!",2024-08-03,store-b
REV-001985,PROD-A-00274,CUST-A-01552,5,"Average product, nothing special.",2025-06-18,store-a
REV-001986,PROD-A-00474,CUST-A-01232,4,"Excellent value for money, highly recommend!",2024-04-28,store-a
REV-001987,PB-00237,CB-01360,1,Good but shipping was too slow.,2025-10-06,store-b
REV-001988,PB-00328,CB-01492,5,Arrived on time and works perfectly.,2024-10-11,store-b
REV-001989,PROD-A-00110,CUST-A-00628,2,Decent product for everyday use.,2024-10-12,store-a
REV-001990,PROD-A-00416,CUST-A-01620,1,"Excellent value for money, highly recommend!",2024-07-10,store-a
REV-001991,PB-00228,CB-00220,3,"Not as described, very disappointed.",2024-01-22,store-b
REV-001992,PROD-A-00037,CUST-A-00357,3,Arrived on time and works perfectly.,2025-11-20,store-a
REV-001993,PROD-A-00247,CUST-A-01575,2,Absolutely love it! Will buy again.,2024-01-26,store-a
REV-001994,PB-00215,CB-00144,5,"Perfect gift, the recipient loved it!",2024-04-18,store-b
REV-001995,PROD-A-00125,CUST-A-01435,1,"Perfect gift, the recipient loved it!",2025-10-06,store-a
REV-001996,PROD-A-00477,CUST-A-00107,1,"Excellent value for money, highly recommend!",2025-09-20,store-a
REV-001997,PB-00201,CB-00839,1,Exceeded my expectations in every way.,2024-12-08,store-b
REV-001998,PROD-A-00077,CUST-A-01264,3,"Excellent value for money, highly recommend!",2025-06-19,store-a
REV-001999,PROD-A-00205,CUST-A-01441,3,"Broke after two weeks, terrible quality.",2024-05-12,store-a
REV-002000,PROD-A-00128,CUST-A-01793,2,"Perfect gift, the recipient loved it!",2025-11-07,store-a
REV-002001,PROD-A-00369,CUST-A-00368,1,"Would not recommend, poor build quality.",2024-12-06,store-a
REV-002002,PB-00243,CB-00590,2,"Would not recommend, poor build quality.",2024-07-13,store-b
REV-002003,PB-00368,CB-01117,5,"Excellent value for money, highly recommend!",2024-02-12,store-b
REV-002004,PB-00210,CB-00815,3,"Would not recommend, poor build quality.",2025-11-07,store-b
REV-002005,PROD-A-00035,CUST-A-01306,5,"Great product, exactly what I needed!",2025-10-08,store-a
REV-002006,PB-00202,CB-00866,5,Good but shipping was too slow.,2025-04-17,store-b
REV-002007,PB-00037,CB-00763,4,"Broke after two weeks, terrible quality.",2025-06-08,store-b
REV-002008,PROD-A-00023,CUST-A-00676,2,"Not as described, very disappointed.",2025-03-07,store-a
REV-002009,PB-00299,CB-00920,1,Decent product for everyday use.,2024-01-14,store-b
REV-002010,PB-00346,CB-01024,1,"Average product, nothing special.",2025-06-04,store-b
REV-002011,PROD-A-00015,CUST-A-00682,4,Absolutely love it! Will buy again.,2024-03-05,store-a
REV-002012,PROD-A-00040,CUST-A-00496,5,"Average product, nothing special.",2024-06-27,store-a
REV-002013,PROD-A-00367,CUST-A-01187,2,Exceeded my expectations in every way.,2024-08-12,store-a
REV-002014,PROD-A-00248,CUST-A-00389,1,Decent product for everyday use.,2024-07-29,store-a
REV-002015,PB-00373,CB-00536,3,Quality could be better for the price.,2024-10-14,store-b
REV-002016,PROD-A-00216,CUST-A-00538,2,"Not as described, very disappointed.",2024-12-13,store-a
REV-002017,PROD-A-00081,CUST-A-01214,5,"Broke after two weeks, terrible quality.",2024-06-22,store-a
REV-002018,PB-00114,CB-01060,2,Best purchase I've made this year!,2025-08-31,store-b
REV-002019,PB-00244,CB-01289,3,Exceeded my expectations in every way.,2024-02-26,store-b
REV-002020,PROD-A-00119,CUST-A-01338,3,Good but shipping was too slow.,2024-08-23,store-a
REV-002021,PB-00184,CB-00247,2,Absolutely love it! Will buy again.,2025-05-29,store-b
REV-002022,PROD-A-00165,CUST-A-01266,3,"Not as described, very disappointed.",2025-03-13,store-a
REV-002023,PB-00189,CB-01308,5,"Broke after two weeks, terrible quality.",2025-01-21,store-b
REV-002024,PROD-A-00144,CUST-A-00940,4,"Okay for the price, gets the job done.",2025-10-13,store-a
REV-002025,PROD-A-00211,CUST-A-00490,3,Absolutely love it! Will buy again.,2024-06-20,store-a
REV-002026,PROD-A-00332,CUST-A-01115,4,Absolutely love it! Will buy again.,2024-06-06,store-a
REV-002027,PROD-A-00431,CUST-A-01225,3,"Great product, exactly what I needed!",2024-04-19,store-a
REV-002028,PB-00343,CB-00568,4,Good but shipping was too slow.,2024-11-07,store-b
REV-002029,PROD-A-00366,CUST-A-00173,2,"Perfect gift, the recipient loved it!",2025-07-07,store-a
REV-002030,PB-00001,CB-00994,2,Arrived on time and works perfectly.,2024-06-12,store-b
REV-002031,PB-00185,CB-00569,3,"Average product, nothing special.",2024-03-19,store-b
REV-002032,PROD-A-00127,CUST-A-01298,4,"Average product, nothing special.",2024-10-25,store-a
REV-002033,PROD-A-00497,CUST-A-01073,1,Absolutely love it! Will buy again.,2024-02-24,store-a
REV-002034,PB-00260,CB-01353,4,"Broke after two weeks, terrible quality.",2024-12-27,store-b
REV-002035,PROD-A-00065,CUST-A-00970,2,Good but shipping was too slow.,2025-07-09,store-a
REV-002036,PROD-A-00486,CUST-A-01347,3,Exceeded my expectations in every way.,2024-11-18,store-a
REV-002037,PROD-A-00487,CUST-A-00105,1,"Excellent value for money, highly recommend!",2025-11-12,store-a
REV-002038,PROD-A-00298,CUST-A-00422,3,"Would not recommend, poor build quality.",2024-04-24,store-a
REV-002039,PROD-A-00403,CUST-A-01129,5,"Average product, nothing special.",2025-10-15,store-a
REV-002040,PROD-A-00486,CUST-A-01525,2,"Excellent value for money, highly recommend!",2024-11-09,store-a
REV-002041,PB-00088,CB-01410,1,Best purchase I've made this year!,2024-12-20,store-b
REV-002042,PROD-A-00183,CUST-A-01883,1,Good but shipping was too slow.,2024-09-29,store-a
REV-002043,PROD-A-00327,CUST-A-00048,1,"Perfect gift, the recipient loved it!",2024-10-06,store-a
REV-002044,PROD-A-00119,CUST-A-01070,4,Good but shipping was too slow.,2024-07-15,store-a
REV-002045,PB-00170,CB-00704,4,"Not as described, very disappointed.",2024-10-31,store-b
REV-002046,PROD-A-00406,CUST-A-00994,2,Best purchase I've made this year!,2024-05-28,store-a
REV-002047,PB-00114,CB-00205,1,Exceeded my expectations in every way.,2024-07-05,store-b
REV-002048,PB-00055,CB-00689,2,Arrived on time and works perfectly.,2024-03-08,store-b
REV-002049,PB-00085,CB-01140,5,"Okay for the price, gets the job done.",2025-10-03,store-b
REV-002050,PB-00356,CB-00409,2,Best purchase I've made this year!,2025-03-06,store-b
REV-002051,PB-00359,CB-01406,3,"Average product, nothing special.",2025-02-23,store-b
REV-002052,PB-00293,CB-01242,5,"Average product, nothing special.",2025-04-05,store-b
REV-002053,PB-00169,CB-00466,3,"Would not recommend, poor build quality.",2025-04-14,store-b
REV-002054,PROD-A-00124,CUST-A-01318,5,Arrived on time and works perfectly.,2024-01-15,store-a
REV-002055,PROD-A-00029,CUST-A-00906,5,Decent product for everyday use.,2025-01-02,store-a
REV-002056,PB-00011,CB-01058,5,"Would not recommend, poor build quality.",2024-02-16,store-b
REV-002057,PROD-A-00433,CUST-A-00581,1,Quality could be better for the price.,2024-01-05,store-a
REV-002058,PB-00034,CB-00573,4,Arrived on time and works perfectly.,2025-12-01,store-b
REV-002059,PROD-A-00249,CUST-A-00888,2,"Would not recommend, poor build quality.",2024-02-28,store-a
REV-002060,PROD-A-00211,CUST-A-00309,4,Arrived on time and works perfectly.,2025-12-14,store-a
REV-002061,PB-00380,CB-00214,5,Good but shipping was too slow.,2024-09-04,store-b
REV-002062,PB-00241,CB-00358,4,"Excellent value for money, highly recommend!",2025-10-21,store-b
REV-002063,PROD-A-00356,CUST-A-01485,2,Decent product for everyday use.,2025-01-05,store-a
REV-002064,PROD-A-00095,CUST-A-00670,5,Best purchase I've made this year!,2024-04-14,store-a
REV-002065,PROD-A-00440,CUST-A-00763,4,Quality could be better for the price.,2024-08-18,store-a
REV-002066,PROD-A-00288,CUST-A-01998,5,Arrived on time and works perfectly.,2025-09-18,store-a
REV-002067,PROD-A-00162,CUST-A-00317,3,"Excellent value for money, highly recommend!",2024-07-03,store-a
REV-002068,PROD-A-00244,CUST-A-00202,3,"Not as described, very disappointed.",2024-01-27,store-a
REV-002069,PB-00199,CB-00673,5,"Okay for the price, gets the job done.",2024-08-24,store-b
REV-002070,PROD-A-00200,CUST-A-00612,3,Best purchase I've made this year!,2024-06-30,store-a
REV-002071,PROD-A-00163,CUST-A-01779,1,"Great product, exactly what I needed!",2025-09-25,store-a
REV-002072,PROD-A-00235,CUST-A-00443,5,"Would not recommend, poor build quality.",2024-02-27,store-a
REV-002073,PB-00264,CB-00158,5,"Excellent value for money, highly recommend!",2024-08-01,store-b
REV-002074,PB-00195,CB-01105,1,"Great product, exactly what I needed!",2024-12-09,store-b
REV-002075,PROD-A-00055,CUST-A-01576,2,"Not as described, very disappointed.",2024-07-08,store-a
REV-002076,PROD-A-00120,CUST-A-00683,1,Absolutely love it! Will buy again.,2025-10-29,store-a
REV-002077,PROD-A-00443,CUST-A-00879,2,Absolutely love it! Will buy again.,2025-06-21,store-a
REV-002078,PROD-A-00178,CUST-A-00775,4,"Okay for the price, gets the job done.",2024-07-15,store-a
REV-002079,PB-00110,CB-01156,1,Decent product for everyday use.,2024-01-24,store-b
REV-002080,PROD-A-00262,CUST-A-00815,4,"Excellent value for money, highly recommend!",2025-05-29,store-a
REV-002081,PB-00287,CB-01145,1,Good but shipping was too slow.,2024-02-04,store-b
REV-002082,PB-00345,CB-00368,5,Exceeded my expectations in every way.,2025-11-23,store-b
REV-002083,PROD-A-00001,CUST-A-01774,4,Decent product for everyday use.,2024-07-02,store-a
REV-002084,PB-00327,CB-00803,2,"Not as described, very disappointed.",2025-11-22,store-b
REV-002085,PB-00108,CB-01271,2,Arrived on time and works perfectly.,2024-02-01,store-b
REV-002086,PROD-A-00251,CUST-A-01819,4,Quality could be better for the price.,2025-10-15,store-a
REV-002087,PB-00039,CB-00059,3,"Not as described, very disappointed.",2024-07-26,store-b
REV-002088,PROD-A-00108,CUST-A-01708,3,"Perfect gift, the recipient loved it!",2024-12-04,store-a
REV-002089,PB-00388,CB-00526,2,Decent product for everyday use.,2024-10-26,store-b
REV-002090,PB-00141,CB-00367,2,"Not as described, very disappointed.",2024-05-15,store-b
REV-002091,PROD-A-00395,CUST-A-00844,2,Decent product for everyday use.,2025-11-07,store-a
REV-002092,PROD-A-00291,CUST-A-01845,3,"Excellent value for money, highly recommend!",2025-07-22,store-a
REV-002093,PROD-A-00458,CUST-A-01859,3,Absolutely love it! Will buy again.,2025-09-16,store-a
REV-002094,PROD-A-00045,CUST-A-01312,3,"Okay for the price, gets the job done.",2024-09-13,store-a
REV-002095,PROD-A-00320,CUST-A-01893,2,Best purchase I've made this year!,2025-01-31,store-a
REV-002096,PB-00080,CB-00924,3,"Perfect gift, the recipient loved it!",2025-03-15,store-b
REV-002097,PROD-A-00401,CUST-A-00807,3,Quality could be better for the price.,2024-07-04,store-a
REV-002098,PROD-A-00064,CUST-A-00983,4,Quality could be better for the price.,2024-09-23,store-a
REV-002099,PB-00270,CB-00586,5,Arrived on time and works perfectly.,2025-12-17,store-b
REV-002100,PROD-A-00474,CUST-A-01172,1,"Not as described, very disappointed.",2024-02-21,store-a
REV-002101,PROD-A-00328,CUST-A-00865,5,"Okay for the price, gets the job done.",2025-03-28,store-a
REV-002102,PROD-A-00211,CUST-A-00491,4,Arrived on time and works perfectly.,2024-10-03,store-a
REV-002103,PROD-A-00140,CUST-A-01253,3,Arrived on time and works perfectly.,2024-03-09,store-a
REV-002104,PROD-A-00113,CUST-A-01624,2,Good but shipping was too slow.,2024-02-08,store-a
REV-002105,PB-00379,CB-01460,2,Quality could be better for the price.,2025-11-29,store-b
REV-002106,PB-00034,CB-01362,1,"Perfect gift, the recipient loved it!",2024-04-02,store-b
REV-002107,PROD-A-00426,CUST-A-01392,3,"Average product, nothing special.",2025-12-17,store-a
REV-002108,PB-00233,CB-01202,1,"Okay for the price, gets the job done.",2025-06-12,store-b
REV-002109,PB-00320,CB-00213,5,Best purchase I've made this year!,2024-08-14,store-b
REV-002110,PB-00091,CB-01076,3,"Not as described, very disappointed.",2024-03-10,store-b
REV-002111,PB-00112,CB-00091,3,"Average product, nothing special.",2024-11-23,store-b
REV-002112,PROD-A-00103,CUST-A-01898,4,Quality could be better for the price.,2025-03-30,store-a
REV-002113,PROD-A-00188,CUST-A-00485,4,Best purchase I've made this year!,2025-12-05,store-a
REV-002114,PB-00319,CB-00252,3,Good but shipping was too slow.,2025-02-09,store-b
REV-002115,PROD-A-00359,CUST-A-01870,2,"Not as described, very disappointed.",2025-02-08,store-a
REV-002116,PROD-A-00238,CUST-A-00828,4,"Would not recommend, poor build quality.",2024-08-23,store-a
REV-002117,PROD-A-00103,CUST-A-01649,4,"Excellent value for money, highly recommend!",2025-06-10,store-a
REV-002118,PROD-A-00314,CUST-A-01897,2,Best purchase I've made this year!,2025-02-28,store-a
REV-002119,PROD-A-00165,CUST-A-01863,2,"Not as described, very disappointed.",2024-02-24,store-a
REV-002120,PROD-A-00348,CUST-A-00530,2,Absolutely love it! Will buy again.,2024-12-17,store-a
REV-002121,PROD-A-00456,CUST-A-00868,1,"Perfect gift, the recipient loved it!",2024-07-27,store-a
REV-002122,PROD-A-00241,CUST-A-01646,1,"Would not recommend, poor build quality.",2025-09-01,store-a
REV-002123,PROD-A-00396,CUST-A-01169,5,"Would not recommend, poor build quality.",2024-10-19,store-a
REV-002124,PROD-A-00308,CUST-A-00350,4,"Average product, nothing special.",2024-10-08,store-a
REV-002125,PROD-A-00364,CUST-A-00598,3,Quality could be better for the price.,2024-04-26,store-a
REV-002126,PROD-A-00039,CUST-A-00987,1,Arrived on time and works perfectly.,2025-04-03,store-a
REV-002127,PROD-A-00055,CUST-A-00048,3,"Would not recommend, poor build quality.",2025-07-17,store-a
REV-002128,PROD-A-00368,CUST-A-00813,2,"Broke after two weeks, terrible quality.",2024-03-14,store-a
REV-002129,PB-00017,CB-01463,5,Exceeded my expectations in every way.,2025-12-11,store-b
REV-002130,PB-00044,CB-01264,4,"Excellent value for money, highly recommend!",2025-01-28,store-b
REV-002131,PROD-A-00008,CUST-A-01588,3,"Would not recommend, poor build quality.",2024-10-31,store-a
REV-002132,PROD-A-00446,CUST-A-01252,5,"Not as described, very disappointed.",2024-08-04,store-a
REV-002133,PROD-A-00156,CUST-A-00827,2,Quality could be better for the price.,2025-10-16,store-a
REV-002134,PB-00066,CB-00092,3,"Great product, exactly what I needed!",2025-04-19,store-b
REV-002135,PB-00071,CB-00039,2,"Great product, exactly what I needed!",2025-03-06,store-b
REV-002136,PROD-A-00430,CUST-A-01314,5,"Okay for the price, gets the job done.",2025-01-19,store-a
REV-002137,PROD-A-00038,CUST-A-01068,2,Arrived on time and works perfectly.,2025-06-09,store-a
REV-002138,PROD-A-00088,CUST-A-00614,3,Best purchase I've made this year!,2025-07-19,store-a
REV-002139,PB-00102,CB-01074,4,Exceeded my expectations in every way.,2025-05-28,store-b
REV-002140,PROD-A-00209,CUST-A-00663,2,"Not as described, very disappointed.",2024-11-03,store-a
REV-002141,PROD-A-00142,CUST-A-01654,5,"Not as described, very disappointed.",2024-05-29,store-a
REV-002142,PB-00030,CB-00632,4,"Perfect gift, the recipient loved it!",2025-01-19,store-b
REV-002143,PROD-A-00123,CUST-A-01500,2,"Broke after two weeks, terrible quality.",2025-11-08,store-a
REV-002144,PROD-A-00009,CUST-A-01905,1,"Would not recommend, poor build quality.",2025-11-13,store-a
REV-002145,PROD-A-00229,CUST-A-00066,5,Best purchase I've made this year!,2024-09-30,store-a
REV-002146,PROD-A-00021,CUST-A-01034,3,Absolutely love it! Will buy again.,2024-05-28,store-a
REV-002147,PROD-A-00352,CUST-A-00802,4,"Not as described, very disappointed.",2024-09-04,store-a
REV-002148,PROD-A-00047,CUST-A-00968,2,Best purchase I've made this year!,2025-06-23,store-a
REV-002149,PROD-A-00294,CUST-A-01056,4,"Would not recommend, poor build quality.",2024-09-04,store-a
REV-002150,PB-00277,CB-00690,2,"Average product, nothing special.",2024-01-28,store-b
REV-002151,PB-00222,CB-00645,2,Good but shipping was too slow.,2025-09-08,store-b
REV-002152,PB-00358,CB-01305,4,"Excellent value for money, highly recommend!",2025-02-26,store-b
REV-002153,PROD-A-00119,CUST-A-01637,4,Good but shipping was too slow.,2024-10-17,store-a
REV-002154,PROD-A-00377,CUST-A-00275,1,"Excellent value for money, highly recommend!",2025-04-08,store-a
REV-002155,PB-00251,CB-00313,4,Decent product for everyday use.,2025-05-17,store-b
REV-002156,PROD-A-00402,CUST-A-00093,2,"Perfect gift, the recipient loved it!",2025-07-27,store-a
REV-002157,PB-00163,CB-01350,1,"Not as described, very disappointed.",2024-02-14,store-b
REV-002158,PROD-A-00280,CUST-A-00781,1,Absolutely love it! Will buy again.,2025-10-21,store-a
REV-002159,PROD-A-00119,CUST-A-00883,4,"Not as described, very disappointed.",2025-03-11,store-a
REV-002160,PROD-A-00204,CUST-A-00885,5,Arrived on time and works perfectly.,2024-09-26,store-a
REV-002161,PROD-A-00137,CUST-A-01827,3,"Okay for the price, gets the job done.",2025-11-30,store-a
REV-002162,PROD-A-00066,CUST-A-00658,3,"Perfect gift, the recipient loved it!",2024-02-28,store-a
REV-002163,PROD-A-00349,CUST-A-00473,2,"Average product, nothing special.",2025-11-08,store-a
REV-002164,PB-00098,CB-00885,5,Quality could be better for the price.,2025-05-15,store-b
REV-002165,PB-00221,CB-00341,3,Best purchase I've made this year!,2025-07-20,store-b
REV-002166,PB-00262,CB-00467,4,Arrived on time and works perfectly.,2025-10-13,store-b
REV-002167,PROD-A-00227,CUST-A-01956,3,"Would not recommend, poor build quality.",2025-02-22,store-a
REV-002168,PB-00176,CB-01444,3,"Would not recommend, poor build quality.",2024-06-19,store-b
REV-002169,PB-00208,CB-00345,2,Arrived on time and works perfectly.,2024-10-05,store-b
REV-002170,PB-00062,CB-00323,2,"Perfect gift, the recipient loved it!",2025-08-19,store-b
REV-002171,PB-00324,CB-00798,2,Decent product for everyday use.,2024-06-23,store-b
REV-002172,PROD-A-00010,CUST-A-00848,3,Decent product for everyday use.,2024-12-15,store-a
REV-002173,PB-00276,CB-00174,3,Decent product for everyday use.,2024-04-13,store-b
REV-002174,PROD-A-00238,CUST-A-01607,5,Quality could be better for the price.,2025-04-01,store-a
REV-002175,PB-00280,CB-01238,5,Decent product for everyday use.,2024-02-16,store-b
REV-002176,PROD-A-00399,CUST-A-00122,4,"Broke after two weeks, terrible quality.",2024-08-12,store-a
REV-002177,PROD-A-00239,CUST-A-01413,2,"Great product, exactly what I needed!",2025-02-22,store-a
REV-002178,PROD-A-00101,CUST-A-01395,1,Decent product for everyday use.,2024-09-07,store-a
REV-002179,PROD-A-00178,CUST-A-00461,1,Good but shipping was too slow.,2024-08-06,store-a
REV-002180,PROD-A-00007,CUST-A-01966,1,"Great product, exactly what I needed!",2024-01-30,store-a
REV-002181,PB-00072,CB-00174,3,Absolutely love it! Will buy again.,2025-12-26,store-b
REV-002182,PROD-A-00404,CUST-A-01612,4,Absolutely love it! Will buy again.,2024-07-02,store-a
REV-002183,PROD-A-00176,CUST-A-00938,4,"Okay for the price, gets the job done.",2024-11-11,store-a
REV-002184,PB-00270,CB-01037,1,Absolutely love it! Will buy again.,2025-02-14,store-b
REV-002185,PROD-A-00288,CUST-A-00761,2,"Excellent value for money, highly recommend!",2025-04-27,store-a
REV-002186,PB-00278,CB-00948,2,"Great product, exactly what I needed!",2025-02-27,store-b
REV-002187,PROD-A-00082,CUST-A-01555,1,"Would not recommend, poor build quality.",2024-12-05,store-a
REV-002188,PB-00036,CB-00968,1,Absolutely love it! Will buy again.,2024-07-02,store-b
REV-002189,PROD-A-00480,CUST-A-00065,4,Arrived on time and works perfectly.,2025-07-14,store-a
REV-002190,PB-00226,CB-00895,4,"Average product, nothing special.",2025-04-10,store-b
REV-002191,PB-00318,CB-00152,1,"Would not recommend, poor build quality.",2024-04-23,store-b
REV-002192,PB-00317,CB-00339,4,"Not as described, very disappointed.",2025-06-13,store-b
REV-002193,PROD-A-00213,CUST-A-00260,2,"Excellent value for money, highly recommend!",2024-03-01,store-a
REV-002194,PROD-A-00050,CUST-A-01909,5,"Not as described, very disappointed.",2025-09-04,store-a
REV-002195,PROD-A-00138,CUST-A-00938,4,"Okay for the price, gets the job done.",2025-10-21,store-a
REV-002196,PB-00258,CB-00384,4,Quality could be better for the price.,2025-12-01,store-b
REV-002197,PB-00247,CB-00732,5,Decent product for everyday use.,2024-08-22,store-b
REV-002198,PB-00265,CB-01134,2,"Would not recommend, poor build quality.",2024-07-26,store-b
REV-002199,PROD-A-00190,CUST-A-00400,4,"Broke after two weeks, terrible quality.",2025-05-19,store-a
REV-002200,PROD-A-00095,CUST-A-01848,3,Exceeded my expectations in every way.,2024-10-23,store-a
REV-002201,PROD-A-00015,CUST-A-01248,3,"Average product, nothing special.",2025-05-28,store-a
REV-002202,PB-00018,CB-01316,1,Exceeded my expectations in every way.,2025-01-25,store-b
REV-002203,PROD-A-00097,CUST-A-01768,3,Absolutely love it! Will buy again.,2024-09-03,store-a
REV-002204,PB-00301,CB-00580,4,Absolutely love it! Will buy again.,2025-06-06,store-b
REV-002205,PB-00316,CB-00344,2,Decent product for everyday use.,2025-03-13,store-b
REV-002206,PB-00181,CB-00349,1,"Average product, nothing special.",2024-06-08,store-b
REV-002207,PROD-A-00454,CUST-A-02000,2,"Broke after two weeks, terrible quality.",2024-01-25,store-a
REV-002208,PB-00225,CB-00363,5,"Okay for the price, gets the job done.",2025-06-01,store-b
REV-002209,PB-00053,CB-01001,1,"Average product, nothing special.",2025-10-10,store-b
REV-002210,PB-00125,CB-00310,4,Quality could be better for the price.,2024-12-24,store-b
REV-002211,PROD-A-00079,CUST-A-00289,2,Quality could be better for the price.,2025-06-28,store-a
REV-002212,PROD-A-00301,CUST-A-00754,2,Good but shipping was too slow.,2024-09-23,store-a
REV-002213,PROD-A-00330,CUST-A-00206,4,Decent product for everyday use.,2024-07-27,store-a
REV-002214,PROD-A-00343,CUST-A-00083,2,Good but shipping was too slow.,2025-10-05,store-a
REV-002215,PROD-A-00331,CUST-A-01627,2,Decent product for everyday use.,2024-09-28,store-a
REV-002216,PROD-A-00457,CUST-A-01740,5,Decent product for everyday use.,2025-11-18,store-a
REV-002217,PB-00269,CB-01354,3,Arrived on time and works perfectly.,2025-02-04,store-b
REV-002218,PROD-A-00162,CUST-A-01299,5,Good but shipping was too slow.,2024-07-02,store-a
REV-002219,PB-00159,CB-00440,4,Arrived on time and works perfectly.,2025-02-18,store-b
REV-002220,PB-00351,CB-00363,3,Exceeded my expectations in every way.,2025-09-01,store-b
REV-002221,PROD-A-00454,CUST-A-00579,4,Decent product for everyday use.,2024-10-28,store-a
REV-002222,PROD-A-00064,CUST-A-00350,4,Quality could be better for the price.,2025-12-12,store-a
REV-002223,PROD-A-00267,CUST-A-00373,4,Absolutely love it! Will buy again.,2024-07-15,store-a
REV-002224,PROD-A-00331,CUST-A-00513,5,"Excellent value for money, highly recommend!",2025-02-19,store-a
REV-002225,PROD-A-00157,CUST-A-00325,4,Absolutely love it! Will buy again.,2025-12-10,store-a
REV-002226,PROD-A-00300,CUST-A-01841,3,"Would not recommend, poor build quality.",2025-05-12,store-a
REV-002227,PB-00004,CB-00386,2,"Excellent value for money, highly recommend!",2024-04-16,store-b
REV-002228,PROD-A-00463,CUST-A-00778,2,"Perfect gift, the recipient loved it!",2024-09-13,store-a
REV-002229,PROD-A-00391,CUST-A-00970,5,Arrived on time and works perfectly.,2024-01-16,store-a
REV-002230,PB-00381,CB-00378,3,Exceeded my expectations in every way.,2024-04-27,store-b
REV-002231,PROD-A-00399,CUST-A-00234,4,Exceeded my expectations in every way.,2024-02-15,store-a
REV-002232,PROD-A-00002,CUST-A-00537,1,"Average product, nothing special.",2024-07-04,store-a
REV-002233,PB-00156,CB-00133,3,"Perfect gift, the recipient loved it!",2025-04-24,store-b
REV-002234,PROD-A-00206,CUST-A-01596,4,Good but shipping was too slow.,2025-12-29,store-a
REV-002235,PB-00124,CB-00802,5,"Not as described, very disappointed.",2024-07-26,store-b
REV-002236,PROD-A-00170,CUST-A-00749,4,"Average product, nothing special.",2025-02-10,store-a
REV-002237,PROD-A-00010,CUST-A-00052,4,"Would not recommend, poor build quality.",2024-07-15,store-a
REV-002238,PROD-A-00110,CUST-A-01819,5,Best purchase I've made this year!,2024-05-30,store-a
REV-002239,PB-00355,CB-00335,5,"Not as described, very disappointed.",2024-07-10,store-b
REV-002240,PROD-A-00459,CUST-A-01613,2,Exceeded my expectations in every way.,2025-05-20,store-a
REV-002241,PROD-A-00190,CUST-A-00793,4,Absolutely love it! Will buy again.,2024-09-08,store-a
REV-002242,PB-00260,CB-00212,3,"Excellent value for money, highly recommend!",2025-10-01,store-b
REV-002243,PROD-A-00147,CUST-A-01496,2,Best purchase I've made this year!,2025-03-16,store-a
REV-002244,PROD-A-00184,CUST-A-00384,5,"Broke after two weeks, terrible quality.",2024-10-06,store-a
REV-002245,PROD-A-00385,CUST-A-00642,1,"Not as described, very disappointed.",2025-08-22,store-a
REV-002246,PROD-A-00193,CUST-A-00510,2,"Would not recommend, poor build quality.",2024-08-12,store-a
REV-002247,PB-00082,CB-01052,2,Decent product for everyday use.,2025-04-19,store-b
REV-002248,PROD-A-00270,CUST-A-01515,2,"Broke after two weeks, terrible quality.",2024-11-12,store-a
REV-002249,PB-00305,CB-00711,3,"Excellent value for money, highly recommend!",2024-11-23,store-b
REV-002250,PB-00244,CB-00754,2,Arrived on time and works perfectly.,2025-08-11,store-b
REV-002251,PB-00259,CB-01125,5,"Average product, nothing special.",2025-09-16,store-b
REV-002252,PB-00314,CB-01053,4,Absolutely love it! Will buy again.,2025-08-09,store-b
REV-002253,PROD-A-00108,CUST-A-01374,2,"Average product, nothing special.",2025-09-04,store-a
REV-002254,PROD-A-00115,CUST-A-01580,2,Good but shipping was too slow.,2024-08-24,store-a
REV-002255,PROD-A-00440,CUST-A-00879,1,"Perfect gift, the recipient loved it!",2024-03-13,store-a
REV-002256,PB-00076,CB-00721,4,"Broke after two weeks, terrible quality.",2024-08-07,store-b
REV-002257,PROD-A-00057,CUST-A-01392,1,"Great product, exactly what I needed!",2025-12-04,store-a
REV-002258,PROD-A-00103,CUST-A-00667,2,"Broke after two weeks, terrible quality.",2025-02-26,store-a
REV-002259,PROD-A-00198,CUST-A-01248,3,Absolutely love it! Will buy again.,2024-03-25,store-a
REV-002260,PROD-A-00189,CUST-A-00844,2,"Would not recommend, poor build quality.",2024-02-26,store-a
REV-002261,PB-00400,CB-00372,2,Good but shipping was too slow.,2025-07-23,store-b
REV-002262,PROD-A-00174,CUST-A-01361,1,"Great product, exactly what I needed!",2024-01-20,store-a
REV-002263,PROD-A-00498,CUST-A-01254,5,Exceeded my expectations in every way.,2025-12-06,store-a
REV-002264,PROD-A-00464,CUST-A-01956,2,"Not as described, very disappointed.",2025-07-30,store-a
REV-002265,PROD-A-00364,CUST-A-01416,5,Absolutely love it! Will buy again.,2024-07-28,store-a
REV-002266,PROD-A-00401,CUST-A-00814,4,"Broke after two weeks, terrible quality.",2025-05-20,store-a
REV-002267,PROD-A-00355,CUST-A-01711,1,Absolutely love it! Will buy again.,2024-08-10,store-a
REV-002268,PROD-A-00137,CUST-A-01326,4,"Excellent value for money, highly recommend!",2025-05-10,store-a
REV-002269,PROD-A-00035,CUST-A-00906,2,"Would not recommend, poor build quality.",2024-10-03,store-a
REV-002270,PROD-A-00456,CUST-A-00691,1,Decent product for everyday use.,2024-02-03,store-a
REV-002271,PB-00375,CB-00317,3,Best purchase I've made this year!,2025-01-24,store-b
REV-002272,PB-00006,CB-01138,4,Decent product for everyday use.,2025-10-08,store-b
REV-002273,PROD-A-00395,CUST-A-01391,5,Best purchase I've made this year!,2025-01-26,store-a
REV-002274,PB-00062,CB-00360,2,Good but shipping was too slow.,2025-02-01,store-b
REV-002275,PB-00204,CB-00492,5,Quality could be better for the price.,2025-08-10,store-b
REV-002276,PROD-A-00220,CUST-A-00557,1,"Average product, nothing special.",2025-06-27,store-a
REV-002277,PB-00223,CB-00636,4,"Okay for the price, gets the job done.",2024-02-02,store-b
REV-002278,PROD-A-00365,CUST-A-00715,3,Exceeded my expectations in every way.,2025-12-27,store-a
REV-002279,PB-00239,CB-00897,1,"Great product, exactly what I needed!",2024-11-07,store-b
REV-002280,PROD-A-00444,CUST-A-00507,5,"Okay for the price, gets the job done.",2024-08-14,store-a
REV-002281,PB-00100,CB-01130,3,"Okay for the price, gets the job done.",2025-03-06,store-b
REV-002282,PB-00381,CB-01107,1,Decent product for everyday use.,2024-05-20,store-b
REV-002283,PB-00133,CB-00141,5,Quality could be better for the price.,2025-06-25,store-b
REV-002284,PB-00367,CB-00636,5,"Excellent value for money, highly recommend!",2025-04-26,store-b
REV-002285,PB-00363,CB-00112,2,Exceeded my expectations in every way.,2025-10-18,store-b
REV-002286,PB-00159,CB-00598,2,Best purchase I've made this year!,2024-06-13,store-b
REV-002287,PROD-A-00455,CUST-A-00193,4,Absolutely love it! Will buy again.,2024-02-10,store-a
REV-002288,PB-00282,CB-00231,5,Quality could be better for the price.,2024-01-21,store-b
REV-002289,PB-00108,CB-00207,1,Absolutely love it! Will buy again.,2024-02-12,store-b
REV-002290,PB-00072,CB-00312,3,Quality could be better for the price.,2025-01-01,store-b
REV-002291,PROD-A-00319,CUST-A-01340,2,"Not as described, very disappointed.",2025-11-29,store-a
REV-002292,PROD-A-00170,CUST-A-00928,2,Quality could be better for the price.,2025-12-11,store-a
REV-002293,PB-00152,CB-00037,1,Exceeded my expectations in every way.,2025-07-03,store-b
REV-002294,PB-00059,CB-01139,4,"Would not recommend, poor build quality.",2025-07-01,store-b
REV-002295,PROD-A-00138,CUST-A-00389,3,"Broke after two weeks, terrible quality.",2024-01-20,store-a
REV-002296,PROD-A-00477,CUST-A-01253,4,Quality could be better for the price.,2024-10-20,store-a
REV-002297,PB-00084,CB-00143,5,"Not as described, very disappointed.",2024-03-17,store-b
REV-002298,PROD-A-00488,CUST-A-00136,4,Best purchase I've made this year!,2025-11-20,store-a
REV-002299,PB-00126,CB-00283,2,"Perfect gift, the recipient loved it!",2025-11-07,store-b
REV-002300,PB-00077,CB-00092,4,"Excellent value for money, highly recommend!",2025-07-20,store-b
REV-002301,PB-00110,CB-00558,2,Good but shipping was too slow.,2024-05-04,store-b
REV-002302,PROD-A-00271,CUST-A-00375,3,Decent product for everyday use.,2025-04-02,store-a
REV-002303,PROD-A-00010,CUST-A-00580,3,Arrived on time and works perfectly.,2025-08-07,store-a
REV-002304,PROD-A-00387,CUST-A-00144,3,Arrived on time and works perfectly.,2024-02-07,store-a
REV-002305,PROD-A-00445,CUST-A-00478,5,"Perfect gift, the recipient loved it!",2025-02-21,store-a
REV-002306,PROD-A-00415,CUST-A-01028,5,Absolutely love it! Will buy again.,2025-01-11,store-a
REV-002307,PROD-A-00334,CUST-A-00521,5,Decent product for everyday use.,2025-07-11,store-a
REV-002308,PB-00029,CB-01329,1,Absolutely love it! Will buy again.,2025-05-10,store-b
REV-002309,PROD-A-00214,CUST-A-01117,3,Arrived on time and works perfectly.,2024-12-18,store-a
REV-002310,PROD-A-00330,CUST-A-00057,5,Absolutely love it! Will buy again.,2025-08-19,store-a
REV-002311,PB-00275,CB-00657,1,Absolutely love it! Will buy again.,2024-05-20,store-b
REV-002312,PROD-A-00361,CUST-A-00062,3,"Perfect gift, the recipient loved it!",2025-09-04,store-a
REV-002313,PB-00367,CB-01366,1,"Okay for the price, gets the job done.",2025-11-25,store-b
REV-002314,PB-00108,CB-00894,1,Arrived on time and works perfectly.,2024-07-27,store-b
REV-002315,PROD-A-00317,CUST-A-01610,2,Best purchase I've made this year!,2025-08-12,store-a
REV-002316,PROD-A-00147,CUST-A-00027,1,"Okay for the price, gets the job done.",2024-04-18,store-a
REV-002317,PROD-A-00356,CUST-A-00750,3,Quality could be better for the price.,2025-03-02,store-a
REV-002318,PB-00009,CB-00024,3,"Okay for the price, gets the job done.",2024-02-23,store-b
REV-002319,PB-00048,CB-00847,4,Good but shipping was too slow.,2024-11-20,store-b
REV-002320,PROD-A-00211,CUST-A-01598,5,Exceeded my expectations in every way.,2025-09-21,store-a
REV-002321,PROD-A-00388,CUST-A-01193,4,"Would not recommend, poor build quality.",2024-04-16,store-a
REV-002322,PROD-A-00010,CUST-A-01239,3,"Would not recommend, poor build quality.",2024-03-14,store-a
REV-002323,PROD-A-00184,CUST-A-01183,5,"Average product, nothing special.",2024-11-11,store-a
REV-002324,PB-00224,CB-00157,3,Quality could be better for the price.,2024-01-22,store-b
REV-002325,PROD-A-00346,CUST-A-00184,4,Arrived on time and works perfectly.,2025-07-13,store-a
REV-002326,PROD-A-00240,CUST-A-00071,1,"Broke after two weeks, terrible quality.",2025-04-02,store-a
REV-002327,PB-00203,CB-01071,5,Good but shipping was too slow.,2025-03-08,store-b
REV-002328,PB-00310,CB-00684,2,Arrived on time and works perfectly.,2024-03-11,store-b
REV-002329,PB-00345,CB-00107,4,"Okay for the price, gets the job done.",2024-08-03,store-b
REV-002330,PROD-A-00032,CUST-A-00255,5,"Perfect gift, the recipient loved it!",2024-08-11,store-a
REV-002331,PB-00196,CB-00679,1,"Perfect gift, the recipient loved it!",2025-12-01,store-b
REV-002332,PROD-A-00113,CUST-A-01104,2,"Average product, nothing special.",2025-08-10,store-a
REV-002333,PB-00109,CB-01179,2,Arrived on time and works perfectly.,2024-05-13,store-b
REV-002334,PROD-A-00068,CUST-A-00440,3,Exceeded my expectations in every way.,2024-05-04,store-a
REV-002335,PB-00058,CB-00842,1,Absolutely love it! Will buy again.,2025-04-25,store-b
REV-002336,PB-00039,CB-01420,5,Exceeded my expectations in every way.,2024-05-22,store-b
REV-002337,PB-00283,CB-01357,1,"Great product, exactly what I needed!",2025-05-30,store-b
REV-002338,PB-00383,CB-00638,3,Best purchase I've made this year!,2024-04-18,store-b
REV-002339,PROD-A-00403,CUST-A-01097,2,Absolutely love it! Will buy again.,2024-10-24,store-a
REV-002340,PROD-A-00430,CUST-A-01090,3,"Average product, nothing special.",2025-10-10,store-a
REV-002341,PB-00131,CB-00491,1,"Perfect gift, the recipient loved it!",2024-07-21,store-b
REV-002342,PB-00010,CB-00816,3,"Not as described, very disappointed.",2024-11-08,store-b
REV-002343,PB-00195,CB-00388,5,Arrived on time and works perfectly.,2025-07-24,store-b
REV-002344,PB-00351,CB-00968,1,"Average product, nothing special.",2025-03-19,store-b
REV-002345,PROD-A-00099,CUST-A-01910,5,Best purchase I've made this year!,2024-08-07,store-a
REV-002346,PROD-A-00413,CUST-A-00658,1,Absolutely love it! Will buy again.,2025-03-06,store-a
REV-002347,PB-00311,CB-01265,3,"Would not recommend, poor build quality.",2025-10-12,store-b
REV-002348,PROD-A-00262,CUST-A-00168,1,Best purchase I've made this year!,2025-10-26,store-a
REV-002349,PROD-A-00492,CUST-A-01383,4,Exceeded my expectations in every way.,2025-11-10,store-a
REV-002350,PB-00375,CB-00728,1,"Excellent value for money, highly recommend!",2024-02-13,store-b
REV-002351,PB-00033,CB-01154,1,Decent product for everyday use.,2024-04-01,store-b
REV-002352,PB-00109,CB-00288,1,Best purchase I've made this year!,2025-08-23,store-b
REV-002353,PROD-A-00024,CUST-A-01296,1,"Excellent value for money, highly recommend!",2025-11-23,store-a
REV-002354,PROD-A-00464,CUST-A-01016,1,"Average product, nothing special.",2024-09-20,store-a
REV-002355,PROD-A-00416,CUST-A-01412,3,Absolutely love it! Will buy again.,2025-04-13,store-a
REV-002356,PB-00318,CB-00312,4,"Great product, exactly what I needed!",2024-02-19,store-b
REV-002357,PROD-A-00259,CUST-A-00485,5,"Average product, nothing special.",2024-04-15,store-a
REV-002358,PROD-A-00226,CUST-A-01037,3,"Great product, exactly what I needed!",2025-03-06,store-a
REV-002359,PROD-A-00048,CUST-A-01779,5,Best purchase I've made this year!,2024-12-29,store-a
REV-002360,PB-00349,CB-00424,2,"Not as described, very disappointed.",2024-02-27,store-b
REV-002361,PB-00079,CB-00795,5,"Broke after two weeks, terrible quality.",2024-11-20,store-b
REV-002362,PROD-A-00306,CUST-A-01323,1,"Great product, exactly what I needed!",2025-03-10,store-a
REV-002363,PB-00207,CB-00315,4,"Excellent value for money, highly recommend!",2025-03-30,store-b
REV-002364,PROD-A-00116,CUST-A-00929,2,"Not as described, very disappointed.",2025-09-27,store-a
REV-002365,PROD-A-00049,CUST-A-01749,5,"Would not recommend, poor build quality.",2024-05-28,store-a
REV-002366,PROD-A-00376,CUST-A-01753,3,"Excellent value for money, highly recommend!",2025-09-23,store-a
REV-002367,PB-00304,CB-00332,5,"Average product, nothing special.",2024-06-24,store-b
REV-002368,PROD-A-00294,CUST-A-00496,2,Good but shipping was too slow.,2025-08-07,store-a
REV-002369,PROD-A-00388,CUST-A-01958,3,"Average product, nothing special.",2024-10-07,store-a
REV-002370,PB-00156,CB-00462,3,Best purchase I've made this year!,2024-11-09,store-b
REV-002371,PROD-A-00303,CUST-A-01292,5,"Great product, exactly what I needed!",2025-01-20,store-a
REV-002372,PROD-A-00122,CUST-A-00157,3,Absolutely love it! Will buy again.,2024-11-25,store-a
REV-002373,PROD-A-00051,CUST-A-00395,5,"Not as described, very disappointed.",2025-03-16,store-a
REV-002374,PB-00332,CB-00189,2,"Perfect gift, the recipient loved it!",2024-04-16,store-b
REV-002375,PB-00353,CB-01296,4,"Broke after two weeks, terrible quality.",2024-12-25,store-b
REV-002376,PROD-A-00112,CUST-A-00517,5,"Okay for the price, gets the job done.",2024-12-11,store-a
REV-002377,PROD-A-00343,CUST-A-01814,4,"Would not recommend, poor build quality.",2025-01-06,store-a
REV-002378,PB-00047,CB-01399,4,Good but shipping was too slow.,2025-09-26,store-b
REV-002379,PB-00127,CB-00905,2,Good but shipping was too slow.,2025-09-18,store-b
REV-002380,PB-00090,CB-00454,1,Exceeded my expectations in every way.,2024-02-29,store-b
REV-002381,PROD-A-00357,CUST-A-00774,1,"Great product, exactly what I needed!",2024-08-28,store-a
REV-002382,PB-00173,CB-00181,1,"Great product, exactly what I needed!",2025-01-10,store-b
REV-002383,PB-00167,CB-01311,4,"Excellent value for money, highly recommend!",2025-05-23,store-b
REV-002384,PB-00190,CB-00494,2,"Perfect gift, the recipient loved it!",2025-09-02,store-b
REV-002385,PB-00210,CB-01302,3,"Perfect gift, the recipient loved it!",2025-06-12,store-b
REV-002386,PROD-A-00070,CUST-A-01547,1,Exceeded my expectations in every way.,2024-04-11,store-a
REV-002387,PROD-A-00424,CUST-A-00311,5,"Okay for the price, gets the job done.",2024-01-20,store-a
REV-002388,PROD-A-00438,CUST-A-01639,4,"Excellent value for money, highly recommend!",2024-08-29,store-a
REV-002389,PROD-A-00057,CUST-A-00093,3,Arrived on time and works perfectly.,2024-01-18,store-a
REV-002390,PB-00274,CB-00001,4,Absolutely love it! Will buy again.,2025-08-27,store-b
REV-002391,PB-00166,CB-01027,4,Exceeded my expectations in every way.,2024-05-14,store-b
REV-002392,PB-00375,CB-01329,1,"Great product, exactly what I needed!",2025-05-28,store-b
REV-002393,PROD-A-00076,CUST-A-00082,4,"Broke after two weeks, terrible quality.",2024-08-28,store-a
REV-002394,PB-00229,CB-01039,2,"Average product, nothing special.",2024-03-28,store-b
REV-002395,PROD-A-00408,CUST-A-00354,2,"Broke after two weeks, terrible quality.",2025-05-11,store-a
REV-002396,PROD-A-00434,CUST-A-00853,5,"Would not recommend, poor build quality.",2024-10-14,store-a
REV-002397,PB-00355,CB-01298,4,"Average product, nothing special.",2025-06-12,store-b
REV-002398,PROD-A-00187,CUST-A-00299,3,Exceeded my expectations in every way.,2025-04-19,store-a
REV-002399,PB-00317,CB-01351,1,"Not as described, very disappointed.",2025-06-18,store-b
REV-002400,PROD-A-00110,CUST-A-01272,2,"Excellent value for money, highly recommend!",2025-10-15,store-a
REV-002401,PROD-A-00461,CUST-A-01124,4,Quality could be better for the price.,2025-11-18,store-a
REV-002402,PROD-A-00349,CUST-A-00190,3,Good but shipping was too slow.,2025-04-08,store-a
REV-002403,PB-00264,CB-01076,3,"Broke after two weeks, terrible quality.",2025-05-24,store-b
REV-002404,PROD-A-00056,CUST-A-00271,3,"Would not recommend, poor build quality.",2024-09-21,store-a
REV-002405,PROD-A-00328,CUST-A-00240,2,"Broke after two weeks, terrible quality.",2025-08-07,store-a
REV-002406,PB-00338,CB-00334,5,Decent product for everyday use.,2024-12-26,store-b
REV-002407,PROD-A-00330,CUST-A-01736,5,"Would not recommend, poor build quality.",2025-08-26,store-a
REV-002408,PB-00325,CB-00923,2,"Not as described, very disappointed.",2025-10-17,store-b
REV-002409,PB-00099,CB-01345,4,Arrived on time and works perfectly.,2025-11-22,store-b
REV-002410,PB-00217,CB-00832,1,Absolutely love it! Will buy again.,2024-04-16,store-b
REV-002411,PROD-A-00296,CUST-A-00234,4,Best purchase I've made this year!,2024-12-09,store-a
REV-002412,PROD-A-00493,CUST-A-00593,5,Absolutely love it! Will buy again.,2024-05-26,store-a
REV-002413,PROD-A-00070,CUST-A-01330,4,"Broke after two weeks, terrible quality.",2025-05-18,store-a
REV-002414,PROD-A-00103,CUST-A-01708,5,"Okay for the price, gets the job done.",2025-05-19,store-a
REV-002415,PROD-A-00101,CUST-A-00353,2,Exceeded my expectations in every way.,2024-12-20,store-a
REV-002416,PROD-A-00207,CUST-A-00541,2,"Not as described, very disappointed.",2024-12-26,store-a
REV-002417,PB-00155,CB-00136,1,Decent product for everyday use.,2025-05-27,store-b
REV-002418,PROD-A-00225,CUST-A-00374,2,Decent product for everyday use.,2024-07-15,store-a
REV-002419,PROD-A-00083,CUST-A-00179,5,Arrived on time and works perfectly.,2025-03-03,store-a
REV-002420,PB-00346,CB-00239,1,"Okay for the price, gets the job done.",2024-07-26,store-b
REV-002421,PROD-A-00092,CUST-A-01632,3,"Okay for the price, gets the job done.",2025-01-24,store-a
REV-002422,PB-00308,CB-01040,2,Quality could be better for the price.,2025-12-15,store-b
REV-002423,PB-00225,CB-00663,2,"Broke after two weeks, terrible quality.",2025-02-09,store-b
REV-002424,PROD-A-00167,CUST-A-00542,2,"Excellent value for money, highly recommend!",2025-10-12,store-a
REV-002425,PB-00005,CB-01479,1,Quality could be better for the price.,2024-09-08,store-b
REV-002426,PROD-A-00139,CUST-A-00802,5,"Great product, exactly what I needed!",2025-06-18,store-a
REV-002427,PROD-A-00320,CUST-A-01620,5,"Great product, exactly what I needed!",2025-11-03,store-a
REV-002428,PROD-A-00029,CUST-A-00510,2,Best purchase I've made this year!,2025-01-19,store-a
REV-002429,PB-00328,CB-00550,2,"Perfect gift, the recipient loved it!",2025-01-30,store-b
REV-002430,PB-00057,CB-01314,4,"Broke after two weeks, terrible quality.",2025-03-20,store-b
REV-002431,PB-00335,CB-00017,3,Best purchase I've made this year!,2024-10-15,store-b
REV-002432,PB-00341,CB-01432,4,"Would not recommend, poor build quality.",2024-10-05,store-b
REV-002433,PB-00026,CB-00975,3,"Great product, exactly what I needed!",2024-05-13,store-b
REV-002434,PB-00169,CB-00265,2,Quality could be better for the price.,2025-07-19,store-b
REV-002435,PROD-A-00385,CUST-A-00790,3,Quality could be better for the price.,2024-12-29,store-a
REV-002436,PB-00306,CB-01247,4,Quality could be better for the price.,2024-07-11,store-b
REV-002437,PROD-A-00296,CUST-A-00475,4,"Not as described, very disappointed.",2024-08-31,store-a
REV-002438,PB-00172,CB-00701,4,"Perfect gift, the recipient loved it!",2024-03-26,store-b
REV-002439,PROD-A-00420,CUST-A-01858,4,"Would not recommend, poor build quality.",2025-11-23,store-a
REV-002440,PB-00280,CB-00815,1,"Great product, exactly what I needed!",2025-12-09,store-b
REV-002441,PB-00069,CB-00582,2,Exceeded my expectations in every way.,2024-04-12,store-b
REV-002442,PB-00340,CB-00652,1,"Average product, nothing special.",2025-07-30,store-b
REV-002443,PROD-A-00200,CUST-A-01677,3,Decent product for everyday use.,2024-07-12,store-a
REV-002444,PB-00086,CB-00184,2,"Okay for the price, gets the job done.",2025-11-26,store-b
REV-002445,PROD-A-00373,CUST-A-00606,4,"Great product, exactly what I needed!",2025-05-06,store-a
REV-002446,PROD-A-00062,CUST-A-00412,3,"Would not recommend, poor build quality.",2025-01-29,store-a
REV-002447,PROD-A-00236,CUST-A-01267,1,"Broke after two weeks, terrible quality.",2025-02-09,store-a
REV-002448,PB-00175,CB-00885,1,"Great product, exactly what I needed!",2025-09-06,store-b
REV-002449,PROD-A-00179,CUST-A-00690,5,"Okay for the price, gets the job done.",2024-10-28,store-a
REV-002450,PB-00371,CB-00047,3,Arrived on time and works perfectly.,2025-10-27,store-b
REV-002451,PB-00045,CB-01425,5,Best purchase I've made this year!,2024-08-28,store-b
REV-002452,PROD-A-00137,CUST-A-01186,3,"Broke after two weeks, terrible quality.",2025-08-17,store-a
REV-002453,PROD-A-00116,CUST-A-00154,5,Arrived on time and works perfectly.,2024-07-26,store-a
REV-002454,PB-00331,CB-01306,5,"Broke after two weeks, terrible quality.",2025-03-29,store-b
REV-002455,PROD-A-00352,CUST-A-00316,5,"Not as described, very disappointed.",2024-06-25,store-a
REV-002456,PROD-A-00347,CUST-A-01684,3,Absolutely love it! Will buy again.,2024-02-25,store-a
REV-002457,PROD-A-00463,CUST-A-01081,3,Exceeded my expectations in every way.,2024-02-15,store-a
REV-002458,PROD-A-00316,CUST-A-00066,1,"Excellent value for money, highly recommend!",2024-08-05,store-a
REV-002459,PROD-A-00427,CUST-A-00374,3,Arrived on time and works perfectly.,2024-04-05,store-a
REV-002460,PROD-A-00212,CUST-A-01960,5,Quality could be better for the price.,2025-12-20,store-a
REV-002461,PROD-A-00317,CUST-A-01447,2,Exceeded my expectations in every way.,2024-09-14,store-a
REV-002462,PROD-A-00191,CUST-A-00071,3,Best purchase I've made this year!,2024-05-01,store-a
REV-002463,PB-00176,CB-00337,1,"Great product, exactly what I needed!",2024-07-17,store-b
REV-002464,PROD-A-00336,CUST-A-00200,3,"Not as described, very disappointed.",2025-02-02,store-a
REV-002465,PROD-A-00498,CUST-A-01909,4,"Would not recommend, poor build quality.",2025-09-22,store-a
REV-002466,PB-00400,CB-01271,3,Best purchase I've made this year!,2024-05-21,store-b
REV-002467,PB-00117,CB-00780,4,"Would not recommend, poor build quality.",2025-03-25,store-b
REV-002468,PB-00284,CB-00122,1,"Average product, nothing special.",2025-01-21,store-b
REV-002469,PROD-A-00213,CUST-A-00617,4,Decent product for everyday use.,2024-11-09,store-a
REV-002470,PROD-A-00253,CUST-A-01622,4,Best purchase I've made this year!,2025-07-11,store-a
REV-002471,PROD-A-00044,CUST-A-01035,5,"Not as described, very disappointed.",2025-08-14,store-a
REV-002472,PB-00139,CB-00003,2,Quality could be better for the price.,2024-12-25,store-b
REV-002473,PROD-A-00026,CUST-A-00577,3,"Perfect gift, the recipient loved it!",2024-10-01,store-a
REV-002474,PROD-A-00330,CUST-A-00663,4,"Broke after two weeks, terrible quality.",2025-04-13,store-a
REV-002475,PROD-A-00203,CUST-A-01849,1,"Okay for the price, gets the job done.",2024-04-28,store-a
REV-002476,PROD-A-00222,CUST-A-00977,2,"Great product, exactly what I needed!",2025-04-03,store-a
REV-002477,PB-00296,CB-01353,5,"Would not recommend, poor build quality.",2024-07-18,store-b
REV-002478,PROD-A-00340,CUST-A-01319,3,"Not as described, very disappointed.",2025-03-03,store-a
REV-002479,PROD-A-00493,CUST-A-00719,2,Arrived on time and works perfectly.,2025-10-08,store-a
REV-002480,PROD-A-00467,CUST-A-00356,1,Good but shipping was too slow.,2024-05-10,store-a
REV-002481,PROD-A-00285,CUST-A-01875,4,"Okay for the price, gets the job done.",2024-12-03,store-a
REV-002482,PROD-A-00286,CUST-A-01646,2,"Excellent value for money, highly recommend!",2024-11-26,store-a
REV-002483,PROD-A-00438,CUST-A-01702,5,"Perfect gift, the recipient loved it!",2025-10-20,store-a
REV-002484,PB-00070,CB-01442,1,Absolutely love it! Will buy again.,2024-04-18,store-b
REV-002485,PB-00318,CB-01167,4,"Okay for the price, gets the job done.",2025-02-28,store-b
REV-002486,PROD-A-00169,CUST-A-01410,1,Arrived on time and works perfectly.,2025-09-01,store-a
REV-002487,PROD-A-00055,CUST-A-01837,1,"Average product, nothing special.",2025-02-13,store-a
REV-002488,PB-00371,CB-01449,3,"Not as described, very disappointed.",2024-12-08,store-b
REV-002489,PROD-A-00414,CUST-A-01899,2,Arrived on time and works perfectly.,2025-01-27,store-a
REV-002490,PB-00168,CB-00375,3,Quality could be better for the price.,2025-01-09,store-b
REV-002491,PROD-A-00237,CUST-A-01749,2,"Perfect gift, the recipient loved it!",2025-05-13,store-a
REV-002492,PB-00369,CB-01188,4,Quality could be better for the price.,2024-11-30,store-b
REV-002493,PROD-A-00367,CUST-A-00276,1,Exceeded my expectations in every way.,2025-03-27,store-a
REV-002494,PB-00217,CB-00697,2,Arrived on time and works perfectly.,2025-05-16,store-b
REV-002495,PROD-A-00029,CUST-A-00633,1,"Average product, nothing special.",2024-09-11,store-a
REV-002496,PB-00191,CB-00257,3,"Excellent value for money, highly recommend!",2025-07-03,store-b
REV-002497,PB-00238,CB-00669,4,Decent product for everyday use.,2024-12-22,store-b
REV-002498,PROD-A-00359,CUST-A-00429,1,"Average product, nothing special.",2025-06-18,store-a
REV-002499,PROD-A-00273,CUST-A-00339,4,Absolutely love it! Will buy again.,2025-08-18,store-a
REV-002500,PB-00072,CB-01258,1,"Perfect gift, the recipient loved it!",2025-09-07,store-b
REV-002501,PROD-A-00303,CUST-A-01406,5,"Broke after two weeks, terrible quality.",2024-09-17,store-a
REV-002502,PB-00224,CB-01382,4,"Excellent value for money, highly recommend!",2025-01-11,store-b
REV-002503,PROD-A-00319,CUST-A-00991,4,"Great product, exactly what I needed!",2024-11-26,store-a
REV-002504,PROD-A-00478,CUST-A-01601,3,Good but shipping was too slow.,2025-07-27,store-a
REV-002505,PROD-A-00199,CUST-A-01961,3,"Would not recommend, poor build quality.",2024-12-25,store-a
REV-002506,PROD-A-00081,CUST-A-01901,5,"Not as described, very disappointed.",2025-07-23,store-a
REV-002507,PROD-A-00063,CUST-A-00849,3,Quality could be better for the price.,2025-10-03,store-a
REV-002508,PB-00099,CB-01189,5,"Average product, nothing special.",2024-09-14,store-b
REV-002509,PB-00040,CB-00557,1,Absolutely love it! Will buy again.,2025-10-29,store-b
REV-002510,PROD-A-00154,CUST-A-01689,1,"Excellent value for money, highly recommend!",2024-02-29,store-a
REV-002511,PB-00115,CB-01156,3,Good but shipping was too slow.,2024-05-22,store-b
REV-002512,PROD-A-00265,CUST-A-00103,5,Best purchase I've made this year!,2025-01-09,store-a
REV-002513,PROD-A-00076,CUST-A-01238,5,Quality could be better for the price.,2025-06-16,store-a
REV-002514,PROD-A-00151,CUST-A-00236,1,"Perfect gift, the recipient loved it!",2025-12-23,store-a
REV-002515,PROD-A-00023,CUST-A-00444,4,Absolutely love it! Will buy again.,2024-08-12,store-a
REV-002516,PROD-A-00143,CUST-A-01185,3,"Broke after two weeks, terrible quality.",2025-12-29,store-a
REV-002517,PROD-A-00240,CUST-A-01873,2,Exceeded my expectations in every way.,2025-05-30,store-a
REV-002518,PROD-A-00409,CUST-A-00030,5,Absolutely love it! Will buy again.,2024-01-14,store-a
REV-002519,PROD-A-00249,CUST-A-01066,4,"Would not recommend, poor build quality.",2024-07-25,store-a
REV-002520,PB-00189,CB-00139,4,Absolutely love it! Will buy again.,2025-05-15,store-b
REV-002521,PROD-A-00147,CUST-A-01087,4,"Excellent value for money, highly recommend!",2024-11-26,store-a
REV-002522,PROD-A-00451,CUST-A-01765,5,"Excellent value for money, highly recommend!",2024-09-16,store-a
REV-002523,PB-00221,CB-00346,2,"Excellent value for money, highly recommend!",2025-11-12,store-b
REV-002524,PB-00057,CB-00496,2,Absolutely love it! Will buy again.,2025-01-04,store-b
REV-002525,PB-00280,CB-00235,2,"Okay for the price, gets the job done.",2024-06-18,store-b
REV-002526,PB-00236,CB-00421,3,Exceeded my expectations in every way.,2024-05-02,store-b
REV-002527,PROD-A-00273,CUST-A-00840,5,Absolutely love it! Will buy again.,2025-12-24,store-a
REV-002528,PB-00251,CB-00270,3,"Average product, nothing special.",2024-08-10,store-b
REV-002529,PROD-A-00058,CUST-A-01945,5,"Perfect gift, the recipient loved it!",2025-08-12,store-a
REV-002530,PROD-A-00401,CUST-A-01904,1,Absolutely love it! Will buy again.,2024-09-29,store-a
REV-002531,PROD-A-00012,CUST-A-01851,1,"Not as described, very disappointed.",2025-09-02,store-a
REV-002532,PB-00181,CB-00104,3,"Perfect gift, the recipient loved it!",2024-07-26,store-b
REV-002533,PROD-A-00001,CUST-A-00444,4,Arrived on time and works perfectly.,2024-03-25,store-a
REV-002534,PROD-A-00261,CUST-A-01419,5,"Perfect gift, the recipient loved it!",2025-09-01,store-a
REV-002535,PROD-A-00026,CUST-A-00898,5,"Would not recommend, poor build quality.",2025-12-11,store-a
REV-002536,PROD-A-00078,CUST-A-01717,1,"Great product, exactly what I needed!",2024-07-26,store-a
REV-002537,PROD-A-00196,CUST-A-00932,4,Arrived on time and works perfectly.,2024-04-05,store-a
REV-002538,PROD-A-00202,CUST-A-01295,4,"Average product, nothing special.",2024-07-21,store-a
REV-002539,PB-00311,CB-00374,3,"Broke after two weeks, terrible quality.",2025-08-20,store-b
REV-002540,PROD-A-00438,CUST-A-00589,2,Decent product for everyday use.,2025-10-05,store-a
REV-002541,PROD-A-00486,CUST-A-01233,4,"Great product, exactly what I needed!",2024-03-28,store-a
REV-002542,PB-00337,CB-00129,2,Arrived on time and works perfectly.,2025-06-10,store-b
REV-002543,PROD-A-00111,CUST-A-01014,5,"Broke after two weeks, terrible quality.",2024-10-16,store-a
REV-002544,PROD-A-00397,CUST-A-00401,1,Exceeded my expectations in every way.,2025-02-22,store-a
REV-002545,PROD-A-00233,CUST-A-01870,3,"Average product, nothing special.",2024-07-26,store-a
REV-002546,PROD-A-00445,CUST-A-01662,3,"Perfect gift, the recipient loved it!",2025-09-26,store-a
REV-002547,PROD-A-00323,CUST-A-01655,4,Quality could be better for the price.,2024-12-17,store-a
REV-002548,PB-00400,CB-01039,4,"Broke after two weeks, terrible quality.",2024-07-08,store-b
REV-002549,PROD-A-00055,CUST-A-01094,1,Arrived on time and works perfectly.,2025-09-22,store-a
REV-002550,PROD-A-00131,CUST-A-01661,4,Exceeded my expectations in every way.,2025-07-31,store-a
REV-002551,PROD-A-00485,CUST-A-00483,5,Best purchase I've made this year!,2025-08-07,store-a
REV-002552,PB-00174,CB-00404,1,"Not as described, very disappointed.",2024-12-05,store-b
REV-002553,PROD-A-00122,CUST-A-00225,1,Absolutely love it! Will buy again.,2025-08-27,store-a
REV-002554,PROD-A-00037,CUST-A-00487,4,Best purchase I've made this year!,2024-05-11,store-a
REV-002555,PROD-A-00298,CUST-A-01961,1,Exceeded my expectations in every way.,2025-12-31,store-a
REV-002556,PB-00069,CB-00051,1,Quality could be better for the price.,2024-06-26,store-b
REV-002557,PROD-A-00155,CUST-A-01732,5,"Average product, nothing special.",2024-07-11,store-a
REV-002558,PROD-A-00436,CUST-A-01127,5,Exceeded my expectations in every way.,2025-11-30,store-a
REV-002559,PROD-A-00249,CUST-A-00055,4,"Perfect gift, the recipient loved it!",2025-01-15,store-a
REV-002560,PROD-A-00299,CUST-A-01909,5,Absolutely love it! Will buy again.,2025-05-15,store-a
REV-002561,PB-00357,CB-01286,2,Exceeded my expectations in every way.,2025-08-29,store-b
REV-002562,PROD-A-00266,CUST-A-01139,5,"Not as described, very disappointed.",2024-05-04,store-a
REV-002563,PROD-A-00140,CUST-A-00620,1,Exceeded my expectations in every way.,2024-09-27,store-a
REV-002564,PROD-A-00053,CUST-A-00566,3,Exceeded my expectations in every way.,2024-04-01,store-a
REV-002565,PB-00260,CB-01126,2,"Broke after two weeks, terrible quality.",2024-08-05,store-b
REV-002566,PB-00378,CB-00452,1,"Not as described, very disappointed.",2024-03-15,store-b
REV-002567,PROD-A-00309,CUST-A-01215,4,"Not as described, very disappointed.",2025-10-10,store-a
REV-002568,PB-00303,CB-00104,4,"Would not recommend, poor build quality.",2024-03-03,store-b
REV-002569,PROD-A-00242,CUST-A-00206,3,"Broke after two weeks, terrible quality.",2024-08-08,store-a
REV-002570,PROD-A-00300,CUST-A-01536,2,Quality could be better for the price.,2025-06-29,store-a
REV-002571,PROD-A-00346,CUST-A-00545,1,Good but shipping was too slow.,2025-09-16,store-a
REV-002572,PROD-A-00044,CUST-A-01644,3,Arrived on time and works perfectly.,2024-06-08,store-a
REV-002573,PB-00122,CB-00777,5,Absolutely love it! Will buy again.,2025-03-07,store-b
REV-002574,PB-00138,CB-01438,5,Exceeded my expectations in every way.,2024-11-10,store-b
REV-002575,PROD-A-00262,CUST-A-01863,1,Absolutely love it! Will buy again.,2025-08-22,store-a
REV-002576,PROD-A-00097,CUST-A-01498,4,"Would not recommend, poor build quality.",2024-05-10,store-a
REV-002577,PB-00150,CB-00037,3,"Would not recommend, poor build quality.",2025-11-11,store-b
REV-002578,PB-00025,CB-00748,5,Exceeded my expectations in every way.,2025-08-29,store-b
REV-002579,PROD-A-00214,CUST-A-01966,3,"Average product, nothing special.",2024-02-20,store-a
REV-002580,PROD-A-00419,CUST-A-01730,3,Absolutely love it! Will buy again.,2025-05-23,store-a
REV-002581,PROD-A-00470,CUST-A-00142,3,"Would not recommend, poor build quality.",2024-02-24,store-a
REV-002582,PB-00212,CB-01302,1,Absolutely love it! Will buy again.,2024-03-03,store-b
REV-002583,PROD-A-00306,CUST-A-00961,4,Best purchase I've made this year!,2024-07-24,store-a
REV-002584,PROD-A-00053,CUST-A-00624,4,Best purchase I've made this year!,2025-01-16,store-a
REV-002585,PROD-A-00063,CUST-A-01038,1,"Excellent value for money, highly recommend!",2025-02-18,store-a
REV-002586,PB-00010,CB-00196,5,Quality could be better for the price.,2024-07-02,store-b
REV-002587,PROD-A-00266,CUST-A-01009,1,Decent product for everyday use.,2024-04-10,store-a
REV-002588,PROD-A-00185,CUST-A-00389,2,"Perfect gift, the recipient loved it!",2024-05-12,store-a
REV-002589,PROD-A-00302,CUST-A-00845,1,"Great product, exactly what I needed!",2025-06-15,store-a
REV-002590,PROD-A-00258,CUST-A-01888,5,"Average product, nothing special.",2025-04-10,store-a
REV-002591,PROD-A-00024,CUST-A-01183,5,Exceeded my expectations in every way.,2024-04-22,store-a
REV-002592,PROD-A-00226,CUST-A-01207,3,"Broke after two weeks, terrible quality.",2025-09-05,store-a
REV-002593,PB-00343,CB-00629,4,"Perfect gift, the recipient loved it!",2025-10-10,store-b
REV-002594,PB-00073,CB-00013,3,Exceeded my expectations in every way.,2024-02-21,store-b
REV-002595,PB-00235,CB-01304,1,"Perfect gift, the recipient loved it!",2025-11-21,store-b
REV-002596,PROD-A-00460,CUST-A-00709,5,"Perfect gift, the recipient loved it!",2024-11-01,store-a
REV-002597,PROD-A-00444,CUST-A-00474,1,"Broke after two weeks, terrible quality.",2025-03-23,store-a
REV-002598,PROD-A-00154,CUST-A-01603,5,"Not as described, very disappointed.",2024-10-31,store-a
REV-002599,PROD-A-00049,CUST-A-00287,1,"Okay for the price, gets the job done.",2024-01-22,store-a
REV-002600,PROD-A-00436,CUST-A-00122,4,Absolutely love it! Will buy again.,2025-01-26,store-a
REV-002601,PROD-A-00125,CUST-A-01789,1,"Great product, exactly what I needed!",2024-03-27,store-a
REV-002602,PROD-A-00358,CUST-A-01085,4,"Average product, nothing special.",2024-01-21,store-a
REV-002603,PROD-A-00492,CUST-A-00304,5,Arrived on time and works perfectly.,2024-01-21,store-a
REV-002604,PB-00094,CB-00562,5,Quality could be better for the price.,2025-04-09,store-b
REV-002605,PROD-A-00251,CUST-A-01831,3,"Would not recommend, poor build quality.",2024-06-05,store-a
REV-002606,PB-00173,CB-00249,3,"Great product, exactly what I needed!",2024-08-19,store-b
REV-002607,PB-00209,CB-01052,2,"Great product, exactly what I needed!",2024-10-01,store-b
REV-002608,PB-00060,CB-00678,4,"Okay for the price, gets the job done.",2025-08-07,store-b
REV-002609,PROD-A-00342,CUST-A-00616,2,"Would not recommend, poor build quality.",2024-06-05,store-a
REV-002610,PB-00302,CB-00935,3,Best purchase I've made this year!,2024-09-10,store-b
REV-002611,PROD-A-00045,CUST-A-01476,3,Quality could be better for the price.,2024-01-28,store-a
REV-002612,PB-00086,CB-01088,4,"Okay for the price, gets the job done.",2024-03-24,store-b
REV-002613,PB-00082,CB-00095,1,Decent product for everyday use.,2025-01-09,store-b
REV-002614,PROD-A-00450,CUST-A-01551,3,"Broke after two weeks, terrible quality.",2024-09-03,store-a
REV-002615,PB-00274,CB-00109,3,Good but shipping was too slow.,2025-07-29,store-b
REV-002616,PROD-A-00255,CUST-A-00954,3,Arrived on time and works perfectly.,2025-01-07,store-a
REV-002617,PB-00233,CB-00427,4,"Excellent value for money, highly recommend!",2025-12-19,store-b
REV-002618,PROD-A-00020,CUST-A-01959,1,Good but shipping was too slow.,2024-06-12,store-a
REV-002619,PB-00360,CB-00429,2,Absolutely love it! Will buy again.,2025-12-01,store-b
REV-002620,PROD-A-00354,CUST-A-00459,3,"Perfect gift, the recipient loved it!",2024-12-10,store-a
REV-002621,PB-00243,CB-01002,5,"Not as described, very disappointed.",2025-03-07,store-b
REV-002622,PROD-A-00398,CUST-A-01645,4,Good but shipping was too slow.,2025-05-18,store-a
REV-002623,PROD-A-00072,CUST-A-00408,5,Quality could be better for the price.,2024-11-04,store-a
REV-002624,PB-00061,CB-01190,3,"Excellent value for money, highly recommend!",2024-09-04,store-b
REV-002625,PB-00211,CB-00954,1,"Great product, exactly what I needed!",2024-06-23,store-b
REV-002626,PB-00348,CB-00466,1,Arrived on time and works perfectly.,2024-12-15,store-b
REV-002627,PROD-A-00019,CUST-A-00683,2,"Great product, exactly what I needed!",2025-05-10,store-a
REV-002628,PB-00072,CB-00250,2,"Okay for the price, gets the job done.",2025-10-11,store-b
REV-002629,PB-00026,CB-00833,4,Absolutely love it! Will buy again.,2025-01-14,store-b
REV-002630,PB-00010,CB-01470,5,Absolutely love it! Will buy again.,2025-01-02,store-b
REV-002631,PROD-A-00302,CUST-A-00303,5,Good but shipping was too slow.,2025-01-19,store-a
REV-002632,PB-00079,CB-00259,2,"Would not recommend, poor build quality.",2025-05-03,store-b
REV-002633,PB-00125,CB-00646,2,Good but shipping was too slow.,2025-08-17,store-b
REV-002634,PB-00130,CB-00403,3,Absolutely love it! Will buy again.,2025-05-25,store-b
REV-002635,PB-00147,CB-01331,2,"Perfect gift, the recipient loved it!",2024-10-16,store-b
REV-002636,PROD-A-00326,CUST-A-00782,4,Quality could be better for the price.,2024-11-16,store-a
REV-002637,PROD-A-00026,CUST-A-00406,5,"Excellent value for money, highly recommend!",2024-09-16,store-a
REV-002638,PB-00022,CB-00153,3,"Average product, nothing special.",2025-06-14,store-b
REV-002639,PROD-A-00215,CUST-A-01600,5,Arrived on time and works perfectly.,2025-03-14,store-a
REV-002640,PB-00087,CB-00526,4,Decent product for everyday use.,2024-09-07,store-b
REV-002641,PB-00263,CB-01362,4,Best purchase I've made this year!,2024-05-04,store-b
REV-002642,PROD-A-00215,CUST-A-00055,3,"Not as described, very disappointed.",2025-04-05,store-a
REV-002643,PB-00232,CB-01074,5,"Broke after two weeks, terrible quality.",2024-04-29,store-b
REV-002644,PB-00064,CB-00106,2,"Excellent value for money, highly recommend!",2024-07-02,store-b
REV-002645,PROD-A-00383,CUST-A-00384,2,Exceeded my expectations in every way.,2025-07-16,store-a
REV-002646,PB-00383,CB-00140,1,"Not as described, very disappointed.",2025-08-19,store-b
REV-002647,PROD-A-00239,CUST-A-00966,3,"Broke after two weeks, terrible quality.",2024-09-27,store-a
REV-002648,PROD-A-00404,CUST-A-01915,2,"Excellent value for money, highly recommend!",2024-06-14,store-a
REV-002649,PB-00157,CB-00066,1,"Broke after two weeks, terrible quality.",2024-11-26,store-b
REV-002650,PROD-A-00238,CUST-A-00732,1,Absolutely love it! Will buy again.,2025-09-10,store-a
REV-002651,PB-00100,CB-00088,5,Good but shipping was too slow.,2024-07-02,store-b
REV-002652,PROD-A-00307,CUST-A-00080,1,Best purchase I've made this year!,2025-08-02,store-a
REV-002653,PB-00262,CB-00485,2,"Would not recommend, poor build quality.",2024-04-18,store-b
REV-002654,PB-00159,CB-01428,2,Absolutely love it! Will buy again.,2024-02-03,store-b
REV-002655,PB-00093,CB-01316,1,"Average product, nothing special.",2024-04-01,store-b
REV-002656,PB-00052,CB-01093,2,Good but shipping was too slow.,2024-09-25,store-b
REV-002657,PROD-A-00424,CUST-A-00641,3,Absolutely love it! Will buy again.,2024-05-15,store-a
REV-002658,PROD-A-00140,CUST-A-01753,3,Best purchase I've made this year!,2024-12-07,store-a
REV-002659,PB-00204,CB-00832,3,"Excellent value for money, highly recommend!",2025-11-11,store-b
REV-002660,PROD-A-00222,CUST-A-00081,4,"Great product, exactly what I needed!",2025-08-22,store-a
REV-002661,PROD-A-00382,CUST-A-01261,3,Arrived on time and works perfectly.,2025-08-25,store-a
REV-002662,PB-00035,CB-00848,4,Quality could be better for the price.,2025-05-26,store-b
REV-002663,PB-00272,CB-01270,1,"Great product, exactly what I needed!",2025-05-27,store-b
REV-002664,PROD-A-00419,CUST-A-01838,4,"Perfect gift, the recipient loved it!",2025-07-23,store-a
REV-002665,PROD-A-00309,CUST-A-00376,3,"Great product, exactly what I needed!",2025-02-27,store-a
REV-002666,PROD-A-00256,CUST-A-00094,4,Arrived on time and works perfectly.,2025-10-24,store-a
REV-002667,PROD-A-00308,CUST-A-01005,1,"Great product, exactly what I needed!",2025-07-31,store-a
REV-002668,PROD-A-00081,CUST-A-01032,4,Decent product for everyday use.,2024-12-31,store-a
REV-002669,PROD-A-00010,CUST-A-00615,4,Quality could be better for the price.,2024-05-19,store-a
REV-002670,PB-00315,CB-00827,5,Quality could be better for the price.,2024-05-23,store-b
REV-002671,PB-00115,CB-00493,5,"Perfect gift, the recipient loved it!",2025-02-07,store-b
REV-002672,PB-00051,CB-01209,2,"Broke after two weeks, terrible quality.",2024-10-28,store-b
REV-002673,PROD-A-00019,CUST-A-01196,4,Decent product for everyday use.,2025-09-07,store-a
REV-002674,PB-00243,CB-01286,3,"Great product, exactly what I needed!",2024-04-25,store-b
REV-002675,PROD-A-00442,CUST-A-00391,5,Best purchase I've made this year!,2025-06-03,store-a
REV-002676,PROD-A-00035,CUST-A-00975,2,Quality could be better for the price.,2024-11-11,store-a
REV-002677,PROD-A-00259,CUST-A-00287,4,Good but shipping was too slow.,2024-07-28,store-a
REV-002678,PROD-A-00426,CUST-A-01962,5,"Broke after two weeks, terrible quality.",2024-01-17,store-a
REV-002679,PROD-A-00433,CUST-A-01942,1,Best purchase I've made this year!,2024-09-12,store-a
REV-002680,PB-00295,CB-01124,4,Exceeded my expectations in every way.,2024-01-21,store-b
REV-002681,PB-00023,CB-00078,4,Absolutely love it! Will buy again.,2024-07-04,store-b
REV-002682,PB-00139,CB-00112,4,"Okay for the price, gets the job done.",2024-03-29,store-b
REV-002683,PB-00184,CB-00348,5,Absolutely love it! Will buy again.,2024-08-25,store-b
REV-002684,PB-00399,CB-00106,4,"Perfect gift, the recipient loved it!",2025-08-22,store-b
REV-002685,PB-00134,CB-00870,3,"Excellent value for money, highly recommend!",2025-01-24,store-b
REV-002686,PROD-A-00343,CUST-A-01970,1,Best purchase I've made this year!,2024-05-30,store-a
REV-002687,PB-00270,CB-00240,3,"Not as described, very disappointed.",2025-07-13,store-b
REV-002688,PROD-A-00408,CUST-A-00381,1,"Average product, nothing special.",2025-11-15,store-a
REV-002689,PROD-A-00355,CUST-A-00144,3,"Excellent value for money, highly recommend!",2025-03-01,store-a
REV-002690,PROD-A-00492,CUST-A-00678,3,"Perfect gift, the recipient loved it!",2025-01-12,store-a
REV-002691,PROD-A-00139,CUST-A-00409,5,Quality could be better for the price.,2025-07-03,store-a
REV-002692,PB-00252,CB-00416,4,"Great product, exactly what I needed!",2024-01-25,store-b
REV-002693,PB-00022,CB-01104,5,"Not as described, very disappointed.",2025-04-20,store-b
REV-002694,PROD-A-00183,CUST-A-00817,5,Good but shipping was too slow.,2025-07-07,store-a
REV-002695,PROD-A-00076,CUST-A-01340,1,Exceeded my expectations in every way.,2024-07-10,store-a
REV-002696,PB-00246,CB-00301,4,"Would not recommend, poor build quality.",2024-02-16,store-b
REV-002697,PB-00337,CB-01359,5,Good but shipping was too slow.,2025-10-04,store-b
REV-002698,PB-00049,CB-00773,5,Quality could be better for the price.,2025-06-10,store-b
REV-002699,PROD-A-00088,CUST-A-00612,5,Exceeded my expectations in every way.,2024-10-25,store-a
REV-002700,PB-00393,CB-00758,4,Good but shipping was too slow.,2025-07-05,store-b
REV-002701,PROD-A-00318,CUST-A-01243,4,Absolutely love it! Will buy again.,2025-07-21,store-a
REV-002702,PB-00237,CB-00018,5,"Okay for the price, gets the job done.",2024-05-05,store-b
REV-002703,PB-00176,CB-00706,5,Good but shipping was too slow.,2025-03-18,store-b
REV-002704,PROD-A-00343,CUST-A-00767,2,Absolutely love it! Will buy again.,2024-02-01,store-a
REV-002705,PROD-A-00298,CUST-A-01066,3,"Great product, exactly what I needed!",2024-05-08,store-a
REV-002706,PROD-A-00280,CUST-A-00119,3,"Broke after two weeks, terrible quality.",2025-06-14,store-a
REV-002707,PROD-A-00345,CUST-A-00275,3,"Okay for the price, gets the job done.",2025-08-29,store-a
REV-002708,PROD-A-00397,CUST-A-00143,4,"Excellent value for money, highly recommend!",2024-09-02,store-a
REV-002709,PROD-A-00319,CUST-A-00504,4,Arrived on time and works perfectly.,2024-12-05,store-a
REV-002710,PROD-A-00115,CUST-A-00233,3,"Excellent value for money, highly recommend!",2025-07-19,store-a
REV-002711,PB-00296,CB-00680,3,Best purchase I've made this year!,2024-07-19,store-b
REV-002712,PB-00323,CB-00240,4,"Okay for the price, gets the job done.",2025-06-20,store-b
REV-002713,PROD-A-00435,CUST-A-00033,5,"Not as described, very disappointed.",2025-10-06,store-a
REV-002714,PB-00330,CB-01183,3,Arrived on time and works perfectly.,2024-03-24,store-b
REV-002715,PROD-A-00069,CUST-A-00783,5,Good but shipping was too slow.,2025-11-22,store-a
REV-002716,PB-00061,CB-01277,2,Quality could be better for the price.,2024-11-04,store-b
REV-002717,PROD-A-00212,CUST-A-01693,3,"Not as described, very disappointed.",2025-02-04,store-a
REV-002718,PROD-A-00452,CUST-A-01160,3,"Okay for the price, gets the job done.",2025-11-13,store-a
REV-002719,PROD-A-00485,CUST-A-00247,5,"Excellent value for money, highly recommend!",2025-07-03,store-a
REV-002720,PB-00259,CB-00026,1,"Would not recommend, poor build quality.",2024-10-25,store-b
REV-002721,PROD-A-00129,CUST-A-01342,1,Exceeded my expectations in every way.,2025-05-24,store-a
REV-002722,PROD-A-00454,CUST-A-01674,5,Good but shipping was too slow.,2024-03-19,store-a
REV-002723,PB-00287,CB-00721,2,"Perfect gift, the recipient loved it!",2024-07-11,store-b
REV-002724,PB-00112,CB-00144,5,"Would not recommend, poor build quality.",2025-09-11,store-b
REV-002725,PB-00120,CB-00098,2,"Great product, exactly what I needed!",2025-04-25,store-b
REV-002726,PROD-A-00120,CUST-A-01746,3,"Broke after two weeks, terrible quality.",2024-08-11,store-a
REV-002727,PROD-A-00242,CUST-A-01870,2,"Average product, nothing special.",2025-03-28,store-a
REV-002728,PROD-A-00019,CUST-A-01052,3,"Average product, nothing special.",2024-10-12,store-a
REV-002729,PB-00203,CB-00771,5,Quality could be better for the price.,2025-06-16,store-b
REV-002730,PROD-A-00290,CUST-A-00231,4,Decent product for everyday use.,2024-07-05,store-a
REV-002731,PROD-A-00395,CUST-A-01078,5,Good but shipping was too slow.,2024-08-17,store-a
REV-002732,PB-00015,CB-01335,1,"Great product, exactly what I needed!",2024-08-22,store-b
REV-002733,PB-00387,CB-00849,2,"Okay for the price, gets the job done.",2025-01-27,store-b
REV-002734,PB-00107,CB-01447,4,Decent product for everyday use.,2024-01-31,store-b
REV-002735,PROD-A-00483,CUST-A-01382,3,Quality could be better for the price.,2024-10-26,store-a
REV-002736,PB-00137,CB-01328,2,Best purchase I've made this year!,2025-07-14,store-b
REV-002737,PROD-A-00158,CUST-A-00993,1,"Okay for the price, gets the job done.",2025-03-17,store-a
REV-002738,PB-00251,CB-00375,1,"Perfect gift, the recipient loved it!",2025-06-05,store-b
REV-002739,PROD-A-00181,CUST-A-00726,4,Decent product for everyday use.,2024-04-11,store-a
REV-002740,PROD-A-00296,CUST-A-01430,2,Absolutely love it! Will buy again.,2024-02-21,store-a
REV-002741,PROD-A-00077,CUST-A-01417,2,"Great product, exactly what I needed!",2025-08-30,store-a
REV-002742,PB-00113,CB-00431,2,"Excellent value for money, highly recommend!",2024-04-21,store-b
REV-002743,PROD-A-00235,CUST-A-00652,1,Good but shipping was too slow.,2025-10-19,store-a
REV-002744,PB-00010,CB-00684,1,"Would not recommend, poor build quality.",2025-03-10,store-b
REV-002745,PB-00345,CB-00137,5,"Great product, exactly what I needed!",2025-10-28,store-b
REV-002746,PB-00160,CB-00006,2,Decent product for everyday use.,2024-01-30,store-b
REV-002747,PB-00254,CB-00814,4,Arrived on time and works perfectly.,2024-05-03,store-b
REV-002748,PB-00045,CB-01316,1,"Broke after two weeks, terrible quality.",2025-02-05,store-b
REV-002749,PB-00371,CB-00412,3,"Excellent value for money, highly recommend!",2025-04-12,store-b
REV-002750,PB-00147,CB-01071,4,Decent product for everyday use.,2024-10-13,store-b
REV-002751,PROD-A-00307,CUST-A-01311,3,Best purchase I've made this year!,2025-12-27,store-a
REV-002752,PROD-A-00200,CUST-A-00678,5,Quality could be better for the price.,2025-08-27,store-a
REV-002753,PROD-A-00187,CUST-A-01482,3,"Great product, exactly what I needed!",2024-11-03,store-a
REV-002754,PB-00194,CB-00881,4,Exceeded my expectations in every way.,2024-12-24,store-b
REV-002755,PB-00052,CB-00429,4,Exceeded my expectations in every way.,2024-02-04,store-b
REV-002756,PROD-A-00476,CUST-A-01030,1,Exceeded my expectations in every way.,2025-03-25,store-a
REV-002757,PROD-A-00134,CUST-A-00772,1,Best purchase I've made this year!,2024-02-25,store-a
REV-002758,PB-00219,CB-00792,3,"Perfect gift, the recipient loved it!",2025-03-17,store-b
REV-002759,PB-00287,CB-00199,4,"Not as described, very disappointed.",2025-04-26,store-b
REV-002760,PB-00399,CB-00991,5,"Excellent value for money, highly recommend!",2024-11-13,store-b
REV-002761,PROD-A-00413,CUST-A-00398,4,Decent product for everyday use.,2024-10-11,store-a
REV-002762,PROD-A-00254,CUST-A-01493,2,"Perfect gift, the recipient loved it!",2025-08-16,store-a
REV-002763,PROD-A-00388,CUST-A-01378,5,Exceeded my expectations in every way.,2025-04-28,store-a
REV-002764,PB-00084,CB-00192,2,"Not as described, very disappointed.",2024-03-16,store-b
REV-002765,PB-00104,CB-00411,1,"Okay for the price, gets the job done.",2025-01-26,store-b
REV-002766,PB-00308,CB-00018,4,"Average product, nothing special.",2025-03-27,store-b
REV-002767,PROD-A-00324,CUST-A-01063,2,Quality could be better for the price.,2024-06-09,store-a
REV-002768,PB-00124,CB-00829,1,Absolutely love it! Will buy again.,2024-06-14,store-b
REV-002769,PROD-A-00419,CUST-A-00472,3,"Perfect gift, the recipient loved it!",2025-06-27,store-a
REV-002770,PROD-A-00364,CUST-A-01074,1,"Would not recommend, poor build quality.",2024-09-15,store-a
REV-002771,PROD-A-00127,CUST-A-01961,3,"Great product, exactly what I needed!",2024-06-30,store-a
REV-002772,PB-00267,CB-01435,3,"Broke after two weeks, terrible quality.",2024-07-01,store-b
REV-002773,PROD-A-00390,CUST-A-01607,4,"Broke after two weeks, terrible quality.",2024-08-30,store-a
REV-002774,PB-00207,CB-00402,5,"Not as described, very disappointed.",2024-10-18,store-b
REV-002775,PROD-A-00353,CUST-A-01440,1,Quality could be better for the price.,2025-01-28,store-a
REV-002776,PB-00145,CB-00860,2,"Not as described, very disappointed.",2025-10-04,store-b
REV-002777,PB-00190,CB-00568,5,"Okay for the price, gets the job done.",2025-09-06,store-b
REV-002778,PROD-A-00026,CUST-A-00119,4,"Not as described, very disappointed.",2024-04-15,store-a
REV-002779,PROD-A-00401,CUST-A-00120,5,"Average product, nothing special.",2024-03-18,store-a
REV-002780,PROD-A-00388,CUST-A-01654,2,"Not as described, very disappointed.",2025-10-01,store-a
REV-002781,PB-00368,CB-00066,1,Absolutely love it! Will buy again.,2025-06-30,store-b
REV-002782,PB-00186,CB-01190,2,"Okay for the price, gets the job done.",2024-07-30,store-b
REV-002783,PB-00199,CB-01497,5,"Not as described, very disappointed.",2024-12-08,store-b
REV-002784,PROD-A-00397,CUST-A-01349,4,Best purchase I've made this year!,2024-03-04,store-a
REV-002785,PROD-A-00460,CUST-A-00719,2,Best purchase I've made this year!,2024-01-06,store-a
REV-002786,PROD-A-00095,CUST-A-00731,4,Quality could be better for the price.,2024-09-12,store-a
REV-002787,PB-00021,CB-01241,3,"Okay for the price, gets the job done.",2025-10-05,store-b
REV-002788,PROD-A-00267,CUST-A-00046,5,"Great product, exactly what I needed!",2025-03-13,store-a
REV-002789,PB-00227,CB-00858,4,Arrived on time and works perfectly.,2024-07-30,store-b
REV-002790,PROD-A-00436,CUST-A-00221,5,Absolutely love it! Will buy again.,2024-06-02,store-a
REV-002791,PB-00399,CB-00319,5,Good but shipping was too slow.,2024-11-21,store-b
REV-002792,PROD-A-00434,CUST-A-00088,3,Arrived on time and works perfectly.,2024-07-27,store-a
REV-002793,PROD-A-00417,CUST-A-01522,5,"Perfect gift, the recipient loved it!",2024-05-26,store-a
REV-002794,PROD-A-00229,CUST-A-01494,3,"Perfect gift, the recipient loved it!",2024-12-25,store-a
REV-002795,PROD-A-00014,CUST-A-01158,5,Quality could be better for the price.,2024-01-11,store-a
REV-002796,PB-00063,CB-00427,4,"Excellent value for money, highly recommend!",2024-06-08,store-b
REV-002797,PB-00035,CB-00074,3,"Broke after two weeks, terrible quality.",2024-08-31,store-b
REV-002798,PB-00298,CB-00045,1,"Broke after two weeks, terrible quality.",2024-06-14,store-b
REV-002799,PROD-A-00257,CUST-A-00115,3,Best purchase I've made this year!,2025-05-22,store-a
REV-002800,PROD-A-00269,CUST-A-00664,3,Decent product for everyday use.,2024-04-08,store-a
REV-002801,PB-00106,CB-01287,5,Decent product for everyday use.,2024-12-05,store-b
REV-002802,PB-00182,CB-01163,3,"Great product, exactly what I needed!",2024-01-04,store-b
REV-002803,PROD-A-00313,CUST-A-01535,3,"Okay for the price, gets the job done.",2025-03-11,store-a
REV-002804,PB-00182,CB-00503,4,Arrived on time and works perfectly.,2024-06-02,store-b
REV-002805,PB-00222,CB-01115,1,Decent product for everyday use.,2025-03-26,store-b
REV-002806,PB-00245,CB-01037,3,"Excellent value for money, highly recommend!",2024-11-26,store-b
REV-002807,PROD-A-00248,CUST-A-00902,2,"Average product, nothing special.",2025-12-19,store-a
REV-002808,PROD-A-00118,CUST-A-00101,5,"Broke after two weeks, terrible quality.",2025-04-21,store-a
REV-002809,PROD-A-00022,CUST-A-01445,4,Absolutely love it! Will buy again.,2024-06-11,store-a
REV-002810,PROD-A-00234,CUST-A-01046,2,Good but shipping was too slow.,2025-08-14,store-a
REV-002811,PB-00180,CB-00445,4,Exceeded my expectations in every way.,2025-05-21,store-b
REV-002812,PROD-A-00307,CUST-A-01985,5,Arrived on time and works perfectly.,2024-02-25,store-a
REV-002813,PB-00140,CB-00165,2,Best purchase I've made this year!,2025-06-21,store-b
REV-002814,PROD-A-00115,CUST-A-01773,1,Quality could be better for the price.,2025-11-20,store-a
REV-002815,PROD-A-00486,CUST-A-00175,4,"Would not recommend, poor build quality.",2024-06-28,store-a
REV-002816,PB-00092,CB-00080,1,"Would not recommend, poor build quality.",2024-02-22,store-b
REV-002817,PROD-A-00228,CUST-A-00039,2,Best purchase I've made this year!,2024-05-04,store-a
REV-002818,PB-00240,CB-00557,5,"Would not recommend, poor build quality.",2025-09-27,store-b
REV-002819,PB-00161,CB-00301,2,"Excellent value for money, highly recommend!",2025-05-07,store-b
REV-002820,PROD-A-00277,CUST-A-00080,1,Best purchase I've made this year!,2025-05-30,store-a
REV-002821,PROD-A-00281,CUST-A-00862,3,Exceeded my expectations in every way.,2024-02-21,store-a
REV-002822,PB-00258,CB-01122,4,"Would not recommend, poor build quality.",2024-12-17,store-b
REV-002823,PB-00133,CB-01032,4,Best purchase I've made this year!,2024-02-26,store-b
REV-002824,PB-00028,CB-00662,4,"Okay for the price, gets the job done.",2024-08-14,store-b
REV-002825,PB-00112,CB-00025,4,Good but shipping was too slow.,2024-02-11,store-b
REV-002826,PB-00340,CB-00442,4,Decent product for everyday use.,2024-09-27,store-b
REV-002827,PROD-A-00445,CUST-A-00886,4,"Great product, exactly what I needed!",2024-11-19,store-a
REV-002828,PROD-A-00125,CUST-A-00664,4,Decent product for everyday use.,2024-12-13,store-a
REV-002829,PB-00157,CB-00825,2,"Perfect gift, the recipient loved it!",2025-12-25,store-b
REV-002830,PB-00110,CB-00326,5,Good but shipping was too slow.,2024-11-03,store-b
REV-002831,PB-00253,CB-00994,2,"Excellent value for money, highly recommend!",2025-02-03,store-b
REV-002832,PB-00185,CB-00774,5,"Great product, exactly what I needed!",2025-02-06,store-b
REV-002833,PB-00067,CB-00185,4,"Average product, nothing special.",2024-08-03,store-b
REV-002834,PROD-A-00084,CUST-A-00074,3,"Okay for the price, gets the job done.",2024-06-18,store-a
REV-002835,PB-00142,CB-01400,3,"Not as described, very disappointed.",2024-08-27,store-b
REV-002836,PB-00104,CB-01221,1,Arrived on time and works perfectly.,2025-12-23,store-b
REV-002837,PROD-A-00314,CUST-A-01639,3,"Excellent value for money, highly recommend!",2024-11-27,store-a
REV-002838,PB-00317,CB-00144,3,"Would not recommend, poor build quality.",2025-09-18,store-b
REV-002839,PROD-A-00402,CUST-A-00084,2,Absolutely love it! Will buy again.,2024-06-08,store-a
REV-002840,PB-00072,CB-01435,1,"Great product, exactly what I needed!",2024-07-21,store-b
REV-002841,PB-00172,CB-00949,4,"Great product, exactly what I needed!",2024-06-18,store-b
REV-002842,PROD-A-00394,CUST-A-01176,5,Quality could be better for the price.,2025-02-09,store-a
REV-002843,PB-00336,CB-00833,1,Best purchase I've made this year!,2024-03-10,store-b
REV-002844,PROD-A-00045,CUST-A-00853,3,"Okay for the price, gets the job done.",2025-10-08,store-a
REV-002845,PB-00372,CB-01319,5,Arrived on time and works perfectly.,2025-05-17,store-b
REV-002846,PB-00139,CB-01305,4,"Broke after two weeks, terrible quality.",2025-02-28,store-b
REV-002847,PROD-A-00390,CUST-A-00947,4,Arrived on time and works perfectly.,2025-11-02,store-a
REV-002848,PB-00089,CB-00677,2,Absolutely love it! Will buy again.,2024-02-07,store-b
REV-002849,PROD-A-00251,CUST-A-01166,1,Exceeded my expectations in every way.,2024-01-20,store-a
REV-002850,PB-00252,CB-00597,5,"Would not recommend, poor build quality.",2025-04-16,store-b
REV-002851,PB-00006,CB-00617,1,Arrived on time and works perfectly.,2025-08-15,store-b
REV-002852,PB-00263,CB-00768,2,Exceeded my expectations in every way.,2024-10-11,store-b
REV-002853,PROD-A-00464,CUST-A-00386,5,"Would not recommend, poor build quality.",2024-01-02,store-a
REV-002854,PB-00054,CB-00844,4,Decent product for everyday use.,2025-10-05,store-b
REV-002855,PROD-A-00388,CUST-A-00548,2,"Would not recommend, poor build quality.",2025-05-14,store-a
REV-002856,PB-00398,CB-00770,1,Arrived on time and works perfectly.,2025-11-18,store-b
REV-002857,PROD-A-00216,CUST-A-01140,3,Arrived on time and works perfectly.,2024-05-31,store-a
REV-002858,PB-00089,CB-00166,4,"Great product, exactly what I needed!",2024-06-18,store-b
REV-002859,PROD-A-00326,CUST-A-00489,5,"Excellent value for money, highly recommend!",2024-02-24,store-a
REV-002860,PB-00206,CB-00670,2,"Okay for the price, gets the job done.",2025-05-27,store-b
REV-002861,PROD-A-00069,CUST-A-00842,3,"Not as described, very disappointed.",2025-12-25,store-a
REV-002862,PB-00303,CB-00189,1,Arrived on time and works perfectly.,2025-12-07,store-b
REV-002863,PB-00279,CB-01434,4,"Excellent value for money, highly recommend!",2024-02-15,store-b
REV-002864,PB-00254,CB-01392,3,"Average product, nothing special.",2025-04-02,store-b
REV-002865,PB-00275,CB-00964,1,"Great product, exactly what I needed!",2025-08-12,store-b
REV-002866,PROD-A-00418,CUST-A-01439,2,Arrived on time and works perfectly.,2024-03-26,store-a
REV-002867,PROD-A-00061,CUST-A-00715,4,Absolutely love it! Will buy again.,2025-05-16,store-a
REV-002868,PROD-A-00440,CUST-A-00502,3,Absolutely love it! Will buy again.,2024-01-31,store-a
REV-002869,PROD-A-00112,CUST-A-01295,2,"Okay for the price, gets the job done.",2024-05-19,store-a
REV-002870,PB-00084,CB-01181,4,Absolutely love it! Will buy again.,2025-03-06,store-b
REV-002871,PB-00264,CB-00275,5,"Great product, exactly what I needed!",2024-11-02,store-b
REV-002872,PROD-A-00186,CUST-A-00603,5,"Would not recommend, poor build quality.",2025-07-25,store-a
REV-002873,PROD-A-00471,CUST-A-00890,3,"Would not recommend, poor build quality.",2025-10-30,store-a
REV-002874,PROD-A-00398,CUST-A-01493,1,"Broke after two weeks, terrible quality.",2024-05-20,store-a
REV-002875,PROD-A-00200,CUST-A-01885,1,"Broke after two weeks, terrible quality.",2024-07-25,store-a
REV-002876,PROD-A-00114,CUST-A-00227,5,"Average product, nothing special.",2024-02-21,store-a
REV-002877,PB-00311,CB-00863,1,"Broke after two weeks, terrible quality.",2024-10-10,store-b
REV-002878,PROD-A-00302,CUST-A-00991,5,"Okay for the price, gets the job done.",2024-11-10,store-a
REV-002879,PB-00094,CB-00857,1,Best purchase I've made this year!,2024-03-27,store-b
REV-002880,PROD-A-00372,CUST-A-01723,2,"Average product, nothing special.",2025-05-28,store-a
REV-002881,PROD-A-00326,CUST-A-00673,4,Good but shipping was too slow.,2025-12-13,store-a
REV-002882,PB-00098,CB-00669,4,"Perfect gift, the recipient loved it!",2024-03-26,store-b
REV-002883,PB-00246,CB-00954,4,Best purchase I've made this year!,2024-03-27,store-b
REV-002884,PB-00190,CB-01083,2,Best purchase I've made this year!,2025-08-27,store-b
REV-002885,PB-00385,CB-00770,4,"Perfect gift, the recipient loved it!",2024-10-23,store-b
REV-002886,PROD-A-00313,CUST-A-01676,4,Exceeded my expectations in every way.,2025-09-09,store-a
REV-002887,PROD-A-00009,CUST-A-01662,3,Absolutely love it! Will buy again.,2025-08-20,store-a
REV-002888,PB-00142,CB-00392,4,"Great product, exactly what I needed!",2024-06-26,store-b
REV-002889,PROD-A-00167,CUST-A-00984,4,"Excellent value for money, highly recommend!",2025-01-29,store-a
REV-002890,PROD-A-00364,CUST-A-00541,5,Good but shipping was too slow.,2025-02-09,store-a
REV-002891,PROD-A-00187,CUST-A-01012,4,"Average product, nothing special.",2025-04-27,store-a
REV-002892,PROD-A-00211,CUST-A-00969,1,Decent product for everyday use.,2024-02-14,store-a
REV-002893,PROD-A-00323,CUST-A-01910,4,Good but shipping was too slow.,2025-12-15,store-a
REV-002894,PROD-A-00206,CUST-A-00859,1,"Not as described, very disappointed.",2024-12-31,store-a
REV-002895,PROD-A-00359,CUST-A-00993,1,"Excellent value for money, highly recommend!",2025-07-30,store-a
REV-002896,PROD-A-00105,CUST-A-00374,1,Best purchase I've made this year!,2025-02-12,store-a
REV-002897,PROD-A-00060,CUST-A-00752,1,Absolutely love it! Will buy again.,2024-09-03,store-a
REV-002898,PROD-A-00462,CUST-A-01410,5,Arrived on time and works perfectly.,2025-06-02,store-a
REV-002899,PROD-A-00331,CUST-A-01635,2,"Great product, exactly what I needed!",2025-09-20,store-a
REV-002900,PROD-A-00095,CUST-A-01803,4,"Would not recommend, poor build quality.",2024-09-13,store-a
REV-002901,PB-00342,CB-00605,2,"Great product, exactly what I needed!",2024-05-01,store-b
REV-002902,PROD-A-00023,CUST-A-01782,1,"Perfect gift, the recipient loved it!",2025-03-20,store-a
REV-002903,PB-00022,CB-00239,2,Quality could be better for the price.,2025-12-24,store-b
REV-002904,PROD-A-00234,CUST-A-01141,1,"Average product, nothing special.",2025-12-31,store-a
REV-002905,PROD-A-00438,CUST-A-01777,1,Absolutely love it! Will buy again.,2025-07-22,store-a
REV-002906,PROD-A-00233,CUST-A-01774,1,"Okay for the price, gets the job done.",2025-03-10,store-a
REV-002907,PROD-A-00495,CUST-A-00085,1,Absolutely love it! Will buy again.,2025-05-26,store-a
REV-002908,PB-00292,CB-01060,4,"Perfect gift, the recipient loved it!",2024-03-30,store-b
REV-002909,PROD-A-00063,CUST-A-01257,2,Quality could be better for the price.,2024-09-22,store-a
REV-002910,PB-00305,CB-01182,2,"Would not recommend, poor build quality.",2024-11-03,store-b
REV-002911,PB-00375,CB-01105,2,Exceeded my expectations in every way.,2024-07-02,store-b
REV-002912,PB-00154,CB-00826,5,"Would not recommend, poor build quality.",2024-09-19,store-b
REV-002913,PB-00310,CB-01135,5,"Would not recommend, poor build quality.",2025-05-23,store-b
REV-002914,PROD-A-00372,CUST-A-00945,2,Arrived on time and works perfectly.,2025-08-21,store-a
REV-002915,PB-00152,CB-00921,3,Arrived on time and works perfectly.,2025-07-09,store-b
REV-002916,PB-00035,CB-00281,2,Arrived on time and works perfectly.,2025-06-05,store-b
REV-002917,PB-00062,CB-00626,4,"Broke after two weeks, terrible quality.",2025-09-02,store-b
REV-002918,PB-00138,CB-00315,2,Absolutely love it! Will buy again.,2025-11-26,store-b
REV-002919,PB-00366,CB-01450,4,"Great product, exactly what I needed!",2024-08-19,store-b
REV-002920,PB-00077,CB-01140,4,"Okay for the price, gets the job done.",2024-10-17,store-b
REV-002921,PB-00008,CB-00105,3,Arrived on time and works perfectly.,2024-07-13,store-b
REV-002922,PB-00346,CB-00011,4,Good but shipping was too slow.,2025-10-22,store-b
REV-002923,PROD-A-00129,CUST-A-01523,4,Good but shipping was too slow.,2024-11-24,store-a
REV-002924,PROD-A-00443,CUST-A-00888,2,"Perfect gift, the recipient loved it!",2025-03-11,store-a
REV-002925,PROD-A-00258,CUST-A-01527,4,Quality could be better for the price.,2025-03-01,store-a
REV-002926,PROD-A-00500,CUST-A-00140,4,Arrived on time and works perfectly.,2024-08-23,store-a
REV-002927,PROD-A-00205,CUST-A-00226,1,"Average product, nothing special.",2024-02-10,store-a
REV-002928,PROD-A-00117,CUST-A-00598,4,"Would not recommend, poor build quality.",2024-07-12,store-a
REV-002929,PROD-A-00004,CUST-A-00495,5,Decent product for everyday use.,2025-06-04,store-a
REV-002930,PROD-A-00113,CUST-A-00616,4,"Great product, exactly what I needed!",2024-12-26,store-a
REV-002931,PROD-A-00391,CUST-A-00713,3,"Great product, exactly what I needed!",2024-12-28,store-a
REV-002932,PROD-A-00298,CUST-A-01136,1,"Average product, nothing special.",2025-03-28,store-a
REV-002933,PROD-A-00253,CUST-A-00885,5,"Broke after two weeks, terrible quality.",2025-12-16,store-a
REV-002934,PROD-A-00036,CUST-A-01917,5,Quality could be better for the price.,2024-02-15,store-a
REV-002935,PB-00171,CB-00585,3,"Would not recommend, poor build quality.",2024-07-30,store-b
REV-002936,PB-00332,CB-01365,5,"Broke after two weeks, terrible quality.",2025-07-20,store-b
REV-002937,PB-00061,CB-01061,2,"Broke after two weeks, terrible quality.",2024-09-06,store-b
REV-002938,PROD-A-00468,CUST-A-00498,3,"Okay for the price, gets the job done.",2024-11-30,store-a
REV-002939,PROD-A-00413,CUST-A-01037,4,"Broke after two weeks, terrible quality.",2025-01-25,store-a
REV-002940,PROD-A-00183,CUST-A-00051,3,"Excellent value for money, highly recommend!",2025-05-18,store-a
REV-002941,PB-00353,CB-01184,1,Best purchase I've made this year!,2025-02-28,store-b
REV-002942,PROD-A-00476,CUST-A-01453,1,Arrived on time and works perfectly.,2025-03-07,store-a
REV-002943,PROD-A-00217,CUST-A-01783,4,Arrived on time and works perfectly.,2025-05-03,store-a
REV-002944,PROD-A-00316,CUST-A-01245,5,"Perfect gift, the recipient loved it!",2024-08-04,store-a
REV-002945,PB-00196,CB-00139,5,"Perfect gift, the recipient loved it!",2025-03-30,store-b
REV-002946,PROD-A-00429,CUST-A-00065,3,Decent product for everyday use.,2024-03-02,store-a
REV-002947,PB-00284,CB-00509,5,"Great product, exactly what I needed!",2025-10-25,store-b
REV-002948,PROD-A-00143,CUST-A-00170,5,"Perfect gift, the recipient loved it!",2024-05-12,store-a
REV-002949,PB-00326,CB-00265,1,"Okay for the price, gets the job done.",2025-11-06,store-b
REV-002950,PB-00286,CB-00110,3,"Would not recommend, poor build quality.",2025-01-21,store-b
REV-002951,PROD-A-00164,CUST-A-01868,1,"Okay for the price, gets the job done.",2025-03-20,store-a
REV-002952,PROD-A-00126,CUST-A-01391,4,Best purchase I've made this year!,2024-07-09,store-a
REV-002953,PROD-A-00293,CUST-A-00922,2,"Not as described, very disappointed.",2025-04-26,store-a
REV-002954,PB-00307,CB-00333,2,"Not as described, very disappointed.",2025-09-05,store-b
REV-002955,PROD-A-00439,CUST-A-01114,3,"Average product, nothing special.",2025-01-31,store-a
REV-002956,PB-00282,CB-00859,5,"Great product, exactly what I needed!",2025-02-24,store-b
REV-002957,PB-00047,CB-01018,3,"Excellent value for money, highly recommend!",2025-12-29,store-b
REV-002958,PROD-A-00329,CUST-A-01197,3,"Broke after two weeks, terrible quality.",2025-01-30,store-a
REV-002959,PB-00043,CB-00949,5,"Great product, exactly what I needed!",2024-07-07,store-b
REV-002960,PB-00177,CB-00888,4,"Excellent value for money, highly recommend!",2024-03-18,store-b
REV-002961,PROD-A-00165,CUST-A-01820,2,"Broke after two weeks, terrible quality.",2025-07-02,store-a
REV-002962,PROD-A-00105,CUST-A-00569,4,Best purchase I've made this year!,2025-06-20,store-a
REV-002963,PB-00280,CB-00012,5,Quality could be better for the price.,2025-07-08,store-b
REV-002964,PB-00332,CB-01316,5,"Would not recommend, poor build quality.",2025-11-25,store-b
REV-002965,PB-00095,CB-00197,4,"Perfect gift, the recipient loved it!",2024-03-25,store-b
REV-002966,PB-00272,CB-00036,5,"Average product, nothing special.",2024-07-09,store-b
REV-002967,PB-00037,CB-00403,3,Arrived on time and works perfectly.,2025-04-24,store-b
REV-002968,PROD-A-00028,CUST-A-00779,5,"Broke after two weeks, terrible quality.",2024-03-28,store-a
REV-002969,PB-00284,CB-00438,1,Quality could be better for the price.,2025-06-04,store-b
REV-002970,PROD-A-00210,CUST-A-00167,4,"Perfect gift, the recipient loved it!",2024-06-27,store-a
REV-002971,PROD-A-00066,CUST-A-00484,1,Quality could be better for the price.,2024-01-05,store-a
REV-002972,PROD-A-00034,CUST-A-01102,2,Exceeded my expectations in every way.,2024-02-05,store-a
REV-002973,PROD-A-00366,CUST-A-00083,5,Exceeded my expectations in every way.,2024-02-24,store-a
REV-002974,PB-00084,CB-00316,2,"Excellent value for money, highly recommend!",2024-06-22,store-b
REV-002975,PB-00067,CB-00323,1,"Broke after two weeks, terrible quality.",2025-02-10,store-b
REV-002976,PROD-A-00284,CUST-A-00390,5,"Excellent value for money, highly recommend!",2024-10-22,store-a
REV-002977,PB-00153,CB-00754,3,Exceeded my expectations in every way.,2024-02-19,store-b
REV-002978,PB-00135,CB-01062,3,Decent product for everyday use.,2025-09-14,store-b
REV-002979,PROD-A-00300,CUST-A-01929,4,Best purchase I've made this year!,2025-11-10,store-a
REV-002980,PROD-A-00004,CUST-A-01234,3,"Not as described, very disappointed.",2025-07-21,store-a
REV-002981,PB-00308,CB-00003,5,"Okay for the price, gets the job done.",2024-03-08,store-b
REV-002982,PROD-A-00424,CUST-A-01319,2,Exceeded my expectations in every way.,2025-06-03,store-a
REV-002983,PROD-A-00080,CUST-A-00035,2,Decent product for everyday use.,2024-06-22,store-a
REV-002984,PB-00300,CB-00296,5,"Great product, exactly what I needed!",2024-06-24,store-b
REV-002985,PB-00345,CB-00554,3,"Would not recommend, poor build quality.",2024-05-11,store-b
REV-002986,PROD-A-00257,CUST-A-00480,4,Absolutely love it! Will buy again.,2025-09-26,store-a
REV-002987,PROD-A-00111,CUST-A-00081,5,Decent product for everyday use.,2025-10-20,store-a
REV-002988,PROD-A-00067,CUST-A-00668,5,Decent product for everyday use.,2024-12-13,store-a
REV-002989,PROD-A-00490,CUST-A-00515,5,"Okay for the price, gets the job done.",2024-06-05,store-a
REV-002990,PB-00204,CB-01256,4,Decent product for everyday use.,2024-06-12,store-b
REV-002991,PB-00306,CB-00086,5,"Broke after two weeks, terrible quality.",2025-12-28,store-b
REV-002992,PROD-A-00439,CUST-A-00136,3,Decent product for everyday use.,2025-05-11,store-a
REV-002993,PROD-A-00240,CUST-A-01266,4,Quality could be better for the price.,2024-09-07,store-a
REV-002994,PROD-A-00340,CUST-A-01773,4,Best purchase I've made this year!,2024-01-27,store-a
REV-002995,PB-00064,CB-00563,1,"Would not recommend, poor build quality.",2024-12-18,store-b
REV-002996,PB-00164,CB-00932,3,"Excellent value for money, highly recommend!",2024-06-25,store-b
REV-002997,PROD-A-00275,CUST-A-00764,5,"Would not recommend, poor build quality.",2025-09-02,store-a
REV-002998,PB-00271,CB-00934,1,Absolutely love it! Will buy again.,2025-04-15,store-b
REV-002999,PROD-A-00121,CUST-A-01593,3,"Not as described, very disappointed.",2024-11-05,store-a
REV-003000,PB-00089,CB-01067,4,"Not as described, very disappointed.",2025-10-22,store-b
REV-003001,PROD-A-00064,CUST-A-00269,1,"Would not recommend, poor build quality.",2024-06-25,store-a
REV-003002,PB-00326,CB-01128,5,"Broke after two weeks, terrible quality.",2024-09-02,store-b
REV-003003,PROD-A-00151,CUST-A-01559,5,Quality could be better for the price.,2025-12-01,store-a
REV-003004,PROD-A-00262,CUST-A-01157,2,"Would not recommend, poor build quality.",2025-06-24,store-a
REV-003005,PROD-A-00414,CUST-A-01136,4,Arrived on time and works perfectly.,2024-12-17,store-a
REV-003006,PROD-A-00292,CUST-A-00739,2,"Would not recommend, poor build quality.",2025-12-13,store-a
REV-003007,PB-00219,CB-00498,2,"Perfect gift, the recipient loved it!",2025-05-07,store-b
REV-003008,PROD-A-00197,CUST-A-00348,4,Good but shipping was too slow.,2025-11-04,store-a
REV-003009,PB-00045,CB-01027,3,"Great product, exactly what I needed!",2025-09-26,store-b
REV-003010,PROD-A-00471,CUST-A-01479,3,Decent product for everyday use.,2025-12-09,store-a
REV-003011,PB-00335,CB-01493,2,Decent product for everyday use.,2025-07-12,store-b
REV-003012,PB-00091,CB-01463,3,Best purchase I've made this year!,2025-10-08,store-b
REV-003013,PB-00044,CB-00682,3,Arrived on time and works perfectly.,2024-02-04,store-b
REV-003014,PROD-A-00268,CUST-A-00100,5,Decent product for everyday use.,2024-07-07,store-a
REV-003015,PROD-A-00262,CUST-A-01423,2,Decent product for everyday use.,2025-01-09,store-a
REV-003016,PB-00366,CB-01385,1,Good but shipping was too slow.,2024-01-06,store-b
REV-003017,PB-00208,CB-00671,4,"Okay for the price, gets the job done.",2025-01-02,store-b
REV-003018,PROD-A-00442,CUST-A-01267,1,Best purchase I've made this year!,2024-03-26,store-a
REV-003019,PROD-A-00427,CUST-A-00151,3,"Average product, nothing special.",2024-10-29,store-a
REV-003020,PROD-A-00239,CUST-A-00566,2,"Would not recommend, poor build quality.",2024-01-01,store-a
REV-003021,PB-00259,CB-00244,1,"Okay for the price, gets the job done.",2024-08-31,store-b
REV-003022,PROD-A-00349,CUST-A-00854,4,Good but shipping was too slow.,2025-06-20,store-a
REV-003023,PROD-A-00128,CUST-A-00027,1,Good but shipping was too slow.,2025-03-22,store-a
REV-003024,PROD-A-00497,CUST-A-00191,3,"Average product, nothing special.",2025-03-04,store-a
REV-003025,PROD-A-00457,CUST-A-01516,2,Good but shipping was too slow.,2024-08-06,store-a
REV-003026,PROD-A-00280,CUST-A-00185,5,Arrived on time and works perfectly.,2024-01-05,store-a
REV-003027,PB-00072,CB-00650,3,Absolutely love it! Will buy again.,2025-04-17,store-b
REV-003028,PB-00087,CB-00307,3,Exceeded my expectations in every way.,2025-07-11,store-b
REV-003029,PB-00165,CB-00379,2,Exceeded my expectations in every way.,2025-01-10,store-b
REV-003030,PB-00137,CB-00960,3,Quality could be better for the price.,2025-04-03,store-b
REV-003031,PB-00312,CB-01137,3,"Excellent value for money, highly recommend!",2024-10-01,store-b
REV-003032,PROD-A-00387,CUST-A-01624,3,Arrived on time and works perfectly.,2024-03-11,store-a
REV-003033,PB-00376,CB-00461,1,"Great product, exactly what I needed!",2025-10-05,store-b
REV-003034,PROD-A-00023,CUST-A-00835,5,"Okay for the price, gets the job done.",2025-12-28,store-a
REV-003035,PROD-A-00149,CUST-A-01625,5,Exceeded my expectations in every way.,2024-06-15,store-a
REV-003036,PROD-A-00203,CUST-A-01289,3,Exceeded my expectations in every way.,2025-12-01,store-a
REV-003037,PB-00088,CB-00418,1,Absolutely love it! Will buy again.,2024-12-10,store-b
REV-003038,PROD-A-00353,CUST-A-00247,5,"Average product, nothing special.",2024-01-29,store-a
REV-003039,PROD-A-00276,CUST-A-00397,4,"Broke after two weeks, terrible quality.",2025-09-29,store-a
REV-003040,PROD-A-00358,CUST-A-01488,2,Best purchase I've made this year!,2025-06-26,store-a
REV-003041,PROD-A-00286,CUST-A-00333,2,"Average product, nothing special.",2025-01-22,store-a
REV-003042,PROD-A-00332,CUST-A-00325,5,"Great product, exactly what I needed!",2024-08-17,store-a
REV-003043,PB-00346,CB-00497,2,Quality could be better for the price.,2024-10-25,store-b
REV-003044,PB-00391,CB-00731,3,Absolutely love it! Will buy again.,2025-01-08,store-b
REV-003045,PROD-A-00139,CUST-A-01255,5,Exceeded my expectations in every way.,2024-03-08,store-a
REV-003046,PB-00062,CB-01072,2,"Broke after two weeks, terrible quality.",2025-12-01,store-b
REV-003047,PB-00341,CB-01492,3,Good but shipping was too slow.,2024-10-29,store-b
REV-003048,PROD-A-00308,CUST-A-01315,4,"Perfect gift, the recipient loved it!",2024-11-10,store-a
REV-003049,PROD-A-00413,CUST-A-01581,5,"Average product, nothing special.",2024-12-20,store-a
REV-003050,PB-00109,CB-00146,5,"Perfect gift, the recipient loved it!",2025-10-13,store-b
REV-003051,PB-00096,CB-00796,2,Good but shipping was too slow.,2024-02-15,store-b
REV-003052,PROD-A-00286,CUST-A-00016,4,Good but shipping was too slow.,2024-11-21,store-a
REV-003053,PB-00372,CB-00604,2,"Average product, nothing special.",2025-04-26,store-b
REV-003054,PB-00139,CB-00082,3,Best purchase I've made this year!,2024-06-10,store-b
REV-003055,PROD-A-00340,CUST-A-01529,5,Absolutely love it! Will buy again.,2024-04-27,store-a
REV-003056,PB-00359,CB-00231,5,"Would not recommend, poor build quality.",2024-06-23,store-b
REV-003057,PB-00313,CB-00213,4,"Broke after two weeks, terrible quality.",2024-01-24,store-b
REV-003058,PB-00237,CB-01302,2,Good but shipping was too slow.,2024-03-04,store-b
REV-003059,PROD-A-00432,CUST-A-01630,2,"Average product, nothing special.",2024-03-23,store-a
REV-003060,PB-00202,CB-00094,3,Arrived on time and works perfectly.,2025-12-28,store-b
REV-003061,PROD-A-00216,CUST-A-01797,1,Arrived on time and works perfectly.,2025-01-29,store-a
REV-003062,PROD-A-00134,CUST-A-01800,2,"Excellent value for money, highly recommend!",2024-07-26,store-a
REV-003063,PROD-A-00117,CUST-A-00189,3,"Excellent value for money, highly recommend!",2024-07-22,store-a
REV-003064,PROD-A-00053,CUST-A-01540,4,Exceeded my expectations in every way.,2024-01-11,store-a
REV-003065,PROD-A-00211,CUST-A-00678,5,Arrived on time and works perfectly.,2024-03-26,store-a
REV-003066,PROD-A-00045,CUST-A-01731,1,Absolutely love it! Will buy again.,2024-04-09,store-a
REV-003067,PB-00355,CB-00436,3,"Average product, nothing special.",2025-12-23,store-b
REV-003068,PB-00010,CB-01319,5,Best purchase I've made this year!,2024-02-03,store-b
REV-003069,PROD-A-00395,CUST-A-01843,4,"Not as described, very disappointed.",2024-12-23,store-a
REV-003070,PROD-A-00368,CUST-A-00382,5,Decent product for everyday use.,2024-05-12,store-a
REV-003071,PROD-A-00219,CUST-A-00502,5,Absolutely love it! Will buy again.,2024-12-21,store-a
REV-003072,PB-00077,CB-01107,1,Arrived on time and works perfectly.,2024-07-06,store-b
REV-003073,PROD-A-00187,CUST-A-01438,5,"Great product, exactly what I needed!",2025-07-02,store-a
REV-003074,PROD-A-00144,CUST-A-01679,4,"Great product, exactly what I needed!",2025-06-06,store-a
REV-003075,PB-00031,CB-01285,5,"Average product, nothing special.",2024-08-06,store-b
REV-003076,PB-00125,CB-00446,2,"Perfect gift, the recipient loved it!",2024-07-08,store-b
REV-003077,PROD-A-00358,CUST-A-01672,1,"Average product, nothing special.",2024-12-03,store-a
REV-003078,PB-00068,CB-00134,5,"Not as described, very disappointed.",2024-10-12,store-b
REV-003079,PB-00099,CB-01068,1,Quality could be better for the price.,2024-06-28,store-b
REV-003080,PROD-A-00394,CUST-A-01448,4,"Excellent value for money, highly recommend!",2024-08-01,store-a
REV-003081,PB-00233,CB-01209,1,"Perfect gift, the recipient loved it!",2024-02-13,store-b
REV-003082,PB-00026,CB-00949,1,Absolutely love it! Will buy again.,2024-12-09,store-b
REV-003083,PB-00307,CB-00675,1,"Not as described, very disappointed.",2025-06-08,store-b
REV-003084,PB-00352,CB-00152,1,Decent product for everyday use.,2024-11-03,store-b
REV-003085,PB-00228,CB-00047,5,Absolutely love it! Will buy again.,2025-09-08,store-b
REV-003086,PROD-A-00019,CUST-A-00385,1,Exceeded my expectations in every way.,2025-11-21,store-a
REV-003087,PROD-A-00380,CUST-A-00145,5,Best purchase I've made this year!,2025-04-27,store-a
REV-003088,PB-00262,CB-00751,2,"Not as described, very disappointed.",2024-08-31,store-b
REV-003089,PB-00059,CB-01410,2,Exceeded my expectations in every way.,2024-08-25,store-b
REV-003090,PROD-A-00091,CUST-A-01582,1,Best purchase I've made this year!,2025-03-17,store-a
REV-003091,PROD-A-00272,CUST-A-00673,1,Absolutely love it! Will buy again.,2025-09-12,store-a
REV-003092,PB-00174,CB-00741,1,"Would not recommend, poor build quality.",2025-01-16,store-b
REV-003093,PROD-A-00158,CUST-A-01006,1,Good but shipping was too slow.,2025-01-19,store-a
REV-003094,PROD-A-00392,CUST-A-00015,2,Decent product for everyday use.,2024-06-16,store-a
REV-003095,PROD-A-00160,CUST-A-01759,4,Quality could be better for the price.,2025-12-29,store-a
REV-003096,PB-00236,CB-00032,2,Best purchase I've made this year!,2024-01-16,store-b
REV-003097,PB-00211,CB-00226,1,Decent product for everyday use.,2025-08-22,store-b
REV-003098,PB-00052,CB-01458,5,Absolutely love it! Will buy again.,2024-05-05,store-b
REV-003099,PB-00054,CB-00810,3,"Great product, exactly what I needed!",2024-03-15,store-b
REV-003100,PROD-A-00183,CUST-A-00532,2,Arrived on time and works perfectly.,2024-10-11,store-a
REV-003101,PB-00321,CB-01447,2,Decent product for everyday use.,2025-05-19,store-b
REV-003102,PROD-A-00135,CUST-A-00114,2,"Excellent value for money, highly recommend!",2025-07-22,store-a
REV-003103,PB-00400,CB-01154,3,"Average product, nothing special.",2024-04-19,store-b
REV-003104,PROD-A-00310,CUST-A-00548,5,Absolutely love it! Will buy again.,2024-07-09,store-a
REV-003105,PB-00112,CB-00952,3,"Perfect gift, the recipient loved it!",2024-10-05,store-b
REV-003106,PB-00033,CB-00793,1,"Perfect gift, the recipient loved it!",2025-11-03,store-b
REV-003107,PROD-A-00168,CUST-A-00450,5,Best purchase I've made this year!,2025-11-05,store-a
REV-003108,PB-00180,CB-01269,2,Best purchase I've made this year!,2024-05-14,store-b
REV-003109,PB-00016,CB-00719,5,"Great product, exactly what I needed!",2025-11-24,store-b
REV-003110,PB-00021,CB-00733,4,"Broke after two weeks, terrible quality.",2025-07-16,store-b
REV-003111,PROD-A-00067,CUST-A-01284,3,Good but shipping was too slow.,2025-07-21,store-a
REV-003112,PROD-A-00209,CUST-A-01264,1,Best purchase I've made this year!,2025-03-08,store-a
REV-003113,PROD-A-00134,CUST-A-01808,2,Decent product for everyday use.,2025-03-05,store-a
REV-003114,PROD-A-00421,CUST-A-01234,3,"Would not recommend, poor build quality.",2024-08-14,store-a
REV-003115,PROD-A-00281,CUST-A-01397,3,Absolutely love it! Will buy again.,2024-07-30,store-a
REV-003116,PROD-A-00435,CUST-A-01178,4,"Perfect gift, the recipient loved it!",2024-08-08,store-a
REV-003117,PROD-A-00308,CUST-A-01642,3,Arrived on time and works perfectly.,2024-06-19,store-a
REV-003118,PB-00333,CB-01110,3,Exceeded my expectations in every way.,2025-08-16,store-b
REV-003119,PROD-A-00190,CUST-A-00815,3,Decent product for everyday use.,2025-08-15,store-a
REV-003120,PROD-A-00111,CUST-A-00002,1,"Would not recommend, poor build quality.",2025-02-22,store-a
REV-003121,PB-00080,CB-00560,5,Arrived on time and works perfectly.,2024-11-06,store-b
REV-003122,PROD-A-00499,CUST-A-00973,2,"Not as described, very disappointed.",2025-06-16,store-a
REV-003123,PROD-A-00237,CUST-A-01331,2,Good but shipping was too slow.,2025-11-04,store-a
REV-003124,PB-00182,CB-00503,4,Decent product for everyday use.,2025-01-26,store-b
REV-003125,PROD-A-00475,CUST-A-00997,4,Arrived on time and works perfectly.,2025-11-14,store-a
REV-003126,PB-00245,CB-00621,1,"Perfect gift, the recipient loved it!",2025-06-18,store-b
REV-003127,PB-00325,CB-00914,3,"Would not recommend, poor build quality.",2024-03-24,store-b
REV-003128,PB-00341,CB-01443,3,Exceeded my expectations in every way.,2024-07-14,store-b
REV-003129,PB-00188,CB-00523,4,Good but shipping was too slow.,2025-07-20,store-b
REV-003130,PB-00089,CB-01461,1,"Would not recommend, poor build quality.",2025-10-24,store-b
REV-003131,PROD-A-00184,CUST-A-00033,5,"Average product, nothing special.",2024-05-17,store-a
REV-003132,PROD-A-00043,CUST-A-01458,5,"Excellent value for money, highly recommend!",2024-01-07,store-a
REV-003133,PB-00200,CB-00420,3,"Not as described, very disappointed.",2024-07-10,store-b
REV-003134,PROD-A-00308,CUST-A-01588,5,"Not as described, very disappointed.",2025-06-26,store-a
REV-003135,PROD-A-00444,CUST-A-00313,4,"Broke after two weeks, terrible quality.",2025-04-14,store-a
REV-003136,PROD-A-00274,CUST-A-00331,4,"Not as described, very disappointed.",2025-12-15,store-a
REV-003137,PROD-A-00029,CUST-A-00320,2,Good but shipping was too slow.,2024-01-30,store-a
REV-003138,PROD-A-00242,CUST-A-01325,2,Exceeded my expectations in every way.,2024-11-14,store-a
REV-003139,PB-00240,CB-00790,4,Good but shipping was too slow.,2024-08-10,store-b
REV-003140,PB-00202,CB-01092,3,"Not as described, very disappointed.",2025-12-18,store-b
REV-003141,PB-00100,CB-01062,4,Exceeded my expectations in every way.,2024-02-16,store-b
REV-003142,PROD-A-00392,CUST-A-01845,2,"Perfect gift, the recipient loved it!",2024-08-04,store-a
REV-003143,PB-00137,CB-00069,4,Decent product for everyday use.,2025-10-24,store-b
REV-003144,PB-00002,CB-00266,1,Good but shipping was too slow.,2024-11-13,store-b
REV-003145,PROD-A-00349,CUST-A-00982,1,"Excellent value for money, highly recommend!",2024-07-01,store-a
REV-003146,PROD-A-00074,CUST-A-00170,4,"Perfect gift, the recipient loved it!",2025-02-14,store-a
REV-003147,PROD-A-00403,CUST-A-00991,1,"Great product, exactly what I needed!",2024-10-25,store-a
REV-003148,PB-00325,CB-01319,5,Decent product for everyday use.,2024-08-12,store-b
REV-003149,PB-00124,CB-00876,5,Exceeded my expectations in every way.,2025-11-27,store-b
REV-003150,PROD-A-00164,CUST-A-01501,5,"Average product, nothing special.",2024-01-11,store-a
REV-003151,PROD-A-00361,CUST-A-00571,5,"Broke after two weeks, terrible quality.",2024-04-18,store-a
REV-003152,PROD-A-00399,CUST-A-00867,2,Decent product for everyday use.,2025-12-09,store-a
REV-003153,PB-00057,CB-00305,5,"Perfect gift, the recipient loved it!",2025-10-08,store-b
REV-003154,PROD-A-00024,CUST-A-00566,4,Exceeded my expectations in every way.,2024-02-15,store-a
REV-003155,PROD-A-00446,CUST-A-00748,2,"Okay for the price, gets the job done.",2024-12-01,store-a
REV-003156,PB-00238,CB-00511,3,"Not as described, very disappointed.",2025-05-16,store-b
REV-003157,PB-00305,CB-00168,4,Quality could be better for the price.,2024-06-09,store-b
REV-003158,PROD-A-00285,CUST-A-01593,5,"Not as described, very disappointed.",2025-09-30,store-a
REV-003159,PROD-A-00061,CUST-A-00097,2,Best purchase I've made this year!,2024-10-27,store-a
REV-003160,PB-00286,CB-00543,1,"Broke after two weeks, terrible quality.",2024-05-17,store-b
REV-003161,PROD-A-00345,CUST-A-01857,5,"Average product, nothing special.",2025-12-28,store-a
REV-003162,PROD-A-00161,CUST-A-00637,2,Absolutely love it! Will buy again.,2024-10-20,store-a
REV-003163,PROD-A-00421,CUST-A-00719,3,Best purchase I've made this year!,2024-05-21,store-a
REV-003164,PROD-A-00427,CUST-A-00760,1,Best purchase I've made this year!,2025-03-14,store-a
REV-003165,PROD-A-00487,CUST-A-01740,3,Best purchase I've made this year!,2024-07-11,store-a
REV-003166,PROD-A-00162,CUST-A-01994,1,"Great product, exactly what I needed!",2025-02-23,store-a
REV-003167,PROD-A-00456,CUST-A-00785,5,"Perfect gift, the recipient loved it!",2024-08-12,store-a
REV-003168,PROD-A-00431,CUST-A-01499,4,"Excellent value for money, highly recommend!",2025-05-09,store-a
REV-003169,PROD-A-00314,CUST-A-00820,5,"Broke after two weeks, terrible quality.",2025-09-17,store-a
REV-003170,PB-00043,CB-00985,4,"Excellent value for money, highly recommend!",2024-04-29,store-b
REV-003171,PB-00184,CB-01072,5,"Would not recommend, poor build quality.",2024-05-02,store-b
REV-003172,PB-00108,CB-01266,5,"Perfect gift, the recipient loved it!",2024-03-07,store-b
REV-003173,PROD-A-00298,CUST-A-00928,3,Best purchase I've made this year!,2024-04-12,store-a
REV-003174,PROD-A-00172,CUST-A-00191,2,"Excellent value for money, highly recommend!",2025-01-01,store-a
REV-003175,PB-00312,CB-00725,3,Good but shipping was too slow.,2025-06-24,store-b
REV-003176,PROD-A-00419,CUST-A-01649,3,"Broke after two weeks, terrible quality.",2024-07-17,store-a
REV-003177,PROD-A-00328,CUST-A-00237,1,Absolutely love it! Will buy again.,2025-09-27,store-a
REV-003178,PROD-A-00188,CUST-A-00812,2,"Perfect gift, the recipient loved it!",2024-03-08,store-a
REV-003179,PROD-A-00261,CUST-A-00808,5,"Great product, exactly what I needed!",2024-04-24,store-a
REV-003180,PROD-A-00248,CUST-A-01903,3,"Broke after two weeks, terrible quality.",2025-12-06,store-a
REV-003181,PB-00355,CB-00821,3,Arrived on time and works perfectly.,2024-09-27,store-b
REV-003182,PROD-A-00438,CUST-A-01273,2,"Okay for the price, gets the job done.",2024-03-20,store-a
REV-003183,PROD-A-00384,CUST-A-01910,1,"Okay for the price, gets the job done.",2024-02-02,store-a
REV-003184,PB-00181,CB-00018,5,"Excellent value for money, highly recommend!",2025-12-22,store-b
REV-003185,PB-00060,CB-00487,5,Best purchase I've made this year!,2024-07-31,store-b
REV-003186,PB-00305,CB-01270,5,Decent product for everyday use.,2025-04-07,store-b
REV-003187,PROD-A-00055,CUST-A-01241,3,"Would not recommend, poor build quality.",2024-08-26,store-a
REV-003188,PROD-A-00444,CUST-A-01039,2,Good but shipping was too slow.,2025-09-13,store-a
REV-003189,PB-00226,CB-00206,2,"Great product, exactly what I needed!",2025-06-24,store-b
REV-003190,PROD-A-00168,CUST-A-01025,5,Arrived on time and works perfectly.,2025-11-16,store-a
REV-003191,PROD-A-00022,CUST-A-01977,4,"Excellent value for money, highly recommend!",2025-10-03,store-a
REV-003192,PROD-A-00251,CUST-A-00607,2,"Excellent value for money, highly recommend!",2024-09-13,store-a
REV-003193,PROD-A-00216,CUST-A-01269,3,Arrived on time and works perfectly.,2025-06-15,store-a
REV-003194,PROD-A-00178,CUST-A-00881,2,Arrived on time and works perfectly.,2024-08-05,store-a
REV-003195,PB-00180,CB-00944,1,"Excellent value for money, highly recommend!",2025-11-30,store-b
REV-003196,PB-00387,CB-00904,2,Arrived on time and works perfectly.,2024-03-14,store-b
REV-003197,PROD-A-00388,CUST-A-00949,1,"Okay for the price, gets the job done.",2025-10-22,store-a
REV-003198,PROD-A-00039,CUST-A-00492,4,Arrived on time and works perfectly.,2024-03-30,store-a
REV-003199,PROD-A-00398,CUST-A-00389,5,"Perfect gift, the recipient loved it!",2025-10-16,store-a
REV-003200,PB-00308,CB-01108,4,Decent product for everyday use.,2025-10-15,store-b
REV-003201,PB-00106,CB-00323,2,"Excellent value for money, highly recommend!",2025-01-14,store-b
REV-003202,PROD-A-00384,CUST-A-01091,1,Best purchase I've made this year!,2025-10-01,store-a
REV-003203,PB-00226,CB-00091,1,Decent product for everyday use.,2025-11-13,store-b
REV-003204,PROD-A-00332,CUST-A-00801,1,"Broke after two weeks, terrible quality.",2025-09-04,store-a
REV-003205,PROD-A-00324,CUST-A-01917,4,"Average product, nothing special.",2024-10-11,store-a
REV-003206,PROD-A-00488,CUST-A-00691,2,"Not as described, very disappointed.",2024-05-20,store-a
REV-003207,PROD-A-00369,CUST-A-00658,1,Decent product for everyday use.,2024-05-08,store-a
REV-003208,PB-00014,CB-00561,1,"Broke after two weeks, terrible quality.",2024-08-07,store-b
REV-003209,PB-00245,CB-00926,1,Best purchase I've made this year!,2025-06-20,store-b
REV-003210,PB-00007,CB-00693,3,"Okay for the price, gets the job done.",2025-08-04,store-b
REV-003211,PROD-A-00496,CUST-A-00293,3,"Average product, nothing special.",2025-01-12,store-a
REV-003212,PB-00295,CB-01159,2,"Not as described, very disappointed.",2025-10-05,store-b
REV-003213,PB-00002,CB-00034,5,Exceeded my expectations in every way.,2025-04-21,store-b
REV-003214,PB-00113,CB-00102,4,"Would not recommend, poor build quality.",2024-09-04,store-b
REV-003215,PROD-A-00124,CUST-A-00177,3,Best purchase I've made this year!,2025-05-05,store-a
REV-003216,PB-00314,CB-00413,1,Exceeded my expectations in every way.,2024-07-29,store-b
REV-003217,PB-00110,CB-00670,4,Quality could be better for the price.,2024-02-06,store-b
REV-003218,PROD-A-00200,CUST-A-00695,4,"Perfect gift, the recipient loved it!",2025-07-07,store-a
REV-003219,PROD-A-00127,CUST-A-01184,2,"Not as described, very disappointed.",2025-02-26,store-a
REV-003220,PROD-A-00465,CUST-A-00179,4,Absolutely love it! Will buy again.,2024-03-12,store-a
REV-003221,PB-00030,CB-00846,5,Absolutely love it! Will buy again.,2025-08-11,store-b
REV-003222,PB-00246,CB-00918,4,"Okay for the price, gets the job done.",2024-09-22,store-b
REV-003223,PB-00255,CB-01103,4,Decent product for everyday use.,2025-11-12,store-b
REV-003224,PROD-A-00022,CUST-A-01982,3,Exceeded my expectations in every way.,2025-10-05,store-a
REV-003225,PROD-A-00344,CUST-A-00297,1,Exceeded my expectations in every way.,2024-09-14,store-a
REV-003226,PROD-A-00303,CUST-A-00608,5,"Great product, exactly what I needed!",2025-01-13,store-a
REV-003227,PROD-A-00264,CUST-A-01816,4,"Average product, nothing special.",2024-07-13,store-a
REV-003228,PROD-A-00442,CUST-A-01053,5,"Broke after two weeks, terrible quality.",2025-08-24,store-a
REV-003229,PROD-A-00207,CUST-A-00264,5,"Would not recommend, poor build quality.",2025-02-03,store-a
REV-003230,PROD-A-00178,CUST-A-01273,3,"Excellent value for money, highly recommend!",2025-11-02,store-a
REV-003231,PROD-A-00114,CUST-A-01704,1,Arrived on time and works perfectly.,2025-06-01,store-a
REV-003232,PB-00112,CB-00203,4,"Excellent value for money, highly recommend!",2025-10-12,store-b
REV-003233,PROD-A-00313,CUST-A-00081,4,Exceeded my expectations in every way.,2025-06-24,store-a
REV-003234,PB-00258,CB-00327,2,"Average product, nothing special.",2025-09-13,store-b
REV-003235,PROD-A-00333,CUST-A-00567,2,"Perfect gift, the recipient loved it!",2025-02-27,store-a
REV-003236,PB-00230,CB-00727,1,"Excellent value for money, highly recommend!",2024-05-19,store-b
REV-003237,PB-00060,CB-00327,1,"Would not recommend, poor build quality.",2025-12-29,store-b
REV-003238,PROD-A-00182,CUST-A-00816,4,Decent product for everyday use.,2025-07-30,store-a
REV-003239,PB-00353,CB-00315,1,Quality could be better for the price.,2025-07-08,store-b
REV-003240,PROD-A-00020,CUST-A-01162,3,"Broke after two weeks, terrible quality.",2024-05-22,store-a
REV-003241,PB-00253,CB-00353,5,Best purchase I've made this year!,2025-11-20,store-b
REV-003242,PROD-A-00247,CUST-A-01007,3,"Excellent value for money, highly recommend!",2025-10-25,store-a
REV-003243,PB-00275,CB-01384,5,Absolutely love it! Will buy again.,2025-02-17,store-b
REV-003244,PB-00252,CB-00972,1,"Would not recommend, poor build quality.",2025-02-20,store-b
REV-003245,PB-00285,CB-01018,1,"Broke after two weeks, terrible quality.",2024-02-21,store-b
REV-003246,PB-00172,CB-01067,4,"Would not recommend, poor build quality.",2025-10-23,store-b
REV-003247,PB-00154,CB-00531,1,"Not as described, very disappointed.",2025-07-04,store-b
REV-003248,PB-00023,CB-00087,3,Decent product for everyday use.,2024-06-16,store-b
REV-003249,PROD-A-00441,CUST-A-00354,1,Absolutely love it! Will buy again.,2024-12-18,store-a
REV-003250,PROD-A-00213,CUST-A-01831,3,Decent product for everyday use.,2025-09-17,store-a
REV-003251,PB-00258,CB-00039,4,"Not as described, very disappointed.",2025-01-21,store-b
REV-003252,PB-00279,CB-00469,1,"Broke after two weeks, terrible quality.",2024-03-21,store-b
REV-003253,PB-00030,CB-00734,3,Best purchase I've made this year!,2024-07-06,store-b
REV-003254,PB-00085,CB-00726,4,"Average product, nothing special.",2024-04-24,store-b
REV-003255,PROD-A-00471,CUST-A-00144,2,"Perfect gift, the recipient loved it!",2025-10-23,store-a
REV-003256,PROD-A-00064,CUST-A-00850,1,"Great product, exactly what I needed!",2025-10-25,store-a
REV-003257,PB-00277,CB-00712,4,Good but shipping was too slow.,2024-02-22,store-b
REV-003258,PROD-A-00034,CUST-A-01612,1,Best purchase I've made this year!,2024-07-03,store-a
REV-003259,PROD-A-00321,CUST-A-01038,3,"Great product, exactly what I needed!",2025-10-16,store-a
REV-003260,PROD-A-00037,CUST-A-01911,1,Exceeded my expectations in every way.,2025-12-22,store-a
REV-003261,PB-00334,CB-00014,4,"Not as described, very disappointed.",2024-12-04,store-b
REV-003262,PB-00390,CB-00393,4,Good but shipping was too slow.,2024-05-03,store-b
REV-003263,PROD-A-00423,CUST-A-00233,4,Exceeded my expectations in every way.,2025-05-02,store-a
REV-003264,PB-00326,CB-00760,2,Best purchase I've made this year!,2025-03-28,store-b
REV-003265,PROD-A-00399,CUST-A-00900,2,Arrived on time and works perfectly.,2024-01-26,store-a
REV-003266,PROD-A-00497,CUST-A-01188,5,"Excellent value for money, highly recommend!",2025-08-29,store-a
REV-003267,PB-00396,CB-01340,3,"Average product, nothing special.",2024-04-29,store-b
REV-003268,PROD-A-00285,CUST-A-01643,5,Decent product for everyday use.,2025-05-13,store-a
REV-003269,PROD-A-00019,CUST-A-00140,4,Decent product for everyday use.,2025-12-11,store-a
REV-003270,PB-00041,CB-00499,2,Decent product for everyday use.,2025-02-01,store-b
REV-003271,PROD-A-00407,CUST-A-00062,3,Good but shipping was too slow.,2024-09-15,store-a
REV-003272,PROD-A-00321,CUST-A-00273,2,"Perfect gift, the recipient loved it!",2025-09-19,store-a
REV-003273,PROD-A-00476,CUST-A-01017,3,Arrived on time and works perfectly.,2025-08-23,store-a
REV-003274,PB-00175,CB-00038,2,"Okay for the price, gets the job done.",2025-02-03,store-b
REV-003275,PB-00064,CB-00112,5,"Okay for the price, gets the job done.",2024-09-30,store-b
REV-003276,PROD-A-00176,CUST-A-01437,5,"Great product, exactly what I needed!",2024-03-30,store-a
REV-003277,PROD-A-00321,CUST-A-00056,1,"Broke after two weeks, terrible quality.",2025-11-22,store-a
REV-003278,PROD-A-00167,CUST-A-00204,4,Quality could be better for the price.,2024-10-03,store-a
REV-003279,PROD-A-00427,CUST-A-00617,2,Quality could be better for the price.,2025-05-03,store-a
REV-003280,PROD-A-00414,CUST-A-00989,5,"Not as described, very disappointed.",2025-01-27,store-a
REV-003281,PROD-A-00091,CUST-A-00778,5,Quality could be better for the price.,2025-04-02,store-a
REV-003282,PB-00180,CB-00530,4,"Great product, exactly what I needed!",2024-06-05,store-b
REV-003283,PB-00091,CB-00673,1,"Average product, nothing special.",2025-07-18,store-b
REV-003284,PROD-A-00205,CUST-A-01529,4,"Perfect gift, the recipient loved it!",2024-06-16,store-a
REV-003285,PROD-A-00308,CUST-A-00529,4,"Broke after two weeks, terrible quality.",2025-05-23,store-a
REV-003286,PROD-A-00319,CUST-A-01611,5,"Average product, nothing special.",2024-11-27,store-a
REV-003287,PB-00256,CB-00830,5,"Would not recommend, poor build quality.",2024-10-12,store-b
REV-003288,PB-00153,CB-00464,1,Decent product for everyday use.,2024-10-30,store-b
REV-003289,PB-00281,CB-00555,5,Good but shipping was too slow.,2024-10-11,store-b
REV-003290,PB-00097,CB-01379,4,Best purchase I've made this year!,2024-05-15,store-b
REV-003291,PROD-A-00118,CUST-A-00379,2,Good but shipping was too slow.,2025-08-07,store-a
REV-003292,PROD-A-00255,CUST-A-01941,5,Good but shipping was too slow.,2024-05-15,store-a
REV-003293,PROD-A-00048,CUST-A-01923,4,Quality could be better for the price.,2025-09-05,store-a
REV-003294,PROD-A-00103,CUST-A-00308,5,"Would not recommend, poor build quality.",2024-06-09,store-a
REV-003295,PROD-A-00002,CUST-A-00548,3,"Not as described, very disappointed.",2024-02-06,store-a
REV-003296,PROD-A-00286,CUST-A-01311,2,"Great product, exactly what I needed!",2024-12-17,store-a
REV-003297,PB-00276,CB-01240,3,Absolutely love it! Will buy again.,2024-06-11,store-b
REV-003298,PB-00352,CB-01496,5,"Would not recommend, poor build quality.",2024-07-18,store-b
REV-003299,PB-00072,CB-00565,3,"Perfect gift, the recipient loved it!",2024-07-21,store-b
REV-003300,PB-00313,CB-01475,2,"Perfect gift, the recipient loved it!",2024-04-11,store-b
REV-003301,PB-00114,CB-01332,2,"Would not recommend, poor build quality.",2024-06-21,store-b
REV-003302,PROD-A-00318,CUST-A-01567,5,"Excellent value for money, highly recommend!",2025-08-29,store-a
REV-003303,PB-00140,CB-01303,2,Absolutely love it! Will buy again.,2025-11-05,store-b
REV-003304,PROD-A-00015,CUST-A-01042,1,Decent product for everyday use.,2025-12-24,store-a
REV-003305,PB-00145,CB-00043,3,"Would not recommend, poor build quality.",2025-07-02,store-b
REV-003306,PB-00052,CB-00322,3,Quality could be better for the price.,2024-12-07,store-b
REV-003307,PB-00182,CB-01038,3,Decent product for everyday use.,2024-05-20,store-b
REV-003308,PROD-A-00310,CUST-A-00497,3,Arrived on time and works perfectly.,2025-03-22,store-a
REV-003309,PB-00139,CB-00196,2,Arrived on time and works perfectly.,2025-06-29,store-b
REV-003310,PROD-A-00309,CUST-A-00924,4,"Perfect gift, the recipient loved it!",2025-12-20,store-a
REV-003311,PROD-A-00208,CUST-A-00964,5,Absolutely love it! Will buy again.,2025-05-27,store-a
REV-003312,PB-00349,CB-00493,5,Arrived on time and works perfectly.,2025-11-15,store-b
REV-003313,PB-00094,CB-00999,1,Absolutely love it! Will buy again.,2025-06-18,store-b
REV-003314,PB-00339,CB-00924,5,Decent product for everyday use.,2025-11-22,store-b
REV-003315,PB-00024,CB-00815,3,Absolutely love it! Will buy again.,2024-10-03,store-b
REV-003316,PB-00263,CB-00952,3,Best purchase I've made this year!,2025-07-10,store-b
REV-003317,PB-00165,CB-00254,4,"Perfect gift, the recipient loved it!",2024-11-07,store-b
REV-003318,PB-00211,CB-01495,5,"Not as described, very disappointed.",2025-11-28,store-b
REV-003319,PROD-A-00463,CUST-A-00436,5,Good but shipping was too slow.,2024-06-23,store-a
REV-003320,PROD-A-00481,CUST-A-01743,3,Decent product for everyday use.,2025-06-10,store-a
REV-003321,PROD-A-00385,CUST-A-00405,4,Arrived on time and works perfectly.,2025-04-27,store-a
REV-003322,PROD-A-00118,CUST-A-00517,3,"Perfect gift, the recipient loved it!",2024-05-09,store-a
REV-003323,PROD-A-00163,CUST-A-01371,4,Arrived on time and works perfectly.,2025-07-20,store-a
REV-003324,PB-00288,CB-00261,5,"Would not recommend, poor build quality.",2025-02-06,store-b
REV-003325,PB-00189,CB-00664,1,"Average product, nothing special.",2025-02-17,store-b
REV-003326,PROD-A-00392,CUST-A-01211,5,"Okay for the price, gets the job done.",2025-09-20,store-a
REV-003327,PROD-A-00217,CUST-A-01228,3,"Average product, nothing special.",2024-07-12,store-a
REV-003328,PROD-A-00155,CUST-A-00682,4,Absolutely love it! Will buy again.,2024-06-13,store-a
REV-003329,PB-00384,CB-00154,2,Quality could be better for the price.,2024-11-30,store-b
REV-003330,PROD-A-00037,CUST-A-01043,4,Good but shipping was too slow.,2025-09-15,store-a
REV-003331,PB-00373,CB-00010,1,"Perfect gift, the recipient loved it!",2024-03-06,store-b
REV-003332,PROD-A-00219,CUST-A-01563,2,"Average product, nothing special.",2025-04-04,store-a
REV-003333,PB-00046,CB-01409,3,Absolutely love it! Will buy again.,2024-12-13,store-b
REV-003334,PB-00389,CB-00017,1,"Not as described, very disappointed.",2024-06-20,store-b
REV-003335,PROD-A-00481,CUST-A-01543,5,Decent product for everyday use.,2025-05-31,store-a
REV-003336,PB-00097,CB-00114,2,"Would not recommend, poor build quality.",2024-01-31,store-b
REV-003337,PROD-A-00248,CUST-A-01207,1,"Not as described, very disappointed.",2025-09-25,store-a
REV-003338,PROD-A-00397,CUST-A-00560,1,"Broke after two weeks, terrible quality.",2025-10-26,store-a
REV-003339,PB-00330,CB-00403,5,"Average product, nothing special.",2024-02-03,store-b
REV-003340,PB-00368,CB-01150,5,"Perfect gift, the recipient loved it!",2025-01-21,store-b
REV-003341,PB-00086,CB-00839,4,"Excellent value for money, highly recommend!",2024-04-26,store-b
REV-003342,PB-00179,CB-00311,3,Exceeded my expectations in every way.,2025-03-07,store-b
REV-003343,PB-00230,CB-00398,1,Good but shipping was too slow.,2025-12-21,store-b
REV-003344,PROD-A-00213,CUST-A-01564,2,Decent product for everyday use.,2024-07-05,store-a
REV-003345,PROD-A-00220,CUST-A-01702,2,"Perfect gift, the recipient loved it!",2024-03-21,store-a
REV-003346,PROD-A-00423,CUST-A-00407,2,Absolutely love it! Will buy again.,2025-03-05,store-a
REV-003347,PROD-A-00384,CUST-A-01754,5,Exceeded my expectations in every way.,2025-08-11,store-a
REV-003348,PROD-A-00346,CUST-A-00264,5,"Broke after two weeks, terrible quality.",2025-12-30,store-a
REV-003349,PROD-A-00165,CUST-A-00368,4,"Average product, nothing special.",2024-05-04,store-a
REV-003350,PROD-A-00194,CUST-A-01620,3,"Would not recommend, poor build quality.",2024-10-17,store-a
REV-003351,PROD-A-00133,CUST-A-01200,2,"Excellent value for money, highly recommend!",2025-12-30,store-a
REV-003352,PB-00156,CB-01255,1,"Okay for the price, gets the job done.",2025-11-19,store-b
REV-003353,PB-00028,CB-01234,5,"Okay for the price, gets the job done.",2024-09-13,store-b
REV-003354,PB-00310,CB-00146,5,Quality could be better for the price.,2025-06-04,store-b
REV-003355,PB-00231,CB-01060,1,"Perfect gift, the recipient loved it!",2025-05-26,store-b
REV-003356,PB-00117,CB-00464,3,"Broke after two weeks, terrible quality.",2024-06-12,store-b
REV-003357,PB-00329,CB-00802,4,Best purchase I've made this year!,2024-02-15,store-b
REV-003358,PB-00359,CB-00856,3,Arrived on time and works perfectly.,2025-04-07,store-b
REV-003359,PROD-A-00426,CUST-A-00933,1,"Okay for the price, gets the job done.",2024-05-29,store-a
REV-003360,PB-00231,CB-00253,4,Good but shipping was too slow.,2024-01-05,store-b
REV-003361,PROD-A-00310,CUST-A-01621,3,"Average product, nothing special.",2025-01-08,store-a
REV-003362,PROD-A-00151,CUST-A-01919,1,"Broke after two weeks, terrible quality.",2025-04-26,store-a
REV-003363,PB-00394,CB-00430,5,Decent product for everyday use.,2024-02-03,store-b
REV-003364,PROD-A-00196,CUST-A-00064,5,"Average product, nothing special.",2024-04-21,store-a
REV-003365,PB-00194,CB-00837,2,"Not as described, very disappointed.",2024-04-25,store-b
REV-003366,PB-00059,CB-00206,5,"Perfect gift, the recipient loved it!",2025-04-06,store-b
REV-003367,PB-00057,CB-00789,5,Arrived on time and works perfectly.,2025-04-03,store-b
REV-003368,PROD-A-00366,CUST-A-01519,3,"Would not recommend, poor build quality.",2024-08-16,store-a
REV-003369,PB-00094,CB-01057,2,"Average product, nothing special.",2024-02-26,store-b
REV-003370,PROD-A-00224,CUST-A-00867,3,Exceeded my expectations in every way.,2024-11-22,store-a
REV-003371,PROD-A-00250,CUST-A-00371,3,"Average product, nothing special.",2025-07-31,store-a
REV-003372,PROD-A-00450,CUST-A-00067,5,"Average product, nothing special.",2024-03-20,store-a
REV-003373,PB-00321,CB-00819,1,"Average product, nothing special.",2024-07-05,store-b
REV-003374,PB-00106,CB-01347,3,"Not as described, very disappointed.",2024-01-12,store-b
REV-003375,PROD-A-00007,CUST-A-01023,2,"Would not recommend, poor build quality.",2025-08-24,store-a
REV-003376,PB-00361,CB-01055,4,"Great product, exactly what I needed!",2025-04-26,store-b
REV-003377,PROD-A-00103,CUST-A-00888,1,Decent product for everyday use.,2024-03-16,store-a
REV-003378,PB-00333,CB-00850,4,Arrived on time and works perfectly.,2024-08-18,store-b
REV-003379,PB-00003,CB-00441,4,Quality could be better for the price.,2024-09-22,store-b
REV-003380,PB-00243,CB-00228,3,Decent product for everyday use.,2025-10-13,store-b
REV-003381,PROD-A-00465,CUST-A-00510,4,Exceeded my expectations in every way.,2024-10-29,store-a
REV-003382,PROD-A-00047,CUST-A-00019,4,"Excellent value for money, highly recommend!",2025-07-12,store-a
REV-003383,PROD-A-00077,CUST-A-01054,5,Good but shipping was too slow.,2024-04-01,store-a
REV-003384,PB-00381,CB-00576,2,"Okay for the price, gets the job done.",2024-10-03,store-b
REV-003385,PB-00226,CB-00994,1,"Excellent value for money, highly recommend!",2024-11-26,store-b
REV-003386,PROD-A-00313,CUST-A-00985,5,"Excellent value for money, highly recommend!",2025-12-13,store-a
REV-003387,PROD-A-00297,CUST-A-01750,4,Best purchase I've made this year!,2025-12-14,store-a
REV-003388,PROD-A-00159,CUST-A-01481,4,"Excellent value for money, highly recommend!",2024-10-09,store-a
REV-003389,PB-00110,CB-00022,1,"Would not recommend, poor build quality.",2025-09-02,store-b
REV-003390,PB-00049,CB-00147,5,"Broke after two weeks, terrible quality.",2025-12-09,store-b
REV-003391,PROD-A-00265,CUST-A-00869,2,"Excellent value for money, highly recommend!",2024-09-06,store-a
REV-003392,PROD-A-00444,CUST-A-00084,3,"Perfect gift, the recipient loved it!",2024-09-16,store-a
REV-003393,PROD-A-00438,CUST-A-00508,3,"Great product, exactly what I needed!",2024-09-16,store-a
REV-003394,PROD-A-00009,CUST-A-01795,4,Quality could be better for the price.,2024-09-04,store-a
REV-003395,PB-00145,CB-01025,2,Decent product for everyday use.,2024-04-14,store-b
REV-003396,PB-00077,CB-00186,1,Arrived on time and works perfectly.,2025-07-09,store-b
REV-003397,PB-00121,CB-00591,5,"Not as described, very disappointed.",2024-05-02,store-b
REV-003398,PROD-A-00076,CUST-A-01335,5,Exceeded my expectations in every way.,2025-07-14,store-a
REV-003399,PROD-A-00335,CUST-A-01505,5,"Average product, nothing special.",2025-10-30,store-a
REV-003400,PROD-A-00480,CUST-A-01873,5,Best purchase I've made this year!,2024-12-03,store-a
REV-003401,PROD-A-00161,CUST-A-00459,5,"Average product, nothing special.",2025-06-06,store-a
REV-003402,PB-00340,CB-00633,5,"Would not recommend, poor build quality.",2024-03-18,store-b
REV-003403,PROD-A-00281,CUST-A-01947,2,Decent product for everyday use.,2025-03-24,store-a
REV-003404,PROD-A-00030,CUST-A-00970,4,"Perfect gift, the recipient loved it!",2024-06-24,store-a
REV-003405,PB-00063,CB-01075,4,Decent product for everyday use.,2024-08-29,store-b
REV-003406,PB-00182,CB-00727,2,"Great product, exactly what I needed!",2025-03-15,store-b
REV-003407,PROD-A-00061,CUST-A-01103,2,"Broke after two weeks, terrible quality.",2025-10-02,store-a
REV-003408,PB-00153,CB-00178,2,Quality could be better for the price.,2025-09-06,store-b
REV-003409,PROD-A-00207,CUST-A-00669,3,Absolutely love it! Will buy again.,2024-06-21,store-a
REV-003410,PROD-A-00135,CUST-A-00589,1,"Broke after two weeks, terrible quality.",2025-04-27,store-a
REV-003411,PB-00218,CB-00411,4,Good but shipping was too slow.,2024-01-24,store-b
REV-003412,PROD-A-00455,CUST-A-01531,5,"Okay for the price, gets the job done.",2025-02-17,store-a
REV-003413,PB-00366,CB-00932,5,"Broke after two weeks, terrible quality.",2025-11-14,store-b
REV-003414,PROD-A-00357,CUST-A-01872,3,"Not as described, very disappointed.",2025-08-20,store-a
REV-003415,PB-00242,CB-00919,4,Absolutely love it! Will buy again.,2025-08-30,store-b
REV-003416,PROD-A-00013,CUST-A-01399,3,Exceeded my expectations in every way.,2025-12-12,store-a
REV-003417,PB-00270,CB-00232,1,"Perfect gift, the recipient loved it!",2025-03-15,store-b
REV-003418,PROD-A-00438,CUST-A-01298,2,Decent product for everyday use.,2024-01-28,store-a
REV-003419,PROD-A-00164,CUST-A-01631,5,"Not as described, very disappointed.",2025-07-04,store-a
REV-003420,PB-00352,CB-01494,4,Good but shipping was too slow.,2024-03-22,store-b
REV-003421,PROD-A-00030,CUST-A-01255,1,Absolutely love it! Will buy again.,2024-11-17,store-a
REV-003422,PB-00367,CB-00267,3,Arrived on time and works perfectly.,2025-11-10,store-b
REV-003423,PROD-A-00201,CUST-A-00023,2,"Perfect gift, the recipient loved it!",2024-08-05,store-a
REV-003424,PB-00060,CB-00352,2,Good but shipping was too slow.,2025-12-04,store-b
REV-003425,PROD-A-00209,CUST-A-01126,2,Absolutely love it! Will buy again.,2025-10-22,store-a
REV-003426,PB-00181,CB-00980,4,"Not as described, very disappointed.",2024-11-19,store-b
REV-003427,PROD-A-00038,CUST-A-01677,5,"Average product, nothing special.",2024-07-08,store-a
REV-003428,PB-00168,CB-00826,1,"Great product, exactly what I needed!",2025-11-16,store-b
REV-003429,PB-00053,CB-00290,5,Good but shipping was too slow.,2025-07-23,store-b
REV-003430,PROD-A-00006,CUST-A-00101,2,"Average product, nothing special.",2025-03-31,store-a
REV-003431,PB-00353,CB-00791,1,Absolutely love it! Will buy again.,2024-10-17,store-b
REV-003432,PROD-A-00217,CUST-A-00103,4,"Would not recommend, poor build quality.",2024-11-05,store-a
REV-003433,PROD-A-00030,CUST-A-00752,5,Quality could be better for the price.,2025-02-28,store-a
REV-003434,PROD-A-00376,CUST-A-01143,5,"Great product, exactly what I needed!",2025-11-09,store-a
REV-003435,PB-00376,CB-00492,5,Exceeded my expectations in every way.,2024-08-11,store-b
REV-003436,PB-00307,CB-01200,1,"Okay for the price, gets the job done.",2024-04-26,store-b
REV-003437,PROD-A-00367,CUST-A-00028,2,"Okay for the price, gets the job done.",2025-12-14,store-a
REV-003438,PB-00098,CB-00788,4,Absolutely love it! Will buy again.,2025-03-12,store-b
REV-003439,PB-00394,CB-00258,2,"Perfect gift, the recipient loved it!",2024-02-24,store-b
REV-003440,PROD-A-00152,CUST-A-01515,1,Exceeded my expectations in every way.,2024-05-26,store-a
REV-003441,PROD-A-00010,CUST-A-01389,5,"Excellent value for money, highly recommend!",2025-06-16,store-a
REV-003442,PB-00308,CB-00603,2,Best purchase I've made this year!,2024-06-22,store-b
REV-003443,PROD-A-00318,CUST-A-01174,4,Decent product for everyday use.,2024-04-18,store-a
REV-003444,PROD-A-00415,CUST-A-01707,2,Absolutely love it! Will buy again.,2024-02-25,store-a
REV-003445,PB-00320,CB-00220,1,"Okay for the price, gets the job done.",2024-09-27,store-b
REV-003446,PB-00221,CB-00744,2,"Perfect gift, the recipient loved it!",2025-07-02,store-b
REV-003447,PROD-A-00364,CUST-A-00561,1,"Okay for the price, gets the job done.",2024-04-08,store-a
REV-003448,PB-00102,CB-00753,2,"Would not recommend, poor build quality.",2025-04-26,store-b
REV-003449,PROD-A-00187,CUST-A-00041,4,"Broke after two weeks, terrible quality.",2025-10-02,store-a
REV-003450,PB-00008,CB-00744,1,Decent product for everyday use.,2025-07-14,store-b
REV-003451,PROD-A-00376,CUST-A-00022,2,"Would not recommend, poor build quality.",2025-03-10,store-a
REV-003452,PB-00270,CB-00138,2,"Average product, nothing special.",2024-02-18,store-b
REV-003453,PROD-A-00399,CUST-A-00660,1,"Would not recommend, poor build quality.",2025-12-14,store-a
REV-003454,PB-00268,CB-00142,3,Good but shipping was too slow.,2024-09-01,store-b
REV-003455,PROD-A-00409,CUST-A-01450,2,"Okay for the price, gets the job done.",2024-11-10,store-a
REV-003456,PROD-A-00476,CUST-A-00242,1,Exceeded my expectations in every way.,2024-09-14,store-a
REV-003457,PB-00348,CB-00902,3,"Average product, nothing special.",2024-02-29,store-b
REV-003458,PB-00147,CB-01054,3,"Broke after two weeks, terrible quality.",2024-07-16,store-b
REV-003459,PB-00045,CB-00105,4,"Average product, nothing special.",2024-01-12,store-b
REV-003460,PB-00094,CB-00377,5,"Great product, exactly what I needed!",2025-07-21,store-b
REV-003461,PROD-A-00155,CUST-A-00060,5,Exceeded my expectations in every way.,2024-05-08,store-a
REV-003462,PROD-A-00379,CUST-A-00477,1,"Average product, nothing special.",2025-09-07,store-a
REV-003463,PROD-A-00214,CUST-A-00303,2,"Would not recommend, poor build quality.",2024-02-24,store-a
REV-003464,PB-00105,CB-01033,1,Good but shipping was too slow.,2024-10-24,store-b
REV-003465,PROD-A-00425,CUST-A-00508,5,Best purchase I've made this year!,2025-05-09,store-a
REV-003466,PROD-A-00349,CUST-A-00329,4,"Average product, nothing special.",2025-10-17,store-a
REV-003467,PROD-A-00309,CUST-A-01721,1,"Broke after two weeks, terrible quality.",2024-09-10,store-a
REV-003468,PROD-A-00298,CUST-A-00776,4,Decent product for everyday use.,2025-07-19,store-a
REV-003469,PROD-A-00066,CUST-A-00363,3,Good but shipping was too slow.,2024-03-10,store-a
REV-003470,PROD-A-00310,CUST-A-01206,4,Good but shipping was too slow.,2024-01-08,store-a
REV-003471,PB-00135,CB-01335,5,Absolutely love it! Will buy again.,2024-02-05,store-b
REV-003472,PB-00149,CB-01256,4,Exceeded my expectations in every way.,2025-05-15,store-b
REV-003473,PROD-A-00258,CUST-A-00607,4,Quality could be better for the price.,2024-10-31,store-a
REV-003474,PB-00311,CB-00316,3,Exceeded my expectations in every way.,2024-02-09,store-b
REV-003475,PB-00350,CB-01037,5,"Perfect gift, the recipient loved it!",2024-01-15,store-b
REV-003476,PROD-A-00153,CUST-A-01289,3,"Not as described, very disappointed.",2024-08-02,store-a
REV-003477,PB-00180,CB-01449,5,"Excellent value for money, highly recommend!",2024-03-23,store-b
REV-003478,PB-00040,CB-00955,4,"Great product, exactly what I needed!",2024-12-24,store-b
REV-003479,PROD-A-00322,CUST-A-01762,3,"Okay for the price, gets the job done.",2024-04-27,store-a
REV-003480,PROD-A-00169,CUST-A-00795,1,Quality could be better for the price.,2025-09-12,store-a
REV-003481,PB-00259,CB-00518,4,"Excellent value for money, highly recommend!",2025-08-03,store-b
REV-003482,PROD-A-00424,CUST-A-00055,4,Best purchase I've made this year!,2024-03-18,store-a
REV-003483,PROD-A-00082,CUST-A-01478,3,"Not as described, very disappointed.",2024-03-01,store-a
REV-003484,PROD-A-00263,CUST-A-00393,5,"Perfect gift, the recipient loved it!",2025-01-30,store-a
REV-003485,PB-00070,CB-01049,3,Quality could be better for the price.,2025-05-28,store-b
REV-003486,PB-00396,CB-00333,2,"Average product, nothing special.",2024-11-11,store-b
REV-003487,PB-00249,CB-00938,5,"Would not recommend, poor build quality.",2024-07-25,store-b
REV-003488,PROD-A-00342,CUST-A-00573,1,Absolutely love it! Will buy again.,2024-10-09,store-a
REV-003489,PB-00171,CB-00417,2,Arrived on time and works perfectly.,2025-09-17,store-b
REV-003490,PB-00082,CB-00141,5,Absolutely love it! Will buy again.,2024-11-02,store-b
REV-003491,PB-00133,CB-00391,5,"Okay for the price, gets the job done.",2024-05-24,store-b
REV-003492,PB-00213,CB-00971,5,"Not as described, very disappointed.",2024-05-05,store-b
REV-003493,PROD-A-00354,CUST-A-00175,2,Exceeded my expectations in every way.,2024-06-30,store-a
REV-003494,PB-00313,CB-00407,3,Absolutely love it! Will buy again.,2024-05-15,store-b
REV-003495,PB-00157,CB-00023,2,Quality could be better for the price.,2025-05-25,store-b
REV-003496,PB-00257,CB-00432,5,Best purchase I've made this year!,2025-03-15,store-b
REV-003497,PROD-A-00024,CUST-A-01939,1,Best purchase I've made this year!,2024-05-06,store-a
REV-003498,PROD-A-00465,CUST-A-01358,1,Decent product for everyday use.,2024-01-19,store-a
REV-003499,PROD-A-00020,CUST-A-00678,1,Good but shipping was too slow.,2025-12-12,store-a
REV-003500,PB-00082,CB-00302,4,"Average product, nothing special.",2025-06-29,store-b
REV-003501,PB-00386,CB-00805,3,Exceeded my expectations in every way.,2025-02-05,store-b
REV-003502,PROD-A-00233,CUST-A-00794,4,"Perfect gift, the recipient loved it!",2024-10-12,store-a
REV-003503,PB-00137,CB-00827,3,"Would not recommend, poor build quality.",2024-11-14,store-b
REV-003504,PB-00061,CB-01199,3,"Average product, nothing special.",2024-07-01,store-b
REV-003505,PROD-A-00419,CUST-A-00986,5,"Perfect gift, the recipient loved it!",2024-01-19,store-a
REV-003506,PROD-A-00268,CUST-A-00519,1,Arrived on time and works perfectly.,2025-08-04,store-a
REV-003507,PROD-A-00305,CUST-A-00162,4,Good but shipping was too slow.,2024-08-10,store-a
REV-003508,PB-00082,CB-00819,2,Quality could be better for the price.,2025-07-29,store-b
REV-003509,PB-00043,CB-00691,4,"Broke after two weeks, terrible quality.",2024-10-25,store-b
REV-003510,PROD-A-00429,CUST-A-00043,4,Quality could be better for the price.,2025-05-24,store-a
REV-003511,PROD-A-00291,CUST-A-01499,3,Best purchase I've made this year!,2024-09-02,store-a
REV-003512,PB-00154,CB-00498,4,Arrived on time and works perfectly.,2024-09-29,store-b
REV-003513,PROD-A-00383,CUST-A-00645,1,"Excellent value for money, highly recommend!",2025-07-19,store-a
REV-003514,PB-00158,CB-00457,2,Arrived on time and works perfectly.,2025-05-15,store-b
REV-003515,PROD-A-00372,CUST-A-00393,4,"Great product, exactly what I needed!",2024-03-03,store-a
REV-003516,PB-00398,CB-00580,4,"Broke after two weeks, terrible quality.",2024-03-11,store-b
REV-003517,PROD-A-00455,CUST-A-01059,4,"Average product, nothing special.",2025-04-10,store-a
REV-003518,PROD-A-00109,CUST-A-00356,1,"Perfect gift, the recipient loved it!",2024-12-12,store-a
REV-003519,PROD-A-00450,CUST-A-00078,4,Best purchase I've made this year!,2024-10-23,store-a
REV-003520,PROD-A-00226,CUST-A-01420,3,Exceeded my expectations in every way.,2024-05-18,store-a
REV-003521,PB-00124,CB-01148,3,Good but shipping was too slow.,2025-05-14,store-b
REV-003522,PB-00024,CB-01316,3,"Broke after two weeks, terrible quality.",2025-12-02,store-b
REV-003523,PB-00016,CB-01030,3,"Average product, nothing special.",2024-02-12,store-b
REV-003524,PROD-A-00014,CUST-A-01310,2,Absolutely love it! Will buy again.,2024-08-11,store-a
REV-003525,PROD-A-00011,CUST-A-00808,1,Arrived on time and works perfectly.,2024-07-22,store-a
REV-003526,PROD-A-00197,CUST-A-01336,1,Exceeded my expectations in every way.,2024-12-23,store-a
REV-003527,PROD-A-00376,CUST-A-00105,2,Exceeded my expectations in every way.,2024-12-10,store-a
REV-003528,PROD-A-00137,CUST-A-00228,4,Decent product for everyday use.,2025-07-25,store-a
REV-003529,PROD-A-00439,CUST-A-01104,3,"Excellent value for money, highly recommend!",2024-02-25,store-a
REV-003530,PB-00353,CB-00521,4,Best purchase I've made this year!,2025-09-02,store-b
REV-003531,PB-00313,CB-00120,4,"Perfect gift, the recipient loved it!",2025-04-02,store-b
REV-003532,PROD-A-00093,CUST-A-00891,3,Decent product for everyday use.,2024-01-30,store-a
REV-003533,PROD-A-00413,CUST-A-00986,3,Decent product for everyday use.,2025-05-13,store-a
REV-003534,PROD-A-00486,CUST-A-01336,4,"Excellent value for money, highly recommend!",2024-02-21,store-a
REV-003535,PB-00139,CB-01441,4,Exceeded my expectations in every way.,2025-09-11,store-b
REV-003536,PB-00136,CB-01274,5,Exceeded my expectations in every way.,2025-11-09,store-b
REV-003537,PROD-A-00470,CUST-A-00840,2,Decent product for everyday use.,2025-11-20,store-a
REV-003538,PROD-A-00144,CUST-A-00607,1,"Okay for the price, gets the job done.",2025-06-26,store-a
REV-003539,PB-00157,CB-01221,3,"Average product, nothing special.",2024-06-08,store-b
REV-003540,PB-00028,CB-00114,4,"Excellent value for money, highly recommend!",2025-11-27,store-b
REV-003541,PB-00342,CB-00770,2,Quality could be better for the price.,2025-09-15,store-b
REV-003542,PB-00013,CB-01219,1,Decent product for everyday use.,2025-01-25,store-b
REV-003543,PB-00074,CB-00009,1,"Okay for the price, gets the job done.",2024-04-02,store-b
REV-003544,PB-00130,CB-00619,1,Best purchase I've made this year!,2025-09-01,store-b
REV-003545,PB-00369,CB-00690,5,"Perfect gift, the recipient loved it!",2024-11-13,store-b
REV-003546,PROD-A-00495,CUST-A-00211,4,Exceeded my expectations in every way.,2024-04-27,store-a
REV-003547,PROD-A-00279,CUST-A-00790,2,Quality could be better for the price.,2025-01-01,store-a
REV-003548,PROD-A-00249,CUST-A-00265,5,Decent product for everyday use.,2025-08-20,store-a
REV-003549,PB-00170,CB-00342,3,Decent product for everyday use.,2025-02-01,store-b
REV-003550,PB-00102,CB-01335,1,Exceeded my expectations in every way.,2025-04-18,store-b
REV-003551,PB-00383,CB-00606,5,Decent product for everyday use.,2024-06-19,store-b
REV-003552,PROD-A-00274,CUST-A-00972,3,Quality could be better for the price.,2024-02-20,store-a
REV-003553,PB-00142,CB-01324,1,Exceeded my expectations in every way.,2024-02-08,store-b
REV-003554,PB-00384,CB-00883,3,Good but shipping was too slow.,2024-12-07,store-b
REV-003555,PROD-A-00244,CUST-A-01575,4,Decent product for everyday use.,2024-04-14,store-a
REV-003556,PROD-A-00231,CUST-A-01467,2,"Great product, exactly what I needed!",2025-09-09,store-a
REV-003557,PROD-A-00304,CUST-A-00457,4,"Okay for the price, gets the job done.",2025-09-29,store-a
REV-003558,PB-00266,CB-00780,1,"Would not recommend, poor build quality.",2024-11-28,store-b
REV-003559,PB-00236,CB-01330,5,Good but shipping was too slow.,2025-02-24,store-b
REV-003560,PROD-A-00130,CUST-A-01596,2,"Not as described, very disappointed.",2025-09-19,store-a
REV-003561,PROD-A-00195,CUST-A-00788,2,"Not as described, very disappointed.",2024-02-29,store-a
REV-003562,PROD-A-00284,CUST-A-01756,5,"Not as described, very disappointed.",2025-05-01,store-a
REV-003563,PB-00023,CB-00858,3,Best purchase I've made this year!,2024-01-23,store-b
REV-003564,PROD-A-00456,CUST-A-00029,1,"Would not recommend, poor build quality.",2025-10-26,store-a
REV-003565,PROD-A-00298,CUST-A-00086,1,"Perfect gift, the recipient loved it!",2024-12-01,store-a
REV-003566,PROD-A-00305,CUST-A-00238,1,Decent product for everyday use.,2025-11-13,store-a
REV-003567,PROD-A-00172,CUST-A-00910,4,"Broke after two weeks, terrible quality.",2025-07-19,store-a
REV-003568,PROD-A-00390,CUST-A-01399,2,"Not as described, very disappointed.",2025-01-24,store-a
REV-003569,PB-00076,CB-01153,5,Best purchase I've made this year!,2024-07-23,store-b
REV-003570,PB-00144,CB-01390,5,"Great product, exactly what I needed!",2024-06-11,store-b
REV-003571,PB-00269,CB-01187,1,Good but shipping was too slow.,2025-04-20,store-b
REV-003572,PROD-A-00164,CUST-A-00250,5,Exceeded my expectations in every way.,2024-11-22,store-a
REV-003573,PROD-A-00014,CUST-A-00568,1,Quality could be better for the price.,2024-04-01,store-a
REV-003574,PROD-A-00498,CUST-A-00615,3,"Average product, nothing special.",2025-03-24,store-a
REV-003575,PROD-A-00226,CUST-A-00580,3,Best purchase I've made this year!,2025-10-13,store-a
REV-003576,PB-00275,CB-00064,1,"Not as described, very disappointed.",2024-09-10,store-b
REV-003577,PB-00085,CB-00314,5,"Perfect gift, the recipient loved it!",2024-04-05,store-b
REV-003578,PROD-A-00473,CUST-A-01131,2,"Excellent value for money, highly recommend!",2024-04-18,store-a
REV-003579,PROD-A-00483,CUST-A-01326,2,Quality could be better for the price.,2024-08-17,store-a
REV-003580,PB-00232,CB-00695,1,Good but shipping was too slow.,2025-02-05,store-b
REV-003581,PB-00161,CB-01038,5,"Broke after two weeks, terrible quality.",2025-08-31,store-b
REV-003582,PROD-A-00122,CUST-A-01263,5,Absolutely love it! Will buy again.,2024-12-30,store-a
REV-003583,PB-00354,CB-01325,3,"Okay for the price, gets the job done.",2024-03-22,store-b
REV-003584,PROD-A-00352,CUST-A-00164,3,"Okay for the price, gets the job done.",2025-01-11,store-a
REV-003585,PROD-A-00337,CUST-A-00001,1,"Broke after two weeks, terrible quality.",2024-08-06,store-a
REV-003586,PB-00022,CB-00490,2,Best purchase I've made this year!,2025-11-09,store-b
REV-003587,PROD-A-00342,CUST-A-00351,1,"Perfect gift, the recipient loved it!",2025-04-12,store-a
REV-003588,PB-00305,CB-01202,3,Arrived on time and works perfectly.,2025-11-08,store-b
REV-003589,PB-00304,CB-00010,2,Exceeded my expectations in every way.,2024-11-29,store-b
REV-003590,PB-00399,CB-00986,2,Good but shipping was too slow.,2025-02-26,store-b
REV-003591,PB-00098,CB-00073,5,"Great product, exactly what I needed!",2024-01-31,store-b
REV-003592,PB-00125,CB-00585,2,Good but shipping was too slow.,2024-07-24,store-b
REV-003593,PROD-A-00098,CUST-A-00802,3,"Excellent value for money, highly recommend!",2024-03-11,store-a
REV-003594,PB-00034,CB-01209,2,"Not as described, very disappointed.",2024-09-29,store-b
REV-003595,PB-00140,CB-01352,5,"Average product, nothing special.",2024-12-16,store-b
REV-003596,PROD-A-00001,CUST-A-01701,5,"Excellent value for money, highly recommend!",2025-05-28,store-a
REV-003597,PB-00086,CB-01195,1,"Great product, exactly what I needed!",2024-01-15,store-b
REV-003598,PROD-A-00200,CUST-A-00315,3,"Average product, nothing special.",2025-02-08,store-a
REV-003599,PB-00261,CB-01124,4,Decent product for everyday use.,2025-07-20,store-b
REV-003600,PB-00112,CB-01415,4,Arrived on time and works perfectly.,2024-10-25,store-b
REV-003601,PB-00140,CB-00901,2,Quality could be better for the price.,2025-11-20,store-b
REV-003602,PROD-A-00392,CUST-A-01029,1,"Would not recommend, poor build quality.",2025-12-18,store-a
REV-003603,PROD-A-00108,CUST-A-01051,1,"Perfect gift, the recipient loved it!",2025-04-14,store-a
REV-003604,PB-00076,CB-00303,5,"Broke after two weeks, terrible quality.",2025-10-05,store-b
REV-003605,PROD-A-00310,CUST-A-00315,5,Decent product for everyday use.,2025-11-25,store-a
REV-003606,PB-00310,CB-00586,3,"Broke after two weeks, terrible quality.",2024-02-29,store-b
REV-003607,PROD-A-00368,CUST-A-01691,2,"Would not recommend, poor build quality.",2024-04-29,store-a
REV-003608,PROD-A-00026,CUST-A-01821,4,"Great product, exactly what I needed!",2024-07-26,store-a
REV-003609,PROD-A-00230,CUST-A-01130,4,"Perfect gift, the recipient loved it!",2025-05-22,store-a
REV-003610,PB-00348,CB-00042,3,"Okay for the price, gets the job done.",2024-01-21,store-b
REV-003611,PB-00366,CB-00342,5,"Excellent value for money, highly recommend!",2024-07-21,store-b
REV-003612,PROD-A-00097,CUST-A-00282,5,Absolutely love it! Will buy again.,2025-09-12,store-a
REV-003613,PROD-A-00392,CUST-A-00120,5,"Great product, exactly what I needed!",2024-06-11,store-a
REV-003614,PB-00066,CB-01477,2,"Okay for the price, gets the job done.",2024-12-04,store-b
REV-003615,PROD-A-00184,CUST-A-01401,1,"Excellent value for money, highly recommend!",2024-02-01,store-a
REV-003616,PB-00261,CB-01477,5,Good but shipping was too slow.,2025-03-25,store-b
REV-003617,PB-00033,CB-00268,4,Best purchase I've made this year!,2024-11-04,store-b
REV-003618,PROD-A-00228,CUST-A-01963,5,Best purchase I've made this year!,2024-01-27,store-a
REV-003619,PB-00074,CB-00868,5,Arrived on time and works perfectly.,2025-01-17,store-b
REV-003620,PB-00060,CB-00769,3,Quality could be better for the price.,2024-06-09,store-b
REV-003621,PB-00296,CB-00171,5,"Excellent value for money, highly recommend!",2025-11-22,store-b
REV-003622,PB-00296,CB-00945,4,Quality could be better for the price.,2025-12-25,store-b
REV-003623,PROD-A-00154,CUST-A-01000,4,Absolutely love it! Will buy again.,2024-01-23,store-a
REV-003624,PROD-A-00066,CUST-A-00835,5,Best purchase I've made this year!,2024-05-30,store-a
REV-003625,PB-00389,CB-01441,5,"Perfect gift, the recipient loved it!",2024-05-15,store-b
REV-003626,PB-00328,CB-00711,3,"Excellent value for money, highly recommend!",2025-06-10,store-b
REV-003627,PROD-A-00162,CUST-A-00138,3,"Broke after two weeks, terrible quality.",2024-12-28,store-a
REV-003628,PB-00358,CB-00056,4,"Great product, exactly what I needed!",2025-08-29,store-b
REV-003629,PB-00055,CB-01448,4,"Excellent value for money, highly recommend!",2024-11-21,store-b
REV-003630,PB-00185,CB-00448,1,"Would not recommend, poor build quality.",2024-05-23,store-b
REV-003631,PB-00220,CB-00151,3,"Excellent value for money, highly recommend!",2025-02-01,store-b
REV-003632,PROD-A-00325,CUST-A-00524,1,"Okay for the price, gets the job done.",2025-12-06,store-a
REV-003633,PROD-A-00397,CUST-A-00241,4,"Great product, exactly what I needed!",2024-05-09,store-a
REV-003634,PB-00056,CB-00931,2,"Not as described, very disappointed.",2025-09-02,store-b
REV-003635,PB-00208,CB-01352,1,"Okay for the price, gets the job done.",2024-11-14,store-b
REV-003636,PB-00371,CB-00261,1,Decent product for everyday use.,2024-07-22,store-b
REV-003637,PB-00101,CB-00404,2,"Average product, nothing special.",2025-09-21,store-b
REV-003638,PROD-A-00091,CUST-A-00259,5,"Broke after two weeks, terrible quality.",2025-09-28,store-a
REV-003639,PB-00249,CB-00065,5,Good but shipping was too slow.,2025-11-21,store-b
REV-003640,PB-00008,CB-00461,3,"Average product, nothing special.",2025-06-08,store-b
REV-003641,PROD-A-00099,CUST-A-00954,2,Good but shipping was too slow.,2024-08-04,store-a
REV-003642,PROD-A-00453,CUST-A-00218,3,"Perfect gift, the recipient loved it!",2024-05-03,store-a
REV-003643,PB-00319,CB-00056,2,"Average product, nothing special.",2025-12-21,store-b
REV-003644,PROD-A-00090,CUST-A-01186,5,"Okay for the price, gets the job done.",2024-07-16,store-a
REV-003645,PROD-A-00232,CUST-A-00917,4,"Average product, nothing special.",2024-09-26,store-a
REV-003646,PB-00337,CB-00447,5,Arrived on time and works perfectly.,2025-08-14,store-b
REV-003647,PB-00101,CB-00377,3,"Not as described, very disappointed.",2024-08-26,store-b
REV-003648,PROD-A-00142,CUST-A-00624,2,"Average product, nothing special.",2025-07-30,store-a
REV-003649,PROD-A-00022,CUST-A-01437,4,"Excellent value for money, highly recommend!",2025-08-13,store-a
REV-003650,PB-00075,CB-00482,2,Arrived on time and works perfectly.,2024-01-22,store-b
REV-003651,PB-00398,CB-00633,4,"Okay for the price, gets the job done.",2024-03-21,store-b
REV-003652,PROD-A-00115,CUST-A-01718,2,"Excellent value for money, highly recommend!",2025-06-01,store-a
REV-003653,PROD-A-00243,CUST-A-01950,4,"Average product, nothing special.",2025-11-13,store-a
REV-003654,PROD-A-00279,CUST-A-00135,2,Exceeded my expectations in every way.,2025-01-05,store-a
REV-003655,PROD-A-00217,CUST-A-00973,4,"Perfect gift, the recipient loved it!",2025-12-19,store-a
REV-003656,PB-00315,CB-00529,1,Absolutely love it! Will buy again.,2025-09-30,store-b
REV-003657,PB-00181,CB-00439,3,"Great product, exactly what I needed!",2024-11-05,store-b
REV-003658,PROD-A-00184,CUST-A-00446,4,"Great product, exactly what I needed!",2025-01-02,store-a
REV-003659,PB-00021,CB-00304,4,Quality could be better for the price.,2025-11-26,store-b
REV-003660,PB-00386,CB-01464,3,Quality could be better for the price.,2024-12-26,store-b
REV-003661,PROD-A-00267,CUST-A-00595,5,"Great product, exactly what I needed!",2024-08-23,store-a
REV-003662,PROD-A-00183,CUST-A-00977,4,Arrived on time and works perfectly.,2025-05-29,store-a
REV-003663,PROD-A-00392,CUST-A-01839,5,"Broke after two weeks, terrible quality.",2024-09-17,store-a
REV-003664,PB-00350,CB-00567,3,"Would not recommend, poor build quality.",2025-03-07,store-b
REV-003665,PB-00093,CB-00778,1,"Average product, nothing special.",2024-05-02,store-b
REV-003666,PROD-A-00125,CUST-A-00350,2,Best purchase I've made this year!,2025-10-18,store-a
REV-003667,PROD-A-00079,CUST-A-00386,3,"Not as described, very disappointed.",2025-12-08,store-a
REV-003668,PB-00218,CB-00800,1,"Would not recommend, poor build quality.",2025-06-15,store-b
REV-003669,PB-00287,CB-01110,2,"Excellent value for money, highly recommend!",2025-11-14,store-b
REV-003670,PROD-A-00362,CUST-A-00698,5,Decent product for everyday use.,2025-07-10,store-a
REV-003671,PROD-A-00123,CUST-A-01484,2,"Great product, exactly what I needed!",2025-11-04,store-a
REV-003672,PB-00242,CB-01465,2,"Not as described, very disappointed.",2024-01-18,store-b
REV-003673,PB-00392,CB-00949,5,"Okay for the price, gets the job done.",2025-03-27,store-b
REV-003674,PROD-A-00091,CUST-A-00440,3,Exceeded my expectations in every way.,2024-09-11,store-a
REV-003675,PROD-A-00074,CUST-A-00422,1,"Not as described, very disappointed.",2025-01-31,store-a
REV-003676,PB-00020,CB-00575,3,"Would not recommend, poor build quality.",2024-05-05,store-b
REV-003677,PROD-A-00146,CUST-A-01119,3,Exceeded my expectations in every way.,2024-12-16,store-a
REV-003678,PROD-A-00044,CUST-A-00216,1,"Not as described, very disappointed.",2025-09-12,store-a
REV-003679,PB-00045,CB-00958,2,"Great product, exactly what I needed!",2025-04-16,store-b
REV-003680,PROD-A-00209,CUST-A-00800,2,Good but shipping was too slow.,2025-03-19,store-a
REV-003681,PB-00176,CB-00504,1,"Would not recommend, poor build quality.",2024-04-30,store-b
REV-003682,PROD-A-00465,CUST-A-00844,1,"Excellent value for money, highly recommend!",2025-09-17,store-a
REV-003683,PB-00264,CB-00571,1,"Excellent value for money, highly recommend!",2024-06-26,store-b
REV-003684,PROD-A-00238,CUST-A-01313,4,Quality could be better for the price.,2025-10-10,store-a
REV-003685,PROD-A-00201,CUST-A-00069,2,Quality could be better for the price.,2025-05-28,store-a
REV-003686,PROD-A-00226,CUST-A-01017,3,Exceeded my expectations in every way.,2024-03-08,store-a
REV-003687,PB-00339,CB-00792,2,"Perfect gift, the recipient loved it!",2025-12-16,store-b
REV-003688,PB-00272,CB-01363,5,"Broke after two weeks, terrible quality.",2025-11-17,store-b
REV-003689,PROD-A-00384,CUST-A-01222,3,Quality could be better for the price.,2025-10-04,store-a
REV-003690,PB-00110,CB-00726,2,Arrived on time and works perfectly.,2025-08-07,store-b
REV-003691,PB-00212,CB-01398,5,"Average product, nothing special.",2024-12-01,store-b
REV-003692,PB-00002,CB-00949,1,"Perfect gift, the recipient loved it!",2025-11-06,store-b
REV-003693,PROD-A-00279,CUST-A-01649,2,"Excellent value for money, highly recommend!",2025-08-31,store-a
REV-003694,PROD-A-00280,CUST-A-01793,2,Decent product for everyday use.,2025-12-20,store-a
REV-003695,PB-00274,CB-00624,4,Absolutely love it! Will buy again.,2025-04-20,store-b
REV-003696,PB-00077,CB-00562,3,"Perfect gift, the recipient loved it!",2024-03-30,store-b
REV-003697,PROD-A-00191,CUST-A-00148,4,"Average product, nothing special.",2025-07-05,store-a
REV-003698,PROD-A-00306,CUST-A-00509,2,"Excellent value for money, highly recommend!",2025-09-22,store-a
REV-003699,PB-00041,CB-00733,2,"Okay for the price, gets the job done.",2025-02-03,store-b
REV-003700,PROD-A-00476,CUST-A-00839,4,"Broke after two weeks, terrible quality.",2024-08-02,store-a
REV-003701,PROD-A-00408,CUST-A-01301,3,"Okay for the price, gets the job done.",2025-10-19,store-a
REV-003702,PB-00236,CB-00509,2,"Okay for the price, gets the job done.",2025-09-14,store-b
REV-003703,PROD-A-00042,CUST-A-01759,2,"Average product, nothing special.",2024-02-29,store-a
REV-003704,PROD-A-00024,CUST-A-01520,3,Arrived on time and works perfectly.,2024-10-31,store-a
REV-003705,PROD-A-00310,CUST-A-01051,4,Good but shipping was too slow.,2024-11-09,store-a
REV-003706,PB-00361,CB-01137,4,Exceeded my expectations in every way.,2024-04-06,store-b
REV-003707,PB-00258,CB-00839,5,Arrived on time and works perfectly.,2024-02-10,store-b
REV-003708,PROD-A-00358,CUST-A-01647,1,Exceeded my expectations in every way.,2024-05-04,store-a
REV-003709,PROD-A-00013,CUST-A-00672,2,"Perfect gift, the recipient loved it!",2024-07-21,store-a
REV-003710,PROD-A-00357,CUST-A-01952,3,"Broke after two weeks, terrible quality.",2025-08-23,store-a
REV-003711,PROD-A-00443,CUST-A-00192,4,"Perfect gift, the recipient loved it!",2025-12-03,store-a
REV-003712,PROD-A-00237,CUST-A-01097,1,"Broke after two weeks, terrible quality.",2024-05-06,store-a
REV-003713,PROD-A-00048,CUST-A-00543,5,Decent product for everyday use.,2024-01-28,store-a
REV-003714,PB-00208,CB-00368,2,Quality could be better for the price.,2025-08-01,store-b
REV-003715,PROD-A-00246,CUST-A-00067,4,"Perfect gift, the recipient loved it!",2025-12-10,store-a
REV-003716,PROD-A-00358,CUST-A-01785,3,"Broke after two weeks, terrible quality.",2024-07-14,store-a
REV-003717,PROD-A-00443,CUST-A-01030,3,Good but shipping was too slow.,2025-08-11,store-a
REV-003718,PB-00025,CB-00852,5,"Broke after two weeks, terrible quality.",2024-10-22,store-b
REV-003719,PROD-A-00451,CUST-A-01049,2,Quality could be better for the price.,2024-02-25,store-a
REV-003720,PB-00026,CB-00049,3,"Would not recommend, poor build quality.",2024-07-18,store-b
REV-003721,PROD-A-00483,CUST-A-01900,1,Exceeded my expectations in every way.,2025-11-12,store-a
REV-003722,PROD-A-00396,CUST-A-00905,5,Best purchase I've made this year!,2025-07-16,store-a
REV-003723,PROD-A-00132,CUST-A-01720,4,"Not as described, very disappointed.",2025-05-21,store-a
REV-003724,PROD-A-00173,CUST-A-01622,3,Arrived on time and works perfectly.,2025-01-15,store-a
REV-003725,PB-00183,CB-00977,2,Quality could be better for the price.,2024-06-06,store-b
REV-003726,PROD-A-00376,CUST-A-01301,2,Best purchase I've made this year!,2025-05-01,store-a
REV-003727,PROD-A-00283,CUST-A-00299,2,Quality could be better for the price.,2025-01-30,store-a
REV-003728,PROD-A-00120,CUST-A-00848,4,"Not as described, very disappointed.",2025-02-09,store-a
REV-003729,PB-00255,CB-00619,2,Good but shipping was too slow.,2025-11-06,store-b
REV-003730,PB-00013,CB-00098,2,Arrived on time and works perfectly.,2024-12-12,store-b
REV-003731,PROD-A-00127,CUST-A-01496,4,Absolutely love it! Will buy again.,2025-10-18,store-a
REV-003732,PROD-A-00123,CUST-A-00630,4,"Broke after two weeks, terrible quality.",2025-04-13,store-a
REV-003733,PROD-A-00166,CUST-A-00833,4,"Would not recommend, poor build quality.",2025-01-31,store-a
REV-003734,PROD-A-00187,CUST-A-00926,4,"Average product, nothing special.",2025-09-02,store-a
REV-003735,PB-00300,CB-01051,4,Decent product for everyday use.,2025-04-09,store-b
REV-003736,PB-00067,CB-01012,4,"Average product, nothing special.",2025-11-16,store-b
REV-003737,PB-00277,CB-00968,2,"Okay for the price, gets the job done.",2025-01-16,store-b
REV-003738,PROD-A-00238,CUST-A-01318,4,"Great product, exactly what I needed!",2024-04-22,store-a
REV-003739,PROD-A-00303,CUST-A-01545,1,Absolutely love it! Will buy again.,2024-11-16,store-a
REV-003740,PROD-A-00437,CUST-A-00341,5,Arrived on time and works perfectly.,2025-12-16,store-a
REV-003741,PROD-A-00268,CUST-A-01203,3,Decent product for everyday use.,2025-12-07,store-a
REV-003742,PB-00209,CB-01242,5,"Excellent value for money, highly recommend!",2024-02-22,store-b
REV-003743,PB-00113,CB-00382,3,Absolutely love it! Will buy again.,2024-06-20,store-b
REV-003744,PROD-A-00081,CUST-A-00150,1,"Perfect gift, the recipient loved it!",2024-07-15,store-a
REV-003745,PB-00292,CB-00864,2,"Okay for the price, gets the job done.",2025-12-04,store-b
REV-003746,PB-00109,CB-01120,2,Good but shipping was too slow.,2025-01-15,store-b
REV-003747,PROD-A-00419,CUST-A-01936,1,"Okay for the price, gets the job done.",2025-08-30,store-a
REV-003748,PB-00376,CB-00515,1,"Average product, nothing special.",2025-12-29,store-b
REV-003749,PB-00044,CB-00714,2,"Excellent value for money, highly recommend!",2024-05-17,store-b
REV-003750,PROD-A-00227,CUST-A-01797,2,Good but shipping was too slow.,2025-03-01,store-a
REV-003751,PB-00174,CB-00144,5,"Broke after two weeks, terrible quality.",2024-07-27,store-b
REV-003752,PB-00080,CB-00881,3,"Not as described, very disappointed.",2024-01-03,store-b
REV-003753,PROD-A-00043,CUST-A-00102,1,"Okay for the price, gets the job done.",2025-06-05,store-a
REV-003754,PROD-A-00395,CUST-A-00904,5,"Broke after two weeks, terrible quality.",2025-04-18,store-a
REV-003755,PB-00222,CB-00982,1,"Perfect gift, the recipient loved it!",2025-10-10,store-b
REV-003756,PB-00196,CB-00563,4,Best purchase I've made this year!,2024-08-19,store-b
REV-003757,PROD-A-00115,CUST-A-00800,2,Exceeded my expectations in every way.,2025-05-08,store-a
REV-003758,PROD-A-00314,CUST-A-01060,3,Good but shipping was too slow.,2024-07-22,store-a
REV-003759,PROD-A-00431,CUST-A-01054,5,Arrived on time and works perfectly.,2024-09-12,store-a
REV-003760,PROD-A-00410,CUST-A-01956,4,"Average product, nothing special.",2024-08-10,store-a
REV-003761,PROD-A-00469,CUST-A-00243,1,"Would not recommend, poor build quality.",2024-05-27,store-a
REV-003762,PROD-A-00077,CUST-A-01698,1,"Not as described, very disappointed.",2025-05-23,store-a
REV-003763,PROD-A-00017,CUST-A-00576,3,"Great product, exactly what I needed!",2025-05-24,store-a
REV-003764,PB-00176,CB-01062,4,"Okay for the price, gets the job done.",2024-06-22,store-b
REV-003765,PROD-A-00422,CUST-A-01953,2,"Would not recommend, poor build quality.",2024-04-25,store-a
REV-003766,PROD-A-00166,CUST-A-00635,4,Good but shipping was too slow.,2024-05-20,store-a
REV-003767,PROD-A-00176,CUST-A-01064,3,Good but shipping was too slow.,2024-01-25,store-a
REV-003768,PB-00249,CB-01041,1,Arrived on time and works perfectly.,2024-06-17,store-b
REV-003769,PROD-A-00376,CUST-A-01608,5,Exceeded my expectations in every way.,2025-06-16,store-a
REV-003770,PB-00314,CB-01245,3,"Average product, nothing special.",2024-05-30,store-b
REV-003771,PB-00019,CB-01277,5,"Broke after two weeks, terrible quality.",2025-01-08,store-b
REV-003772,PROD-A-00350,CUST-A-00576,4,"Would not recommend, poor build quality.",2024-12-21,store-a
REV-003773,PB-00212,CB-00621,1,"Not as described, very disappointed.",2024-06-11,store-b
REV-003774,PROD-A-00147,CUST-A-00887,3,"Excellent value for money, highly recommend!",2024-08-13,store-a
REV-003775,PB-00295,CB-00756,1,Arrived on time and works perfectly.,2025-06-19,store-b
REV-003776,PB-00314,CB-00929,5,Best purchase I've made this year!,2024-11-07,store-b
REV-003777,PROD-A-00263,CUST-A-00934,3,Exceeded my expectations in every way.,2025-09-02,store-a
REV-003778,PB-00135,CB-01263,1,"Broke after two weeks, terrible quality.",2025-03-01,store-b
REV-003779,PB-00253,CB-00583,4,Absolutely love it! Will buy again.,2025-11-24,store-b
REV-003780,PB-00377,CB-00626,5,"Not as described, very disappointed.",2025-01-24,store-b
REV-003781,PROD-A-00094,CUST-A-01949,5,"Perfect gift, the recipient loved it!",2024-01-30,store-a
REV-003782,PROD-A-00032,CUST-A-01369,1,"Okay for the price, gets the job done.",2024-04-24,store-a
REV-003783,PROD-A-00287,CUST-A-01870,2,Exceeded my expectations in every way.,2024-09-22,store-a
REV-003784,PB-00014,CB-00578,4,Good but shipping was too slow.,2024-03-18,store-b
REV-003785,PROD-A-00110,CUST-A-01207,3,Good but shipping was too slow.,2024-01-26,store-a
REV-003786,PROD-A-00295,CUST-A-00432,2,Good but shipping was too slow.,2024-08-13,store-a
REV-003787,PB-00262,CB-00948,5,"Excellent value for money, highly recommend!",2024-05-05,store-b
REV-003788,PROD-A-00191,CUST-A-01543,4,"Great product, exactly what I needed!",2025-02-09,store-a
REV-003789,PROD-A-00468,CUST-A-01914,2,Decent product for everyday use.,2024-10-04,store-a
REV-003790,PROD-A-00470,CUST-A-00926,2,"Broke after two weeks, terrible quality.",2025-05-19,store-a
REV-003791,PROD-A-00198,CUST-A-00017,4,"Excellent value for money, highly recommend!",2025-06-05,store-a
REV-003792,PROD-A-00179,CUST-A-00906,5,"Okay for the price, gets the job done.",2024-10-27,store-a
REV-003793,PB-00313,CB-00493,3,"Great product, exactly what I needed!",2024-06-22,store-b
REV-003794,PROD-A-00099,CUST-A-01833,2,Decent product for everyday use.,2024-12-30,store-a
REV-003795,PB-00040,CB-00426,4,"Perfect gift, the recipient loved it!",2025-10-29,store-b
REV-003796,PROD-A-00135,CUST-A-00152,3,Arrived on time and works perfectly.,2025-01-09,store-a
REV-003797,PB-00143,CB-00215,1,"Great product, exactly what I needed!",2025-01-25,store-b
REV-003798,PB-00257,CB-00680,2,"Great product, exactly what I needed!",2025-03-20,store-b
REV-003799,PB-00037,CB-00681,3,"Broke after two weeks, terrible quality.",2025-03-29,store-b
REV-003800,PB-00292,CB-00886,3,Good but shipping was too slow.,2025-05-29,store-b
REV-003801,PB-00333,CB-00499,4,"Average product, nothing special.",2024-02-26,store-b
REV-003802,PROD-A-00048,CUST-A-00267,4,"Okay for the price, gets the job done.",2024-06-05,store-a
REV-003803,PB-00164,CB-00886,3,"Excellent value for money, highly recommend!",2025-10-21,store-b
REV-003804,PB-00331,CB-01377,3,"Perfect gift, the recipient loved it!",2024-02-24,store-b
REV-003805,PB-00167,CB-01349,2,"Great product, exactly what I needed!",2025-07-16,store-b
REV-003806,PROD-A-00162,CUST-A-01596,4,Arrived on time and works perfectly.,2025-04-28,store-a
REV-003807,PB-00067,CB-00983,4,"Perfect gift, the recipient loved it!",2024-05-14,store-b
REV-003808,PROD-A-00451,CUST-A-01696,2,"Would not recommend, poor build quality.",2025-12-01,store-a
REV-003809,PB-00280,CB-01064,4,Decent product for everyday use.,2024-06-14,store-b
REV-003810,PB-00291,CB-01424,3,"Average product, nothing special.",2024-10-12,store-b
REV-003811,PROD-A-00379,CUST-A-01068,2,"Not as described, very disappointed.",2025-05-07,store-a
REV-003812,PROD-A-00283,CUST-A-00402,3,"Would not recommend, poor build quality.",2024-04-08,store-a
REV-003813,PROD-A-00259,CUST-A-00905,1,Good but shipping was too slow.,2024-12-04,store-a
REV-003814,PB-00116,CB-00016,5,Arrived on time and works perfectly.,2024-09-01,store-b
REV-003815,PB-00169,CB-01241,2,Exceeded my expectations in every way.,2024-02-26,store-b
REV-003816,PROD-A-00378,CUST-A-00949,4,Good but shipping was too slow.,2025-07-14,store-a
REV-003817,PROD-A-00212,CUST-A-00432,5,"Excellent value for money, highly recommend!",2024-05-04,store-a
REV-003818,PB-00228,CB-00601,2,"Would not recommend, poor build quality.",2024-02-21,store-b
REV-003819,PB-00129,CB-01342,5,"Not as described, very disappointed.",2024-02-06,store-b
REV-003820,PB-00397,CB-01401,5,Absolutely love it! Will buy again.,2025-11-15,store-b
REV-003821,PB-00353,CB-00022,4,Quality could be better for the price.,2024-04-29,store-b
REV-003822,PB-00103,CB-01023,4,"Excellent value for money, highly recommend!",2024-08-18,store-b
REV-003823,PROD-A-00246,CUST-A-00436,3,Good but shipping was too slow.,2024-05-05,store-a
REV-003824,PB-00241,CB-00020,3,"Would not recommend, poor build quality.",2024-11-10,store-b
REV-003825,PB-00304,CB-00921,1,Best purchase I've made this year!,2024-01-11,store-b
REV-003826,PB-00394,CB-01081,4,Quality could be better for the price.,2025-05-03,store-b
REV-003827,PROD-A-00246,CUST-A-00668,2,"Not as described, very disappointed.",2025-10-08,store-a
REV-003828,PROD-A-00087,CUST-A-00895,3,Good but shipping was too slow.,2024-11-13,store-a
REV-003829,PB-00080,CB-00999,3,"Would not recommend, poor build quality.",2025-07-14,store-b
REV-003830,PB-00138,CB-01464,1,"Perfect gift, the recipient loved it!",2024-04-13,store-b
REV-003831,PROD-A-00134,CUST-A-00632,3,"Would not recommend, poor build quality.",2024-01-16,store-a
REV-003832,PROD-A-00261,CUST-A-00989,4,Good but shipping was too slow.,2024-11-03,store-a
REV-003833,PROD-A-00304,CUST-A-00672,1,Quality could be better for the price.,2025-10-16,store-a
REV-003834,PROD-A-00426,CUST-A-01232,1,Quality could be better for the price.,2024-02-12,store-a
REV-003835,PB-00357,CB-00234,5,"Would not recommend, poor build quality.",2025-10-25,store-b
REV-003836,PROD-A-00419,CUST-A-00525,1,Arrived on time and works perfectly.,2025-06-13,store-a
REV-003837,PB-00330,CB-00479,5,"Broke after two weeks, terrible quality.",2025-05-18,store-b
REV-003838,PB-00087,CB-01217,4,Decent product for everyday use.,2025-07-19,store-b
REV-003839,PROD-A-00153,CUST-A-00484,1,"Excellent value for money, highly recommend!",2024-07-14,store-a
REV-003840,PROD-A-00370,CUST-A-00764,3,Exceeded my expectations in every way.,2025-05-30,store-a
REV-003841,PROD-A-00042,CUST-A-00282,2,"Great product, exactly what I needed!",2024-02-22,store-a
REV-003842,PB-00234,CB-00660,3,"Okay for the price, gets the job done.",2024-10-14,store-b
REV-003843,PROD-A-00470,CUST-A-01139,2,Absolutely love it! Will buy again.,2025-10-22,store-a
REV-003844,PROD-A-00375,CUST-A-01697,2,"Great product, exactly what I needed!",2025-12-20,store-a
REV-003845,PROD-A-00078,CUST-A-00719,5,Exceeded my expectations in every way.,2025-02-16,store-a
REV-003846,PROD-A-00132,CUST-A-00528,2,Decent product for everyday use.,2025-02-12,store-a
REV-003847,PROD-A-00073,CUST-A-01035,2,"Excellent value for money, highly recommend!",2025-07-08,store-a
REV-003848,PB-00144,CB-00687,4,Good but shipping was too slow.,2025-05-27,store-b
REV-003849,PROD-A-00364,CUST-A-00660,3,Exceeded my expectations in every way.,2024-10-07,store-a
REV-003850,PB-00120,CB-00318,2,"Not as described, very disappointed.",2025-02-22,store-b
REV-003851,PROD-A-00151,CUST-A-00398,3,"Great product, exactly what I needed!",2024-08-21,store-a
REV-003852,PROD-A-00136,CUST-A-00299,1,Exceeded my expectations in every way.,2024-02-12,store-a
REV-003853,PB-00174,CB-01486,1,Arrived on time and works perfectly.,2024-09-24,store-b
REV-003854,PB-00274,CB-00049,5,"Would not recommend, poor build quality.",2024-10-19,store-b
REV-003855,PB-00127,CB-00021,2,Good but shipping was too slow.,2024-10-06,store-b
REV-003856,PROD-A-00296,CUST-A-01559,1,"Average product, nothing special.",2025-09-17,store-a
REV-003857,PB-00136,CB-01246,2,"Broke after two weeks, terrible quality.",2025-05-06,store-b
REV-003858,PROD-A-00155,CUST-A-00124,2,Absolutely love it! Will buy again.,2024-06-10,store-a
REV-003859,PROD-A-00332,CUST-A-01552,2,Good but shipping was too slow.,2025-07-11,store-a
REV-003860,PROD-A-00169,CUST-A-01172,4,"Would not recommend, poor build quality.",2025-10-05,store-a
REV-003861,PROD-A-00380,CUST-A-01843,3,"Excellent value for money, highly recommend!",2025-12-01,store-a
REV-003862,PROD-A-00189,CUST-A-00718,3,"Perfect gift, the recipient loved it!",2024-08-08,store-a
REV-003863,PB-00253,CB-01062,2,Absolutely love it! Will buy again.,2025-01-24,store-b
REV-003864,PB-00289,CB-01010,4,Quality could be better for the price.,2025-02-08,store-b
REV-003865,PROD-A-00332,CUST-A-00437,4,"Excellent value for money, highly recommend!",2025-12-09,store-a
REV-003866,PROD-A-00098,CUST-A-00962,1,"Average product, nothing special.",2024-01-17,store-a
REV-003867,PB-00022,CB-00107,5,Good but shipping was too slow.,2025-10-29,store-b
REV-003868,PB-00089,CB-00346,5,"Great product, exactly what I needed!",2025-08-21,store-b
REV-003869,PB-00225,CB-00689,1,Good but shipping was too slow.,2024-05-13,store-b
REV-003870,PB-00093,CB-01450,4,Arrived on time and works perfectly.,2025-05-23,store-b
REV-003871,PB-00189,CB-00986,4,"Great product, exactly what I needed!",2025-09-30,store-b
REV-003872,PROD-A-00158,CUST-A-01920,2,Best purchase I've made this year!,2024-12-10,store-a
REV-003873,PB-00382,CB-01128,4,Best purchase I've made this year!,2024-12-23,store-b
REV-003874,PROD-A-00386,CUST-A-00018,4,Absolutely love it! Will buy again.,2025-10-12,store-a
REV-003875,PROD-A-00250,CUST-A-01252,2,Decent product for everyday use.,2025-04-08,store-a
REV-003876,PB-00127,CB-00400,1,Exceeded my expectations in every way.,2025-08-26,store-b
REV-003877,PB-00255,CB-00904,4,"Broke after two weeks, terrible quality.",2025-04-01,store-b
REV-003878,PROD-A-00275,CUST-A-00996,4,"Not as described, very disappointed.",2025-11-14,store-a
REV-003879,PROD-A-00447,CUST-A-00557,3,Best purchase I've made this year!,2024-04-17,store-a
REV-003880,PROD-A-00050,CUST-A-00558,3,"Average product, nothing special.",2025-08-01,store-a
REV-003881,PB-00072,CB-01006,5,"Excellent value for money, highly recommend!",2024-12-27,store-b
REV-003882,PB-00326,CB-00284,4,Best purchase I've made this year!,2025-02-12,store-b
REV-003883,PB-00286,CB-00963,5,"Okay for the price, gets the job done.",2024-10-27,store-b
REV-003884,PROD-A-00298,CUST-A-00620,1,Good but shipping was too slow.,2024-07-14,store-a
REV-003885,PB-00198,CB-00045,1,"Not as described, very disappointed.",2024-07-08,store-b
REV-003886,PROD-A-00060,CUST-A-01434,5,Quality could be better for the price.,2024-02-17,store-a
REV-003887,PROD-A-00224,CUST-A-01438,5,"Perfect gift, the recipient loved it!",2025-03-15,store-a
REV-003888,PROD-A-00213,CUST-A-01621,1,"Not as described, very disappointed.",2024-01-26,store-a
REV-003889,PB-00190,CB-00856,5,"Okay for the price, gets the job done.",2025-11-08,store-b
REV-003890,PB-00256,CB-01102,2,"Okay for the price, gets the job done.",2025-02-18,store-b
REV-003891,PB-00263,CB-00278,3,"Excellent value for money, highly recommend!",2025-05-22,store-b
REV-003892,PROD-A-00100,CUST-A-00318,4,"Would not recommend, poor build quality.",2025-11-21,store-a
REV-003893,PB-00312,CB-00194,3,"Perfect gift, the recipient loved it!",2025-08-31,store-b
REV-003894,PB-00338,CB-00428,3,"Great product, exactly what I needed!",2025-07-24,store-b
REV-003895,PROD-A-00439,CUST-A-00453,1,Decent product for everyday use.,2025-06-18,store-a
REV-003896,PB-00182,CB-01113,1,"Not as described, very disappointed.",2025-11-11,store-b
REV-003897,PB-00212,CB-01434,1,Decent product for everyday use.,2024-02-24,store-b
REV-003898,PB-00148,CB-01443,1,Quality could be better for the price.,2024-07-18,store-b
REV-003899,PROD-A-00054,CUST-A-01511,4,"Great product, exactly what I needed!",2024-11-25,store-a
REV-003900,PB-00290,CB-00137,3,"Great product, exactly what I needed!",2024-07-23,store-b
REV-003901,PROD-A-00238,CUST-A-00523,5,"Perfect gift, the recipient loved it!",2025-10-21,store-a
REV-003902,PROD-A-00386,CUST-A-00340,2,"Perfect gift, the recipient loved it!",2024-04-19,store-a
REV-003903,PB-00012,CB-00898,3,"Not as described, very disappointed.",2025-12-10,store-b
REV-003904,PB-00341,CB-01205,3,"Broke after two weeks, terrible quality.",2024-02-11,store-b
REV-003905,PROD-A-00225,CUST-A-00940,3,Arrived on time and works perfectly.,2025-09-08,store-a
REV-003906,PROD-A-00489,CUST-A-01339,3,Best purchase I've made this year!,2025-09-29,store-a
REV-003907,PROD-A-00172,CUST-A-01846,2,Absolutely love it! Will buy again.,2025-04-19,store-a
REV-003908,PB-00229,CB-00425,1,"Perfect gift, the recipient loved it!",2025-04-21,store-b
REV-003909,PROD-A-00065,CUST-A-01805,5,Best purchase I've made this year!,2024-10-25,store-a
REV-003910,PB-00368,CB-00699,5,"Excellent value for money, highly recommend!",2024-06-18,store-b
REV-003911,PB-00211,CB-00804,3,"Not as described, very disappointed.",2024-01-18,store-b
REV-003912,PB-00330,CB-01249,3,"Perfect gift, the recipient loved it!",2025-06-01,store-b
REV-003913,PROD-A-00201,CUST-A-00129,2,"Broke after two weeks, terrible quality.",2024-10-19,store-a
REV-003914,PB-00374,CB-00686,1,"Okay for the price, gets the job done.",2024-07-22,store-b
REV-003915,PROD-A-00061,CUST-A-01609,3,Good but shipping was too slow.,2024-06-18,store-a
REV-003916,PROD-A-00494,CUST-A-01295,1,"Broke after two weeks, terrible quality.",2025-03-07,store-a
REV-003917,PROD-A-00162,CUST-A-01025,2,"Average product, nothing special.",2025-08-10,store-a
REV-003918,PROD-A-00463,CUST-A-01395,2,"Broke after two weeks, terrible quality.",2025-06-12,store-a
REV-003919,PROD-A-00443,CUST-A-00865,4,Quality could be better for the price.,2024-10-13,store-a
REV-003920,PROD-A-00359,CUST-A-01784,3,Exceeded my expectations in every way.,2024-12-09,store-a
REV-003921,PROD-A-00446,CUST-A-01738,3,Best purchase I've made this year!,2025-10-20,store-a
REV-003922,PB-00290,CB-01213,2,"Broke after two weeks, terrible quality.",2025-12-04,store-b
REV-003923,PROD-A-00310,CUST-A-01535,1,Quality could be better for the price.,2024-06-27,store-a
REV-003924,PROD-A-00371,CUST-A-00745,3,Absolutely love it! Will buy again.,2025-08-15,store-a
REV-003925,PB-00194,CB-01095,1,"Broke after two weeks, terrible quality.",2024-12-26,store-b
REV-003926,PB-00374,CB-01440,5,"Would not recommend, poor build quality.",2024-11-29,store-b
REV-003927,PROD-A-00199,CUST-A-00516,2,"Okay for the price, gets the job done.",2025-03-03,store-a
REV-003928,PROD-A-00119,CUST-A-00802,3,"Perfect gift, the recipient loved it!",2024-04-24,store-a
REV-003929,PB-00383,CB-00300,2,Best purchase I've made this year!,2025-01-02,store-b
REV-003930,PROD-A-00236,CUST-A-00424,1,"Great product, exactly what I needed!",2025-07-15,store-a
REV-003931,PB-00108,CB-00703,1,"Broke after two weeks, terrible quality.",2025-05-13,store-b
REV-003932,PROD-A-00292,CUST-A-00693,3,"Okay for the price, gets the job done.",2025-05-25,store-a
REV-003933,PROD-A-00345,CUST-A-00964,2,"Perfect gift, the recipient loved it!",2024-11-20,store-a
REV-003934,PB-00041,CB-00685,1,"Not as described, very disappointed.",2025-05-25,store-b
REV-003935,PROD-A-00426,CUST-A-00380,5,"Would not recommend, poor build quality.",2024-11-30,store-a
REV-003936,PROD-A-00379,CUST-A-00308,2,Best purchase I've made this year!,2025-02-02,store-a
REV-003937,PB-00325,CB-01213,4,Good but shipping was too slow.,2025-07-27,store-b
REV-003938,PB-00169,CB-01074,4,"Broke after two weeks, terrible quality.",2024-12-19,store-b
REV-003939,PROD-A-00256,CUST-A-00773,5,Good but shipping was too slow.,2025-12-12,store-a
REV-003940,PB-00247,CB-00093,5,"Great product, exactly what I needed!",2024-03-04,store-b
REV-003941,PB-00075,CB-00456,1,Good but shipping was too slow.,2024-01-01,store-b
REV-003942,PB-00242,CB-00150,2,"Great product, exactly what I needed!",2025-06-03,store-b
REV-003943,PROD-A-00113,CUST-A-00112,1,"Broke after two weeks, terrible quality.",2025-11-09,store-a
REV-003944,PB-00156,CB-00911,4,"Not as described, very disappointed.",2025-09-20,store-b
REV-003945,PROD-A-00034,CUST-A-00892,5,"Great product, exactly what I needed!",2024-12-22,store-a
REV-003946,PROD-A-00334,CUST-A-01713,4,"Perfect gift, the recipient loved it!",2024-05-19,store-a
REV-003947,PROD-A-00183,CUST-A-00843,1,"Broke after two weeks, terrible quality.",2024-07-15,store-a
REV-003948,PROD-A-00220,CUST-A-00363,5,"Perfect gift, the recipient loved it!",2025-09-27,store-a
REV-003949,PROD-A-00239,CUST-A-01720,1,"Great product, exactly what I needed!",2025-01-11,store-a
REV-003950,PROD-A-00446,CUST-A-00326,3,"Great product, exactly what I needed!",2024-05-07,store-a
REV-003951,PB-00290,CB-00247,4,Exceeded my expectations in every way.,2024-10-28,store-b
REV-003952,PB-00308,CB-00456,5,"Okay for the price, gets the job done.",2025-02-22,store-b
REV-003953,PROD-A-00042,CUST-A-01432,2,"Great product, exactly what I needed!",2025-06-11,store-a
REV-003954,PROD-A-00350,CUST-A-01259,2,Exceeded my expectations in every way.,2025-09-02,store-a
REV-003955,PROD-A-00087,CUST-A-00738,2,"Okay for the price, gets the job done.",2025-09-04,store-a
REV-003956,PROD-A-00447,CUST-A-01763,3,Best purchase I've made this year!,2024-11-14,store-a
REV-003957,PB-00163,CB-00447,3,Decent product for everyday use.,2025-11-07,store-b
REV-003958,PB-00351,CB-00381,5,"Broke after two weeks, terrible quality.",2025-05-14,store-b
REV-003959,PROD-A-00067,CUST-A-01732,5,Decent product for everyday use.,2025-12-23,store-a
REV-003960,PROD-A-00471,CUST-A-01712,2,Arrived on time and works perfectly.,2024-12-05,store-a
REV-003961,PB-00228,CB-01381,2,"Not as described, very disappointed.",2025-02-12,store-b
REV-003962,PROD-A-00014,CUST-A-01440,4,Absolutely love it! Will buy again.,2024-12-07,store-a
REV-003963,PROD-A-00387,CUST-A-01332,2,Best purchase I've made this year!,2025-05-26,store-a
REV-003964,PB-00074,CB-00769,4,"Average product, nothing special.",2025-04-02,store-b
REV-003965,PROD-A-00125,CUST-A-01319,4,Exceeded my expectations in every way.,2025-11-28,store-a
REV-003966,PROD-A-00006,CUST-A-00807,5,"Would not recommend, poor build quality.",2025-07-20,store-a
REV-003967,PB-00292,CB-01202,4,Absolutely love it! Will buy again.,2025-05-09,store-b
REV-003968,PROD-A-00308,CUST-A-01931,3,"Would not recommend, poor build quality.",2025-10-24,store-a
REV-003969,PB-00249,CB-01135,2,Quality could be better for the price.,2025-12-21,store-b
REV-003970,PB-00255,CB-00306,1,"Broke after two weeks, terrible quality.",2025-02-19,store-b
REV-003971,PROD-A-00102,CUST-A-00911,3,Absolutely love it! Will buy again.,2025-12-25,store-a
REV-003972,PROD-A-00211,CUST-A-01442,3,Exceeded my expectations in every way.,2024-08-02,store-a
REV-003973,PROD-A-00482,CUST-A-01718,5,"Okay for the price, gets the job done.",2024-12-27,store-a
REV-003974,PROD-A-00475,CUST-A-01624,5,Arrived on time and works perfectly.,2025-03-09,store-a
REV-003975,PB-00331,CB-00569,4,"Not as described, very disappointed.",2024-06-30,store-b
REV-003976,PROD-A-00056,CUST-A-00264,4,"Great product, exactly what I needed!",2024-04-22,store-a
REV-003977,PROD-A-00356,CUST-A-01095,5,Good but shipping was too slow.,2025-05-26,store-a
REV-003978,PROD-A-00316,CUST-A-00443,4,"Would not recommend, poor build quality.",2024-04-05,store-a
REV-003979,PB-00284,CB-00562,4,"Great product, exactly what I needed!",2025-01-07,store-b
REV-003980,PROD-A-00382,CUST-A-00289,5,Good but shipping was too slow.,2024-04-07,store-a
REV-003981,PROD-A-00474,CUST-A-00445,2,"Not as described, very disappointed.",2024-12-05,store-a
REV-003982,PROD-A-00176,CUST-A-00486,2,Decent product for everyday use.,2025-07-14,store-a
REV-003983,PROD-A-00259,CUST-A-00546,4,Decent product for everyday use.,2024-10-10,store-a
REV-003984,PB-00340,CB-00399,1,"Would not recommend, poor build quality.",2025-12-15,store-b
REV-003985,PB-00190,CB-00912,2,"Broke after two weeks, terrible quality.",2025-03-26,store-b
REV-003986,PROD-A-00397,CUST-A-01301,4,"Excellent value for money, highly recommend!",2024-09-03,store-a
REV-003987,PB-00203,CB-00508,4,"Not as described, very disappointed.",2025-09-10,store-b
REV-003988,PB-00172,CB-00983,4,Good but shipping was too slow.,2024-04-21,store-b
REV-003989,PROD-A-00020,CUST-A-00701,2,Exceeded my expectations in every way.,2024-07-23,store-a
REV-003990,PROD-A-00345,CUST-A-01350,4,"Average product, nothing special.",2024-10-05,store-a
REV-003991,PROD-A-00200,CUST-A-00183,3,Exceeded my expectations in every way.,2025-07-18,store-a
REV-003992,PB-00062,CB-01400,5,"Would not recommend, poor build quality.",2024-08-26,store-b
REV-003993,PB-00048,CB-00293,3,"Broke after two weeks, terrible quality.",2025-07-10,store-b
REV-003994,PB-00250,CB-00366,1,"Average product, nothing special.",2025-04-09,store-b
REV-003995,PROD-A-00237,CUST-A-01865,2,"Excellent value for money, highly recommend!",2024-09-02,store-a
REV-003996,PB-00375,CB-00258,4,"Perfect gift, the recipient loved it!",2024-12-16,store-b
REV-003997,PROD-A-00405,CUST-A-01599,5,"Not as described, very disappointed.",2024-02-07,store-a
REV-003998,PROD-A-00278,CUST-A-01438,5,"Okay for the price, gets the job done.",2025-01-18,store-a
REV-003999,PROD-A-00123,CUST-A-00456,1,Quality could be better for the price.,2024-11-09,store-a
REV-004000,PB-00126,CB-01043,5,"Average product, nothing special.",2024-05-01,store-b
REV-004001,PROD-A-00332,CUST-A-00004,1,Arrived on time and works perfectly.,2025-10-09,store-a
REV-004002,PB-00145,CB-00248,4,"Broke after two weeks, terrible quality.",2024-08-04,store-b
REV-004003,PROD-A-00498,CUST-A-00420,2,Exceeded my expectations in every way.,2024-08-23,store-a
REV-004004,PB-00037,CB-01406,1,"Excellent value for money, highly recommend!",2025-03-27,store-b
REV-004005,PB-00326,CB-00654,1,"Broke after two weeks, terrible quality.",2024-07-07,store-b
REV-004006,PB-00203,CB-00205,3,"Broke after two weeks, terrible quality.",2025-03-13,store-b
REV-004007,PROD-A-00266,CUST-A-00363,4,"Great product, exactly what I needed!",2025-07-23,store-a
REV-004008,PB-00368,CB-01019,5,"Broke after two weeks, terrible quality.",2024-03-03,store-b
REV-004009,PROD-A-00356,CUST-A-00205,3,"Broke after two weeks, terrible quality.",2025-11-20,store-a
REV-004010,PROD-A-00033,CUST-A-00043,1,"Great product, exactly what I needed!",2025-03-07,store-a
REV-004011,PB-00068,CB-01393,2,Best purchase I've made this year!,2025-08-11,store-b
REV-004012,PROD-A-00262,CUST-A-01019,2,"Would not recommend, poor build quality.",2024-08-12,store-a
REV-004013,PB-00125,CB-01483,1,Arrived on time and works perfectly.,2025-10-03,store-b
REV-004014,PROD-A-00166,CUST-A-00847,4,Exceeded my expectations in every way.,2025-08-10,store-a
REV-004015,PROD-A-00459,CUST-A-00022,2,Exceeded my expectations in every way.,2025-02-19,store-a
REV-004016,PROD-A-00046,CUST-A-01592,2,Absolutely love it! Will buy again.,2025-02-19,store-a
REV-004017,PROD-A-00263,CUST-A-01297,4,Good but shipping was too slow.,2025-08-23,store-a
REV-004018,PB-00227,CB-00180,1,Arrived on time and works perfectly.,2025-01-14,store-b
REV-004019,PROD-A-00237,CUST-A-00865,3,"Broke after two weeks, terrible quality.",2024-12-26,store-a
REV-004020,PROD-A-00107,CUST-A-01003,4,Good but shipping was too slow.,2024-12-26,store-a
REV-004021,PB-00112,CB-00444,2,Exceeded my expectations in every way.,2024-06-09,store-b
REV-004022,PB-00166,CB-01421,1,"Excellent value for money, highly recommend!",2024-07-15,store-b
REV-004023,PROD-A-00433,CUST-A-01819,4,"Okay for the price, gets the job done.",2024-10-20,store-a
REV-004024,PB-00123,CB-00978,1,Good but shipping was too slow.,2024-10-14,store-b
REV-004025,PB-00174,CB-01347,4,"Okay for the price, gets the job done.",2025-03-18,store-b
REV-004026,PROD-A-00038,CUST-A-01279,2,Arrived on time and works perfectly.,2024-07-28,store-a
REV-004027,PROD-A-00037,CUST-A-01587,4,Decent product for everyday use.,2024-10-06,store-a
REV-004028,PB-00204,CB-01481,4,Decent product for everyday use.,2025-10-23,store-b
REV-004029,PB-00168,CB-00833,1,Good but shipping was too slow.,2024-03-18,store-b
REV-004030,PB-00362,CB-01198,4,"Not as described, very disappointed.",2025-06-26,store-b
REV-004031,PB-00374,CB-00774,1,Quality could be better for the price.,2024-03-18,store-b
REV-004032,PB-00318,CB-00783,1,"Okay for the price, gets the job done.",2024-04-23,store-b
REV-004033,PROD-A-00475,CUST-A-00271,2,"Okay for the price, gets the job done.",2025-04-05,store-a
REV-004034,PROD-A-00218,CUST-A-00603,2,"Broke after two weeks, terrible quality.",2025-04-24,store-a
REV-004035,PB-00252,CB-00661,2,"Perfect gift, the recipient loved it!",2025-11-16,store-b
REV-004036,PB-00199,CB-00447,3,"Great product, exactly what I needed!",2025-01-18,store-b
REV-004037,PROD-A-00289,CUST-A-01392,4,Exceeded my expectations in every way.,2025-03-22,store-a
REV-004038,PROD-A-00082,CUST-A-00701,3,"Not as described, very disappointed.",2024-08-25,store-a
REV-004039,PB-00366,CB-00795,1,"Okay for the price, gets the job done.",2025-02-05,store-b
REV-004040,PROD-A-00442,CUST-A-00276,4,Exceeded my expectations in every way.,2025-08-04,store-a
REV-004041,PROD-A-00388,CUST-A-00825,5,Good but shipping was too slow.,2025-11-17,store-a
REV-004042,PROD-A-00289,CUST-A-00369,4,"Perfect gift, the recipient loved it!",2025-01-30,store-a
REV-004043,PB-00052,CB-00089,3,"Not as described, very disappointed.",2024-12-10,store-b
REV-004044,PROD-A-00385,CUST-A-00441,3,Arrived on time and works perfectly.,2024-10-11,store-a
REV-004045,PB-00119,CB-01207,1,Absolutely love it! Will buy again.,2024-07-26,store-b
REV-004046,PROD-A-00459,CUST-A-00094,2,"Excellent value for money, highly recommend!",2024-03-13,store-a
REV-004047,PROD-A-00015,CUST-A-00928,2,Quality could be better for the price.,2025-03-20,store-a
REV-004048,PROD-A-00339,CUST-A-01836,3,Best purchase I've made this year!,2024-05-25,store-a
REV-004049,PROD-A-00454,CUST-A-00419,4,Exceeded my expectations in every way.,2024-10-17,store-a
REV-004050,PB-00086,CB-00484,5,"Broke after two weeks, terrible quality.",2024-03-09,store-b
REV-004051,PROD-A-00032,CUST-A-00409,5,"Excellent value for money, highly recommend!",2024-09-03,store-a
REV-004052,PB-00240,CB-00039,5,Absolutely love it! Will buy again.,2024-09-29,store-b
REV-004053,PROD-A-00119,CUST-A-01269,1,"Great product, exactly what I needed!",2025-09-10,store-a
REV-004054,PB-00355,CB-00032,5,Decent product for everyday use.,2024-03-24,store-b
REV-004055,PB-00270,CB-00399,1,"Average product, nothing special.",2024-10-28,store-b
REV-004056,PROD-A-00238,CUST-A-00259,4,Decent product for everyday use.,2024-11-17,store-a
REV-004057,PB-00224,CB-01186,5,Absolutely love it! Will buy again.,2025-05-18,store-b
REV-004058,PB-00392,CB-00952,5,"Perfect gift, the recipient loved it!",2024-12-27,store-b
REV-004059,PB-00058,CB-00256,2,"Not as described, very disappointed.",2024-08-18,store-b
REV-004060,PROD-A-00298,CUST-A-00391,5,"Great product, exactly what I needed!",2025-12-11,store-a
REV-004061,PROD-A-00178,CUST-A-01405,3,"Average product, nothing special.",2024-05-24,store-a
REV-004062,PB-00368,CB-00980,3,"Average product, nothing special.",2025-05-03,store-b
REV-004063,PROD-A-00078,CUST-A-01522,4,Decent product for everyday use.,2024-09-10,store-a
REV-004064,PROD-A-00029,CUST-A-01789,1,"Great product, exactly what I needed!",2025-07-05,store-a
REV-004065,PROD-A-00067,CUST-A-00417,5,Exceeded my expectations in every way.,2025-08-28,store-a
REV-004066,PROD-A-00138,CUST-A-00362,4,Decent product for everyday use.,2024-10-22,store-a
REV-004067,PB-00274,CB-00522,4,"Excellent value for money, highly recommend!",2025-04-29,store-b
REV-004068,PB-00059,CB-00936,5,"Would not recommend, poor build quality.",2025-05-18,store-b
REV-004069,PROD-A-00065,CUST-A-00363,5,"Excellent value for money, highly recommend!",2025-01-24,store-a
REV-004070,PROD-A-00187,CUST-A-00530,1,"Not as described, very disappointed.",2024-07-14,store-a
REV-004071,PB-00271,CB-00534,4,"Excellent value for money, highly recommend!",2024-05-17,store-b
REV-004072,PROD-A-00160,CUST-A-01574,1,"Broke after two weeks, terrible quality.",2024-01-28,store-a
REV-004073,PB-00318,CB-00877,4,"Average product, nothing special.",2025-04-11,store-b
REV-004074,PROD-A-00435,CUST-A-00952,3,"Would not recommend, poor build quality.",2025-06-26,store-a
REV-004075,PROD-A-00152,CUST-A-01410,3,"Broke after two weeks, terrible quality.",2025-02-13,store-a
REV-004076,PROD-A-00090,CUST-A-01291,1,"Excellent value for money, highly recommend!",2025-10-28,store-a
REV-004077,PB-00368,CB-00174,4,"Broke after two weeks, terrible quality.",2024-05-04,store-b
REV-004078,PB-00316,CB-00042,3,"Okay for the price, gets the job done.",2024-01-03,store-b
REV-004079,PROD-A-00403,CUST-A-01983,4,"Broke after two weeks, terrible quality.",2024-12-25,store-a
REV-004080,PB-00114,CB-00495,4,"Not as described, very disappointed.",2024-12-21,store-b
REV-004081,PB-00281,CB-00313,3,"Broke after two weeks, terrible quality.",2024-12-22,store-b
REV-004082,PROD-A-00117,CUST-A-01652,5,"Not as described, very disappointed.",2025-10-29,store-a
REV-004083,PROD-A-00268,CUST-A-00326,1,"Not as described, very disappointed.",2024-10-01,store-a
REV-004084,PROD-A-00299,CUST-A-00301,3,"Perfect gift, the recipient loved it!",2024-01-09,store-a
REV-004085,PROD-A-00006,CUST-A-01434,3,Decent product for everyday use.,2025-07-18,store-a
REV-004086,PB-00308,CB-00631,5,Absolutely love it! Will buy again.,2024-07-04,store-b
REV-004087,PB-00233,CB-01353,2,"Okay for the price, gets the job done.",2024-06-29,store-b
REV-004088,PB-00086,CB-01038,1,"Excellent value for money, highly recommend!",2025-10-14,store-b
REV-004089,PB-00380,CB-01124,2,Decent product for everyday use.,2024-10-19,store-b
REV-004090,PROD-A-00438,CUST-A-00357,1,"Not as described, very disappointed.",2024-01-07,store-a
REV-004091,PB-00269,CB-00737,4,"Broke after two weeks, terrible quality.",2024-01-29,store-b
REV-004092,PROD-A-00070,CUST-A-00325,4,"Broke after two weeks, terrible quality.",2024-02-09,store-a
REV-004093,PROD-A-00492,CUST-A-00087,4,"Would not recommend, poor build quality.",2024-01-29,store-a
REV-004094,PB-00128,CB-01036,5,"Not as described, very disappointed.",2024-03-06,store-b
REV-004095,PROD-A-00102,CUST-A-01054,3,Arrived on time and works perfectly.,2025-11-18,store-a
REV-004096,PB-00244,CB-00668,1,"Okay for the price, gets the job done.",2024-02-22,store-b
REV-004097,PROD-A-00223,CUST-A-00862,2,Good but shipping was too slow.,2025-03-03,store-a
REV-004098,PB-00018,CB-01483,1,"Okay for the price, gets the job done.",2024-04-04,store-b
REV-004099,PB-00265,CB-01109,5,"Average product, nothing special.",2025-07-16,store-b
REV-004100,PB-00199,CB-01145,1,"Okay for the price, gets the job done.",2025-04-27,store-b
REV-004101,PB-00098,CB-00670,1,"Excellent value for money, highly recommend!",2024-11-09,store-b
REV-004102,PROD-A-00415,CUST-A-01900,2,Arrived on time and works perfectly.,2025-07-17,store-a
REV-004103,PROD-A-00114,CUST-A-01427,4,Exceeded my expectations in every way.,2024-06-20,store-a
REV-004104,PB-00019,CB-00786,2,"Broke after two weeks, terrible quality.",2025-05-30,store-b
REV-004105,PROD-A-00059,CUST-A-00282,5,"Okay for the price, gets the job done.",2024-03-31,store-a
REV-004106,PROD-A-00422,CUST-A-01143,1,"Great product, exactly what I needed!",2025-10-29,store-a
REV-004107,PROD-A-00284,CUST-A-01032,3,Good but shipping was too slow.,2024-01-10,store-a
REV-004108,PROD-A-00498,CUST-A-01850,1,"Not as described, very disappointed.",2024-06-17,store-a
REV-004109,PB-00303,CB-00787,2,Best purchase I've made this year!,2025-05-08,store-b
REV-004110,PB-00106,CB-00504,1,"Not as described, very disappointed.",2024-11-11,store-b
REV-004111,PROD-A-00100,CUST-A-01121,3,"Perfect gift, the recipient loved it!",2024-06-02,store-a
REV-004112,PROD-A-00128,CUST-A-01074,1,Good but shipping was too slow.,2025-12-14,store-a
REV-004113,PROD-A-00139,CUST-A-00029,3,"Excellent value for money, highly recommend!",2025-01-05,store-a
REV-004114,PROD-A-00088,CUST-A-01767,1,"Excellent value for money, highly recommend!",2025-07-02,store-a
REV-004115,PROD-A-00429,CUST-A-01157,3,"Average product, nothing special.",2025-07-07,store-a
REV-004116,PROD-A-00008,CUST-A-01140,4,"Perfect gift, the recipient loved it!",2025-02-12,store-a
REV-004117,PROD-A-00414,CUST-A-00103,4,Absolutely love it! Will buy again.,2025-04-20,store-a
REV-004118,PB-00014,CB-01481,3,"Broke after two weeks, terrible quality.",2024-09-03,store-b
REV-004119,PB-00395,CB-00369,3,Absolutely love it! Will buy again.,2024-10-22,store-b
REV-004120,PB-00176,CB-00009,5,Absolutely love it! Will buy again.,2024-01-16,store-b
REV-004121,PROD-A-00434,CUST-A-00885,4,Decent product for everyday use.,2024-08-05,store-a
REV-004122,PROD-A-00304,CUST-A-01568,4,"Great product, exactly what I needed!",2024-03-24,store-a
REV-004123,PROD-A-00154,CUST-A-01968,5,"Great product, exactly what I needed!",2025-12-12,store-a
REV-004124,PROD-A-00013,CUST-A-00788,1,Absolutely love it! Will buy again.,2025-03-29,store-a
REV-004125,PROD-A-00367,CUST-A-01111,4,"Great product, exactly what I needed!",2025-10-13,store-a
REV-004126,PROD-A-00287,CUST-A-00900,2,Decent product for everyday use.,2025-02-05,store-a
REV-004127,PB-00067,CB-00286,3,"Excellent value for money, highly recommend!",2024-11-29,store-b
REV-004128,PROD-A-00445,CUST-A-01928,1,Decent product for everyday use.,2025-07-17,store-a
REV-004129,PROD-A-00078,CUST-A-01446,2,"Great product, exactly what I needed!",2024-01-12,store-a
REV-004130,PB-00075,CB-01090,2,"Broke after two weeks, terrible quality.",2024-02-02,store-b
REV-004131,PB-00389,CB-00982,5,"Excellent value for money, highly recommend!",2024-08-25,store-b
REV-004132,PROD-A-00226,CUST-A-00170,5,Exceeded my expectations in every way.,2025-09-24,store-a
REV-004133,PROD-A-00313,CUST-A-01763,3,"Excellent value for money, highly recommend!",2025-03-05,store-a
REV-004134,PROD-A-00180,CUST-A-00139,5,Arrived on time and works perfectly.,2024-08-26,store-a
REV-004135,PB-00239,CB-00813,4,Best purchase I've made this year!,2024-09-21,store-b
REV-004136,PROD-A-00389,CUST-A-01629,3,Decent product for everyday use.,2025-11-06,store-a
REV-004137,PB-00029,CB-00865,5,"Would not recommend, poor build quality.",2024-12-24,store-b
REV-004138,PROD-A-00284,CUST-A-00662,5,"Would not recommend, poor build quality.",2025-06-07,store-a
REV-004139,PROD-A-00319,CUST-A-01363,2,Arrived on time and works perfectly.,2024-12-05,store-a
REV-004140,PB-00084,CB-00905,5,"Perfect gift, the recipient loved it!",2024-11-29,store-b
REV-004141,PROD-A-00111,CUST-A-00275,4,Exceeded my expectations in every way.,2024-08-16,store-a
REV-004142,PB-00114,CB-00053,5,Decent product for everyday use.,2024-12-26,store-b
REV-004143,PB-00307,CB-00485,2,Arrived on time and works perfectly.,2025-10-22,store-b
REV-004144,PROD-A-00434,CUST-A-01714,1,"Excellent value for money, highly recommend!",2024-05-10,store-a
REV-004145,PB-00180,CB-01434,2,"Great product, exactly what I needed!",2024-12-29,store-b
REV-004146,PB-00109,CB-00597,5,Best purchase I've made this year!,2024-04-04,store-b
REV-004147,PROD-A-00259,CUST-A-00242,3,"Great product, exactly what I needed!",2024-08-12,store-a
REV-004148,PROD-A-00296,CUST-A-00710,4,"Broke after two weeks, terrible quality.",2025-11-14,store-a
REV-004149,PB-00396,CB-00046,5,Exceeded my expectations in every way.,2024-11-27,store-b
REV-004150,PROD-A-00139,CUST-A-00292,5,Arrived on time and works perfectly.,2025-04-24,store-a
REV-004151,PROD-A-00043,CUST-A-01731,1,Absolutely love it! Will buy again.,2025-01-11,store-a
REV-004152,PROD-A-00160,CUST-A-01132,4,"Broke after two weeks, terrible quality.",2025-02-13,store-a
REV-004153,PROD-A-00320,CUST-A-00653,3,Exceeded my expectations in every way.,2025-10-21,store-a
REV-004154,PROD-A-00156,CUST-A-01273,3,Decent product for everyday use.,2024-04-20,store-a
REV-004155,PROD-A-00441,CUST-A-01230,1,Best purchase I've made this year!,2025-05-04,store-a
REV-004156,PROD-A-00092,CUST-A-00593,1,Good but shipping was too slow.,2024-05-03,store-a
REV-004157,PB-00069,CB-00131,3,Arrived on time and works perfectly.,2024-06-02,store-b
REV-004158,PB-00373,CB-00855,2,Quality could be better for the price.,2025-09-10,store-b
REV-004159,PROD-A-00130,CUST-A-00833,3,Best purchase I've made this year!,2024-11-07,store-a
REV-004160,PROD-A-00216,CUST-A-00456,4,"Okay for the price, gets the job done.",2024-01-15,store-a
REV-004161,PB-00332,CB-00205,1,"Great product, exactly what I needed!",2024-05-26,store-b
REV-004162,PROD-A-00156,CUST-A-01860,3,"Excellent value for money, highly recommend!",2024-05-20,store-a
REV-004163,PROD-A-00449,CUST-A-01649,2,"Okay for the price, gets the job done.",2025-08-22,store-a
REV-004164,PROD-A-00236,CUST-A-00905,2,Quality could be better for the price.,2024-08-13,store-a
REV-004165,PROD-A-00430,CUST-A-00640,5,"Not as described, very disappointed.",2024-05-08,store-a
REV-004166,PB-00050,CB-00426,4,Good but shipping was too slow.,2025-05-05,store-b
REV-004167,PROD-A-00032,CUST-A-01681,4,Best purchase I've made this year!,2024-07-01,store-a
REV-004168,PROD-A-00429,CUST-A-00876,5,Good but shipping was too slow.,2025-02-20,store-a
REV-004169,PROD-A-00286,CUST-A-00555,5,Absolutely love it! Will buy again.,2025-06-28,store-a
REV-004170,PB-00122,CB-01397,5,Arrived on time and works perfectly.,2025-12-31,store-b
REV-004171,PROD-A-00407,CUST-A-01512,1,Decent product for everyday use.,2024-03-14,store-a
REV-004172,PROD-A-00490,CUST-A-01283,1,"Average product, nothing special.",2024-04-18,store-a
REV-004173,PB-00138,CB-00183,4,Exceeded my expectations in every way.,2024-06-17,store-b
REV-004174,PB-00390,CB-00890,5,"Perfect gift, the recipient loved it!",2025-02-24,store-b
REV-004175,PB-00184,CB-01401,5,Good but shipping was too slow.,2024-12-24,store-b
REV-004176,PROD-A-00432,CUST-A-00954,5,Quality could be better for the price.,2024-08-19,store-a
REV-004177,PB-00149,CB-00733,5,"Would not recommend, poor build quality.",2025-10-17,store-b
REV-004178,PROD-A-00291,CUST-A-00667,5,Quality could be better for the price.,2024-07-02,store-a
REV-004179,PB-00127,CB-00265,1,"Okay for the price, gets the job done.",2024-02-09,store-b
REV-004180,PROD-A-00181,CUST-A-01064,1,Exceeded my expectations in every way.,2025-05-25,store-a
REV-004181,PB-00129,CB-01435,2,Best purchase I've made this year!,2024-09-09,store-b
REV-004182,PROD-A-00439,CUST-A-00029,1,"Great product, exactly what I needed!",2024-02-16,store-a
REV-004183,PROD-A-00340,CUST-A-01532,3,"Perfect gift, the recipient loved it!",2024-12-02,store-a
REV-004184,PROD-A-00360,CUST-A-00236,4,Decent product for everyday use.,2024-06-12,store-a
REV-004185,PROD-A-00113,CUST-A-01202,4,Best purchase I've made this year!,2025-06-11,store-a
REV-004186,PROD-A-00117,CUST-A-01640,3,"Excellent value for money, highly recommend!",2024-01-25,store-a
REV-004187,PB-00309,CB-00894,3,Exceeded my expectations in every way.,2025-04-27,store-b
REV-004188,PB-00219,CB-01115,5,Arrived on time and works perfectly.,2025-11-10,store-b
REV-004189,PB-00248,CB-00145,4,"Okay for the price, gets the job done.",2025-07-21,store-b
REV-004190,PB-00101,CB-00279,4,Best purchase I've made this year!,2024-02-22,store-b
REV-004191,PB-00051,CB-00301,2,Absolutely love it! Will buy again.,2025-02-08,store-b
REV-004192,PROD-A-00123,CUST-A-00586,4,"Would not recommend, poor build quality.",2024-11-27,store-a
REV-004193,PROD-A-00443,CUST-A-01514,1,Quality could be better for the price.,2024-01-28,store-a
REV-004194,PB-00239,CB-00684,1,Absolutely love it! Will buy again.,2024-11-10,store-b
REV-004195,PB-00290,CB-00842,1,Quality could be better for the price.,2025-03-23,store-b
REV-004196,PB-00400,CB-00192,5,Exceeded my expectations in every way.,2025-01-28,store-b
REV-004197,PB-00017,CB-01474,2,Arrived on time and works perfectly.,2025-02-15,store-b
REV-004198,PB-00126,CB-00533,4,Exceeded my expectations in every way.,2024-12-14,store-b
REV-004199,PB-00297,CB-00445,3,"Not as described, very disappointed.",2025-09-02,store-b
REV-004200,PB-00356,CB-00052,2,"Excellent value for money, highly recommend!",2024-05-02,store-b
REV-004201,PROD-A-00464,CUST-A-00880,4,"Would not recommend, poor build quality.",2025-01-22,store-a
REV-004202,PB-00020,CB-01330,3,Absolutely love it! Will buy again.,2024-09-15,store-b
REV-004203,PB-00141,CB-01355,5,"Perfect gift, the recipient loved it!",2025-07-05,store-b
REV-004204,PB-00398,CB-01314,1,"Perfect gift, the recipient loved it!",2025-05-26,store-b
REV-004205,PROD-A-00128,CUST-A-00917,2,Exceeded my expectations in every way.,2024-11-29,store-a
REV-004206,PB-00387,CB-00414,1,"Perfect gift, the recipient loved it!",2024-01-21,store-b
REV-004207,PB-00278,CB-01331,5,"Would not recommend, poor build quality.",2024-11-28,store-b
REV-004208,PROD-A-00288,CUST-A-00922,3,Absolutely love it! Will buy again.,2025-02-24,store-a
REV-004209,PB-00097,CB-01253,2,"Great product, exactly what I needed!",2025-03-19,store-b
REV-004210,PROD-A-00022,CUST-A-00449,3,"Great product, exactly what I needed!",2024-09-22,store-a
REV-004211,PROD-A-00461,CUST-A-01002,2,Quality could be better for the price.,2025-05-26,store-a
REV-004212,PROD-A-00324,CUST-A-00041,2,"Would not recommend, poor build quality.",2024-05-28,store-a
REV-004213,PB-00028,CB-00075,2,Quality could be better for the price.,2024-06-08,store-b
REV-004214,PROD-A-00246,CUST-A-01251,1,Good but shipping was too slow.,2025-05-22,store-a
REV-004215,PB-00379,CB-00934,2,"Okay for the price, gets the job done.",2024-10-09,store-b
REV-004216,PROD-A-00444,CUST-A-00578,1,"Would not recommend, poor build quality.",2025-09-16,store-a
REV-004217,PROD-A-00132,CUST-A-00774,1,Arrived on time and works perfectly.,2025-08-29,store-a
REV-004218,PROD-A-00396,CUST-A-01848,1,"Okay for the price, gets the job done.",2025-01-07,store-a
REV-004219,PROD-A-00010,CUST-A-01160,1,"Perfect gift, the recipient loved it!",2024-07-28,store-a
REV-004220,PB-00044,CB-00084,4,"Perfect gift, the recipient loved it!",2025-01-05,store-b
REV-004221,PB-00123,CB-00034,3,"Okay for the price, gets the job done.",2025-05-21,store-b
REV-004222,PROD-A-00212,CUST-A-01691,2,"Perfect gift, the recipient loved it!",2024-10-30,store-a
REV-004223,PB-00209,CB-00028,4,"Great product, exactly what I needed!",2025-02-16,store-b
REV-004224,PB-00134,CB-00815,1,"Perfect gift, the recipient loved it!",2024-04-24,store-b
REV-004225,PROD-A-00492,CUST-A-01935,1,Absolutely love it! Will buy again.,2024-12-08,store-a
REV-004226,PROD-A-00158,CUST-A-01740,1,Arrived on time and works perfectly.,2024-12-24,store-a
REV-004227,PROD-A-00447,CUST-A-01879,5,"Great product, exactly what I needed!",2025-10-04,store-a
REV-004228,PB-00211,CB-00816,1,Exceeded my expectations in every way.,2024-12-21,store-b
REV-004229,PROD-A-00480,CUST-A-01622,4,Absolutely love it! Will buy again.,2025-07-10,store-a
REV-004230,PB-00297,CB-01113,5,Exceeded my expectations in every way.,2024-02-13,store-b
REV-004231,PB-00364,CB-00630,1,Good but shipping was too slow.,2024-09-05,store-b
REV-004232,PROD-A-00445,CUST-A-01839,4,Arrived on time and works perfectly.,2025-03-14,store-a
REV-004233,PROD-A-00472,CUST-A-01295,5,Good but shipping was too slow.,2025-09-13,store-a
REV-004234,PROD-A-00114,CUST-A-00185,2,"Perfect gift, the recipient loved it!",2024-11-01,store-a
REV-004235,PB-00015,CB-00120,5,"Average product, nothing special.",2024-02-10,store-b
REV-004236,PB-00230,CB-01429,2,Arrived on time and works perfectly.,2024-07-22,store-b
REV-004237,PROD-A-00033,CUST-A-01775,4,Absolutely love it! Will buy again.,2024-12-06,store-a
REV-004238,PB-00347,CB-00828,1,Absolutely love it! Will buy again.,2024-10-04,store-b
REV-004239,PROD-A-00076,CUST-A-01328,3,"Excellent value for money, highly recommend!",2024-03-04,store-a
REV-004240,PB-00250,CB-00220,2,"Excellent value for money, highly recommend!",2024-12-08,store-b
REV-004241,PROD-A-00492,CUST-A-00651,5,"Okay for the price, gets the job done.",2025-10-12,store-a
REV-004242,PROD-A-00222,CUST-A-00714,2,"Average product, nothing special.",2024-04-20,store-a
REV-004243,PB-00122,CB-00898,5,Decent product for everyday use.,2024-04-14,store-b
REV-004244,PROD-A-00090,CUST-A-01164,5,"Great product, exactly what I needed!",2024-05-23,store-a
REV-004245,PROD-A-00479,CUST-A-00440,2,Best purchase I've made this year!,2025-04-21,store-a
REV-004246,PROD-A-00331,CUST-A-01463,3,Quality could be better for the price.,2024-10-18,store-a
REV-004247,PROD-A-00119,CUST-A-01356,3,"Okay for the price, gets the job done.",2025-07-15,store-a
REV-004248,PB-00374,CB-00433,1,Arrived on time and works perfectly.,2024-02-17,store-b
REV-004249,PROD-A-00070,CUST-A-00848,4,Arrived on time and works perfectly.,2024-01-13,store-a
REV-004250,PROD-A-00053,CUST-A-00603,4,"Average product, nothing special.",2025-11-26,store-a
REV-004251,PROD-A-00453,CUST-A-01674,1,"Great product, exactly what I needed!",2024-07-19,store-a
REV-004252,PB-00120,CB-00398,2,"Great product, exactly what I needed!",2025-05-20,store-b
REV-004253,PB-00084,CB-00846,5,"Broke after two weeks, terrible quality.",2024-01-13,store-b
REV-004254,PROD-A-00198,CUST-A-00157,2,"Broke after two weeks, terrible quality.",2024-07-17,store-a
REV-004255,PROD-A-00276,CUST-A-01883,1,"Great product, exactly what I needed!",2025-12-12,store-a
REV-004256,PROD-A-00120,CUST-A-00961,1,"Not as described, very disappointed.",2025-09-13,store-a
REV-004257,PROD-A-00322,CUST-A-01353,4,Good but shipping was too slow.,2024-09-14,store-a
REV-004258,PROD-A-00400,CUST-A-01191,1,"Excellent value for money, highly recommend!",2025-01-03,store-a
REV-004259,PROD-A-00407,CUST-A-00567,5,Decent product for everyday use.,2024-11-25,store-a
REV-004260,PB-00270,CB-01155,4,Quality could be better for the price.,2024-09-11,store-b
REV-004261,PB-00270,CB-00144,3,"Not as described, very disappointed.",2024-12-29,store-b
REV-004262,PROD-A-00224,CUST-A-01353,2,"Excellent value for money, highly recommend!",2024-08-04,store-a
REV-004263,PROD-A-00262,CUST-A-01583,2,"Broke after two weeks, terrible quality.",2025-06-20,store-a
REV-004264,PROD-A-00451,CUST-A-00938,4,Decent product for everyday use.,2024-08-31,store-a
REV-004265,PB-00213,CB-01456,4,Decent product for everyday use.,2024-12-26,store-b
REV-004266,PROD-A-00199,CUST-A-00088,3,"Perfect gift, the recipient loved it!",2025-08-21,store-a
REV-004267,PB-00105,CB-00927,3,Absolutely love it! Will buy again.,2024-05-02,store-b
REV-004268,PROD-A-00286,CUST-A-01120,2,"Not as described, very disappointed.",2025-01-11,store-a
REV-004269,PB-00318,CB-00771,5,Arrived on time and works perfectly.,2024-01-03,store-b
REV-004270,PROD-A-00379,CUST-A-00220,5,Decent product for everyday use.,2024-11-23,store-a
REV-004271,PROD-A-00410,CUST-A-00845,1,Quality could be better for the price.,2024-08-10,store-a
REV-004272,PB-00150,CB-00906,5,Good but shipping was too slow.,2025-11-15,store-b
REV-004273,PROD-A-00403,CUST-A-01926,5,Best purchase I've made this year!,2025-08-21,store-a
REV-004274,PROD-A-00006,CUST-A-00299,5,Quality could be better for the price.,2024-12-23,store-a
REV-004275,PROD-A-00446,CUST-A-01783,1,Absolutely love it! Will buy again.,2024-04-28,store-a
REV-004276,PROD-A-00250,CUST-A-01327,2,"Not as described, very disappointed.",2024-02-04,store-a
REV-004277,PROD-A-00279,CUST-A-00711,1,"Perfect gift, the recipient loved it!",2025-11-03,store-a
REV-004278,PB-00210,CB-00223,1,"Broke after two weeks, terrible quality.",2025-04-10,store-b
REV-004279,PROD-A-00271,CUST-A-00142,4,"Okay for the price, gets the job done.",2025-01-16,store-a
REV-004280,PB-00096,CB-00177,3,Exceeded my expectations in every way.,2025-09-21,store-b
REV-004281,PROD-A-00175,CUST-A-00626,4,Good but shipping was too slow.,2024-11-11,store-a
REV-004282,PB-00197,CB-00774,1,"Perfect gift, the recipient loved it!",2024-04-14,store-b
REV-004283,PROD-A-00435,CUST-A-01984,3,Good but shipping was too slow.,2024-05-03,store-a
REV-004284,PB-00218,CB-01096,1,"Would not recommend, poor build quality.",2024-09-04,store-b
REV-004285,PROD-A-00284,CUST-A-00620,2,Exceeded my expectations in every way.,2025-07-07,store-a
REV-004286,PB-00384,CB-00842,5,"Not as described, very disappointed.",2024-05-18,store-b
REV-004287,PB-00210,CB-01356,5,Arrived on time and works perfectly.,2025-12-24,store-b
REV-004288,PB-00135,CB-00304,3,Exceeded my expectations in every way.,2025-09-28,store-b
REV-004289,PB-00243,CB-00226,5,Absolutely love it! Will buy again.,2025-01-16,store-b
REV-004290,PROD-A-00264,CUST-A-01780,5,Arrived on time and works perfectly.,2025-09-08,store-a
REV-004291,PB-00266,CB-00703,3,"Not as described, very disappointed.",2024-11-29,store-b
REV-004292,PB-00381,CB-01043,1,"Would not recommend, poor build quality.",2025-04-20,store-b
REV-004293,PB-00138,CB-01240,5,"Not as described, very disappointed.",2024-12-11,store-b
REV-004294,PROD-A-00021,CUST-A-00531,4,"Perfect gift, the recipient loved it!",2025-02-02,store-a
REV-004295,PROD-A-00045,CUST-A-01739,4,"Broke after two weeks, terrible quality.",2025-08-26,store-a
REV-004296,PB-00396,CB-01382,1,Best purchase I've made this year!,2025-06-10,store-b
REV-004297,PB-00393,CB-00758,4,"Okay for the price, gets the job done.",2024-03-31,store-b
REV-004298,PROD-A-00022,CUST-A-01305,2,Decent product for everyday use.,2024-11-02,store-a
REV-004299,PROD-A-00122,CUST-A-00523,4,"Broke after two weeks, terrible quality.",2024-08-07,store-a
REV-004300,PROD-A-00187,CUST-A-01458,1,Exceeded my expectations in every way.,2024-08-17,store-a
REV-004301,PROD-A-00451,CUST-A-00329,5,"Broke after two weeks, terrible quality.",2025-06-03,store-a
REV-004302,PB-00047,CB-00928,4,Best purchase I've made this year!,2024-01-08,store-b
REV-004303,PROD-A-00230,CUST-A-01455,3,"Broke after two weeks, terrible quality.",2024-12-11,store-a
REV-004304,PB-00214,CB-00186,1,"Would not recommend, poor build quality.",2024-07-03,store-b
REV-004305,PROD-A-00347,CUST-A-00217,2,Best purchase I've made this year!,2025-04-30,store-a
REV-004306,PB-00102,CB-01027,1,Absolutely love it! Will buy again.,2025-03-27,store-b
REV-004307,PROD-A-00349,CUST-A-00213,3,Good but shipping was too slow.,2024-10-30,store-a
REV-004308,PB-00230,CB-01128,1,"Great product, exactly what I needed!",2025-02-01,store-b
REV-004309,PROD-A-00424,CUST-A-01477,3,Exceeded my expectations in every way.,2024-12-18,store-a
REV-004310,PROD-A-00267,CUST-A-01684,2,Best purchase I've made this year!,2024-02-05,store-a
REV-004311,PB-00363,CB-00966,3,"Perfect gift, the recipient loved it!",2024-07-14,store-b
REV-004312,PROD-A-00130,CUST-A-00428,1,Good but shipping was too slow.,2024-06-04,store-a
REV-004313,PB-00287,CB-01417,5,Exceeded my expectations in every way.,2025-04-02,store-b
REV-004314,PB-00265,CB-00264,4,Quality could be better for the price.,2025-09-13,store-b
REV-004315,PROD-A-00014,CUST-A-01156,2,Absolutely love it! Will buy again.,2025-05-11,store-a
REV-004316,PB-00138,CB-00731,4,"Okay for the price, gets the job done.",2024-02-13,store-b
REV-004317,PB-00309,CB-00061,2,Arrived on time and works perfectly.,2024-10-12,store-b
REV-004318,PROD-A-00384,CUST-A-01776,4,Arrived on time and works perfectly.,2024-06-13,store-a
REV-004319,PB-00133,CB-00713,1,"Would not recommend, poor build quality.",2025-03-02,store-b
REV-004320,PROD-A-00331,CUST-A-00392,3,"Average product, nothing special.",2024-06-24,store-a
REV-004321,PB-00191,CB-00506,3,"Not as described, very disappointed.",2024-09-22,store-b
REV-004322,PB-00258,CB-00180,3,Quality could be better for the price.,2024-03-27,store-b
REV-004323,PB-00180,CB-01318,2,"Excellent value for money, highly recommend!",2025-06-26,store-b
REV-004324,PB-00044,CB-01432,3,Absolutely love it! Will buy again.,2024-01-03,store-b
REV-004325,PROD-A-00052,CUST-A-00557,2,"Broke after two weeks, terrible quality.",2025-09-04,store-a
REV-004326,PROD-A-00246,CUST-A-01411,1,"Would not recommend, poor build quality.",2024-04-10,store-a
REV-004327,PROD-A-00116,CUST-A-01530,2,Quality could be better for the price.,2024-08-07,store-a
REV-004328,PB-00246,CB-00923,2,"Perfect gift, the recipient loved it!",2024-06-29,store-b
REV-004329,PROD-A-00201,CUST-A-00691,1,"Perfect gift, the recipient loved it!",2024-07-01,store-a
REV-004330,PB-00194,CB-00714,4,Good but shipping was too slow.,2024-01-05,store-b
REV-004331,PB-00058,CB-00938,4,Best purchase I've made this year!,2024-08-04,store-b
REV-004332,PB-00329,CB-00802,3,"Broke after two weeks, terrible quality.",2024-05-19,store-b
REV-004333,PB-00307,CB-00807,3,Arrived on time and works perfectly.,2024-08-11,store-b
REV-004334,PROD-A-00408,CUST-A-00672,5,Best purchase I've made this year!,2024-11-01,store-a
REV-004335,PB-00273,CB-00016,4,Quality could be better for the price.,2024-05-14,store-b
REV-004336,PROD-A-00141,CUST-A-01015,2,"Average product, nothing special.",2025-05-22,store-a
REV-004337,PROD-A-00390,CUST-A-00919,1,Good but shipping was too slow.,2025-12-26,store-a
REV-004338,PROD-A-00483,CUST-A-00449,4,Arrived on time and works perfectly.,2024-02-13,store-a
REV-004339,PROD-A-00245,CUST-A-01026,4,"Perfect gift, the recipient loved it!",2024-06-21,store-a
REV-004340,PROD-A-00003,CUST-A-01718,4,"Perfect gift, the recipient loved it!",2025-03-07,store-a
REV-004341,PROD-A-00411,CUST-A-01402,2,"Okay for the price, gets the job done.",2025-06-10,store-a
REV-004342,PB-00256,CB-00136,4,"Broke after two weeks, terrible quality.",2025-05-04,store-b
REV-004343,PB-00244,CB-01366,3,Absolutely love it! Will buy again.,2024-10-25,store-b
REV-004344,PB-00104,CB-01169,1,"Would not recommend, poor build quality.",2025-07-23,store-b
REV-004345,PB-00063,CB-00430,1,"Great product, exactly what I needed!",2025-09-19,store-b
REV-004346,PROD-A-00387,CUST-A-00669,5,"Not as described, very disappointed.",2024-12-22,store-a
REV-004347,PB-00125,CB-00160,3,Quality could be better for the price.,2024-05-22,store-b
REV-004348,PROD-A-00022,CUST-A-01504,2,"Excellent value for money, highly recommend!",2025-03-23,store-a
REV-004349,PROD-A-00496,CUST-A-01554,5,Exceeded my expectations in every way.,2025-11-13,store-a
REV-004350,PROD-A-00079,CUST-A-00137,5,Decent product for everyday use.,2024-05-25,store-a
REV-004351,PB-00089,CB-00793,4,"Excellent value for money, highly recommend!",2025-10-26,store-b
REV-004352,PB-00351,CB-00811,1,"Would not recommend, poor build quality.",2024-04-22,store-b
REV-004353,PROD-A-00259,CUST-A-00464,2,"Broke after two weeks, terrible quality.",2025-05-08,store-a
REV-004354,PROD-A-00136,CUST-A-01238,1,Good but shipping was too slow.,2024-03-28,store-a
REV-004355,PROD-A-00068,CUST-A-01396,1,Arrived on time and works perfectly.,2024-10-20,store-a
REV-004356,PROD-A-00036,CUST-A-00059,5,"Would not recommend, poor build quality.",2024-06-11,store-a
REV-004357,PROD-A-00469,CUST-A-00828,2,Good but shipping was too slow.,2024-04-15,store-a
REV-004358,PROD-A-00152,CUST-A-01610,3,Arrived on time and works perfectly.,2024-10-15,store-a
REV-004359,PROD-A-00359,CUST-A-00367,4,"Not as described, very disappointed.",2024-02-02,store-a
REV-004360,PB-00066,CB-00824,5,Absolutely love it! Will buy again.,2024-12-26,store-b
REV-004361,PROD-A-00439,CUST-A-01979,5,Exceeded my expectations in every way.,2024-11-08,store-a
REV-004362,PROD-A-00467,CUST-A-01355,5,"Not as described, very disappointed.",2025-04-19,store-a
REV-004363,PROD-A-00243,CUST-A-00311,2,"Not as described, very disappointed.",2024-10-28,store-a
REV-004364,PROD-A-00371,CUST-A-00853,1,Decent product for everyday use.,2024-09-11,store-a
REV-004365,PB-00354,CB-00699,5,Decent product for everyday use.,2024-04-30,store-b
REV-004366,PROD-A-00080,CUST-A-01795,2,Decent product for everyday use.,2024-12-13,store-a
REV-004367,PROD-A-00152,CUST-A-00440,2,Good but shipping was too slow.,2024-10-05,store-a
REV-004368,PB-00192,CB-00090,2,Quality could be better for the price.,2024-07-04,store-b
REV-004369,PB-00210,CB-01272,1,Absolutely love it! Will buy again.,2025-12-05,store-b
REV-004370,PB-00313,CB-01179,2,"Broke after two weeks, terrible quality.",2025-05-24,store-b
REV-004371,PROD-A-00126,CUST-A-01078,1,Exceeded my expectations in every way.,2024-06-11,store-a
REV-004372,PROD-A-00467,CUST-A-01395,4,Quality could be better for the price.,2025-07-13,store-a
REV-004373,PB-00037,CB-00765,5,"Okay for the price, gets the job done.",2024-04-10,store-b
REV-004374,PB-00253,CB-01489,2,"Average product, nothing special.",2025-02-08,store-b
REV-004375,PROD-A-00122,CUST-A-01676,4,Quality could be better for the price.,2025-12-19,store-a
REV-004376,PB-00044,CB-00387,2,"Not as described, very disappointed.",2025-07-06,store-b
REV-004377,PB-00269,CB-00872,3,Good but shipping was too slow.,2024-06-09,store-b
REV-004378,PB-00027,CB-00248,1,Decent product for everyday use.,2025-08-06,store-b
REV-004379,PROD-A-00288,CUST-A-00035,5,"Not as described, very disappointed.",2024-04-22,store-a
REV-004380,PROD-A-00201,CUST-A-00513,2,Absolutely love it! Will buy again.,2024-09-04,store-a
REV-004381,PROD-A-00026,CUST-A-00038,3,Absolutely love it! Will buy again.,2025-02-13,store-a
REV-004382,PROD-A-00427,CUST-A-00617,5,"Broke after two weeks, terrible quality.",2025-11-16,store-a
REV-004383,PROD-A-00161,CUST-A-00688,3,"Perfect gift, the recipient loved it!",2024-10-17,store-a
REV-004384,PB-00076,CB-01255,5,Arrived on time and works perfectly.,2024-07-21,store-b
REV-004385,PROD-A-00381,CUST-A-00713,4,"Broke after two weeks, terrible quality.",2025-01-30,store-a
REV-004386,PB-00338,CB-00249,3,"Okay for the price, gets the job done.",2024-08-10,store-b
REV-004387,PROD-A-00158,CUST-A-00492,5,"Excellent value for money, highly recommend!",2024-08-11,store-a
REV-004388,PROD-A-00046,CUST-A-01282,2,Best purchase I've made this year!,2025-09-10,store-a
REV-004389,PB-00170,CB-01436,2,Good but shipping was too slow.,2025-10-01,store-b
REV-004390,PB-00099,CB-00251,3,Good but shipping was too slow.,2024-03-08,store-b
REV-004391,PB-00106,CB-01464,1,Arrived on time and works perfectly.,2024-06-27,store-b
REV-004392,PROD-A-00289,CUST-A-01760,5,Decent product for everyday use.,2025-08-03,store-a
REV-004393,PROD-A-00283,CUST-A-00657,3,"Excellent value for money, highly recommend!",2024-12-13,store-a
REV-004394,PB-00276,CB-01449,3,Arrived on time and works perfectly.,2025-02-13,store-b
REV-004395,PB-00171,CB-01105,1,"Okay for the price, gets the job done.",2025-02-22,store-b
REV-004396,PB-00202,CB-01055,2,"Would not recommend, poor build quality.",2024-05-19,store-b
REV-004397,PB-00080,CB-01397,2,"Would not recommend, poor build quality.",2025-08-07,store-b
REV-004398,PB-00395,CB-00016,4,"Excellent value for money, highly recommend!",2025-05-13,store-b
REV-004399,PROD-A-00467,CUST-A-01429,1,Decent product for everyday use.,2024-04-25,store-a
REV-004400,PROD-A-00038,CUST-A-00355,4,Best purchase I've made this year!,2024-07-26,store-a
REV-004401,PROD-A-00046,CUST-A-00757,3,"Great product, exactly what I needed!",2024-06-20,store-a
REV-004402,PB-00275,CB-01420,4,Decent product for everyday use.,2025-04-06,store-b
REV-004403,PB-00267,CB-01421,5,Quality could be better for the price.,2024-04-28,store-b
REV-004404,PROD-A-00341,CUST-A-01271,4,"Broke after two weeks, terrible quality.",2024-10-25,store-a
REV-004405,PROD-A-00287,CUST-A-01147,1,"Average product, nothing special.",2025-10-21,store-a
REV-004406,PB-00316,CB-01158,4,"Average product, nothing special.",2024-04-04,store-b
REV-004407,PB-00087,CB-00381,4,"Okay for the price, gets the job done.",2025-01-19,store-b
REV-004408,PB-00171,CB-00422,1,Best purchase I've made this year!,2024-11-14,store-b
REV-004409,PROD-A-00196,CUST-A-00715,1,"Great product, exactly what I needed!",2025-05-22,store-a
REV-004410,PB-00025,CB-00416,2,"Broke after two weeks, terrible quality.",2025-01-28,store-b
REV-004411,PROD-A-00085,CUST-A-00500,4,Absolutely love it! Will buy again.,2025-10-02,store-a
REV-004412,PB-00362,CB-01383,2,"Excellent value for money, highly recommend!",2025-08-13,store-b
REV-004413,PB-00049,CB-00807,3,"Okay for the price, gets the job done.",2024-09-05,store-b
REV-004414,PROD-A-00323,CUST-A-00702,4,Arrived on time and works perfectly.,2025-10-21,store-a
REV-004415,PB-00014,CB-00235,4,Arrived on time and works perfectly.,2024-04-22,store-b
REV-004416,PROD-A-00428,CUST-A-01885,4,"Not as described, very disappointed.",2025-08-12,store-a
REV-004417,PB-00110,CB-00336,2,Decent product for everyday use.,2025-11-05,store-b
REV-004418,PROD-A-00081,CUST-A-00633,4,"Average product, nothing special.",2024-07-01,store-a
REV-004419,PB-00390,CB-00194,1,"Broke after two weeks, terrible quality.",2025-04-20,store-b
REV-004420,PROD-A-00405,CUST-A-01780,4,Arrived on time and works perfectly.,2024-11-23,store-a
REV-004421,PB-00310,CB-00722,4,"Perfect gift, the recipient loved it!",2024-02-12,store-b
REV-004422,PB-00090,CB-00833,3,"Average product, nothing special.",2025-10-28,store-b
REV-004423,PROD-A-00461,CUST-A-01289,5,"Great product, exactly what I needed!",2025-05-31,store-a
REV-004424,PROD-A-00377,CUST-A-01254,3,Decent product for everyday use.,2024-05-27,store-a
REV-004425,PROD-A-00188,CUST-A-00595,5,"Would not recommend, poor build quality.",2025-12-25,store-a
REV-004426,PROD-A-00162,CUST-A-00539,2,Decent product for everyday use.,2024-10-08,store-a
REV-004427,PB-00267,CB-00334,3,"Perfect gift, the recipient loved it!",2025-11-01,store-b
REV-004428,PB-00271,CB-00357,4,"Would not recommend, poor build quality.",2024-07-03,store-b
REV-004429,PB-00263,CB-00795,2,"Great product, exactly what I needed!",2025-09-22,store-b
REV-004430,PB-00228,CB-00094,4,Decent product for everyday use.,2024-10-07,store-b
REV-004431,PB-00204,CB-00102,5,"Not as described, very disappointed.",2024-01-09,store-b
REV-004432,PB-00350,CB-00695,4,Exceeded my expectations in every way.,2025-03-04,store-b
REV-004433,PROD-A-00045,CUST-A-01200,3,"Broke after two weeks, terrible quality.",2025-08-15,store-a
REV-004434,PROD-A-00125,CUST-A-01697,5,"Average product, nothing special.",2025-05-11,store-a
REV-004435,PROD-A-00466,CUST-A-00435,5,"Great product, exactly what I needed!",2025-05-12,store-a
REV-004436,PB-00043,CB-01436,5,"Broke after two weeks, terrible quality.",2024-11-20,store-b
REV-004437,PB-00060,CB-00398,4,Absolutely love it! Will buy again.,2024-06-24,store-b
REV-004438,PB-00028,CB-00973,5,Quality could be better for the price.,2025-10-05,store-b
REV-004439,PB-00093,CB-00671,5,"Would not recommend, poor build quality.",2024-03-27,store-b
REV-004440,PB-00393,CB-00552,2,"Great product, exactly what I needed!",2025-06-12,store-b
REV-004441,PROD-A-00247,CUST-A-01670,1,"Excellent value for money, highly recommend!",2024-07-24,store-a
REV-004442,PROD-A-00176,CUST-A-01484,1,Decent product for everyday use.,2025-03-25,store-a
REV-004443,PROD-A-00194,CUST-A-01337,2,"Excellent value for money, highly recommend!",2024-12-26,store-a
REV-004444,PROD-A-00445,CUST-A-00324,3,Best purchase I've made this year!,2025-10-10,store-a
REV-004445,PB-00068,CB-00155,5,"Would not recommend, poor build quality.",2025-04-17,store-b
REV-004446,PROD-A-00439,CUST-A-00952,2,"Broke after two weeks, terrible quality.",2024-02-20,store-a
REV-004447,PB-00213,CB-00129,1,"Broke after two weeks, terrible quality.",2024-07-28,store-b
REV-004448,PB-00014,CB-00782,4,Absolutely love it! Will buy again.,2025-11-17,store-b
REV-004449,PB-00133,CB-01441,2,Good but shipping was too slow.,2025-09-12,store-b
REV-004450,PROD-A-00399,CUST-A-01094,5,Decent product for everyday use.,2025-04-10,store-a
REV-004451,PB-00260,CB-01220,4,Arrived on time and works perfectly.,2024-07-09,store-b
REV-004452,PB-00329,CB-00438,4,"Average product, nothing special.",2024-12-05,store-b
REV-004453,PROD-A-00450,CUST-A-01663,4,Quality could be better for the price.,2024-02-06,store-a
REV-004454,PB-00059,CB-00002,3,Good but shipping was too slow.,2025-07-26,store-b
REV-004455,PB-00276,CB-01357,5,Quality could be better for the price.,2024-06-22,store-b
REV-004456,PROD-A-00180,CUST-A-00341,4,Quality could be better for the price.,2024-07-26,store-a
REV-004457,PROD-A-00039,CUST-A-00501,4,"Okay for the price, gets the job done.",2025-02-10,store-a
REV-004458,PB-00005,CB-01288,1,Decent product for everyday use.,2024-04-08,store-b
REV-004459,PROD-A-00282,CUST-A-01024,4,"Great product, exactly what I needed!",2024-01-01,store-a
REV-004460,PROD-A-00038,CUST-A-00550,5,Arrived on time and works perfectly.,2025-12-24,store-a
REV-004461,PB-00096,CB-01268,5,"Excellent value for money, highly recommend!",2025-05-22,store-b
REV-004462,PB-00203,CB-00117,5,"Perfect gift, the recipient loved it!",2025-02-26,store-b
REV-004463,PROD-A-00293,CUST-A-00844,4,"Excellent value for money, highly recommend!",2024-12-24,store-a
REV-004464,PB-00286,CB-00246,1,"Not as described, very disappointed.",2025-08-31,store-b
REV-004465,PB-00133,CB-00992,1,Decent product for everyday use.,2024-01-08,store-b
REV-004466,PB-00400,CB-00021,1,"Average product, nothing special.",2024-09-28,store-b
REV-004467,PROD-A-00277,CUST-A-00352,2,Exceeded my expectations in every way.,2025-02-21,store-a
REV-004468,PB-00001,CB-00623,4,"Perfect gift, the recipient loved it!",2025-08-17,store-b
REV-004469,PROD-A-00358,CUST-A-01731,5,Absolutely love it! Will buy again.,2025-12-28,store-a
REV-004470,PROD-A-00460,CUST-A-00528,3,"Broke after two weeks, terrible quality.",2024-09-12,store-a
REV-004471,PROD-A-00492,CUST-A-00049,1,"Not as described, very disappointed.",2024-12-03,store-a
REV-004472,PB-00324,CB-01101,5,Quality could be better for the price.,2024-07-19,store-b
REV-004473,PROD-A-00305,CUST-A-00483,5,"Perfect gift, the recipient loved it!",2024-03-11,store-a
REV-004474,PROD-A-00020,CUST-A-01990,4,Good but shipping was too slow.,2024-02-10,store-a
REV-004475,PROD-A-00088,CUST-A-00460,4,"Great product, exactly what I needed!",2024-03-04,store-a
REV-004476,PROD-A-00369,CUST-A-01339,2,"Not as described, very disappointed.",2025-10-24,store-a
REV-004477,PROD-A-00115,CUST-A-00578,2,Best purchase I've made this year!,2024-08-27,store-a
REV-004478,PROD-A-00066,CUST-A-01414,5,Best purchase I've made this year!,2024-06-15,store-a
REV-004479,PB-00167,CB-00396,4,Quality could be better for the price.,2024-12-01,store-b
REV-004480,PB-00400,CB-00291,2,"Okay for the price, gets the job done.",2025-06-18,store-b
REV-004481,PB-00313,CB-00127,5,"Not as described, very disappointed.",2025-11-19,store-b
REV-004482,PROD-A-00177,CUST-A-01980,1,"Great product, exactly what I needed!",2025-01-11,store-a
REV-004483,PROD-A-00002,CUST-A-00641,2,Quality could be better for the price.,2024-03-21,store-a
REV-004484,PROD-A-00461,CUST-A-01669,5,"Average product, nothing special.",2025-10-29,store-a
REV-004485,PB-00343,CB-00775,1,"Great product, exactly what I needed!",2025-11-10,store-b
REV-004486,PROD-A-00467,CUST-A-01317,1,"Perfect gift, the recipient loved it!",2025-07-18,store-a
REV-004487,PROD-A-00202,CUST-A-01351,1,"Perfect gift, the recipient loved it!",2025-04-27,store-a
REV-004488,PROD-A-00355,CUST-A-00518,3,"Great product, exactly what I needed!",2025-05-04,store-a
REV-004489,PROD-A-00277,CUST-A-01350,1,"Great product, exactly what I needed!",2024-03-31,store-a
REV-004490,PROD-A-00036,CUST-A-00035,4,"Average product, nothing special.",2025-08-02,store-a
REV-004491,PB-00031,CB-00455,2,"Excellent value for money, highly recommend!",2024-05-21,store-b
REV-004492,PB-00134,CB-01294,2,"Okay for the price, gets the job done.",2024-09-10,store-b
REV-004493,PROD-A-00034,CUST-A-01542,3,"Excellent value for money, highly recommend!",2025-08-23,store-a
REV-004494,PB-00252,CB-00959,4,"Average product, nothing special.",2024-03-18,store-b
REV-004495,PB-00245,CB-01284,1,"Excellent value for money, highly recommend!",2025-07-24,store-b
REV-004496,PROD-A-00240,CUST-A-00401,3,Exceeded my expectations in every way.,2024-07-23,store-a
REV-004497,PB-00205,CB-01437,2,"Would not recommend, poor build quality.",2025-11-07,store-b
REV-004498,PROD-A-00273,CUST-A-00584,2,"Perfect gift, the recipient loved it!",2025-12-07,store-a
REV-004499,PB-00386,CB-00678,1,"Broke after two weeks, terrible quality.",2025-01-05,store-b
REV-004500,PB-00271,CB-00697,3,Quality could be better for the price.,2025-12-02,store-b
REV-004501,PB-00284,CB-00742,1,Quality could be better for the price.,2024-07-23,store-b
REV-004502,PB-00333,CB-00746,4,Absolutely love it! Will buy again.,2025-02-28,store-b
REV-004503,PROD-A-00073,CUST-A-01749,3,Quality could be better for the price.,2025-10-02,store-a
REV-004504,PROD-A-00389,CUST-A-01319,5,Decent product for everyday use.,2025-04-16,store-a
REV-004505,PROD-A-00334,CUST-A-00220,5,"Great product, exactly what I needed!",2025-05-29,store-a
REV-004506,PB-00296,CB-01330,3,"Average product, nothing special.",2025-12-06,store-b
REV-004507,PB-00192,CB-01293,3,"Okay for the price, gets the job done.",2025-09-01,store-b
REV-004508,PB-00046,CB-01250,2,"Average product, nothing special.",2025-01-03,store-b
REV-004509,PROD-A-00164,CUST-A-00633,4,Good but shipping was too slow.,2025-09-04,store-a
REV-004510,PB-00137,CB-00024,2,Arrived on time and works perfectly.,2024-04-18,store-b
REV-004511,PB-00182,CB-01134,2,Good but shipping was too slow.,2024-01-11,store-b
REV-004512,PB-00074,CB-00988,3,"Okay for the price, gets the job done.",2025-08-27,store-b
REV-004513,PB-00287,CB-01425,5,"Great product, exactly what I needed!",2025-06-09,store-b
REV-004514,PROD-A-00373,CUST-A-00958,4,"Okay for the price, gets the job done.",2024-05-11,store-a
REV-004515,PB-00119,CB-01373,4,"Great product, exactly what I needed!",2024-08-26,store-b
REV-004516,PB-00219,CB-00359,3,Good but shipping was too slow.,2024-08-03,store-b
REV-004517,PROD-A-00274,CUST-A-01001,1,Absolutely love it! Will buy again.,2025-02-21,store-a
REV-004518,PB-00137,CB-00383,2,"Would not recommend, poor build quality.",2024-08-13,store-b
REV-004519,PROD-A-00333,CUST-A-01992,3,Quality could be better for the price.,2025-12-08,store-a
REV-004520,PB-00044,CB-01419,5,Good but shipping was too slow.,2025-08-11,store-b
REV-004521,PB-00204,CB-01352,1,"Great product, exactly what I needed!",2024-04-11,store-b
REV-004522,PB-00170,CB-00464,1,Exceeded my expectations in every way.,2025-09-18,store-b
REV-004523,PROD-A-00349,CUST-A-01182,4,"Not as described, very disappointed.",2025-03-07,store-a
REV-004524,PB-00071,CB-01449,5,"Average product, nothing special.",2025-05-19,store-b
REV-004525,PB-00377,CB-00319,1,"Broke after two weeks, terrible quality.",2024-06-11,store-b
REV-004526,PROD-A-00489,CUST-A-01805,5,"Average product, nothing special.",2025-02-11,store-a
REV-004527,PB-00201,CB-00771,2,"Excellent value for money, highly recommend!",2025-01-29,store-b
REV-004528,PROD-A-00413,CUST-A-01955,1,"Average product, nothing special.",2025-08-16,store-a
REV-004529,PB-00392,CB-01452,1,Quality could be better for the price.,2025-10-11,store-b
REV-004530,PROD-A-00077,CUST-A-01277,5,"Great product, exactly what I needed!",2025-07-25,store-a
REV-004531,PROD-A-00088,CUST-A-00283,1,"Average product, nothing special.",2025-12-04,store-a
REV-004532,PROD-A-00168,CUST-A-01364,4,"Great product, exactly what I needed!",2025-02-22,store-a
REV-004533,PROD-A-00325,CUST-A-00260,5,"Not as described, very disappointed.",2025-08-13,store-a
REV-004534,PROD-A-00111,CUST-A-01465,4,"Great product, exactly what I needed!",2025-11-05,store-a
REV-004535,PB-00053,CB-00790,3,Exceeded my expectations in every way.,2025-12-08,store-b
REV-004536,PB-00314,CB-00171,5,Exceeded my expectations in every way.,2025-09-01,store-b
REV-004537,PB-00038,CB-00445,1,"Average product, nothing special.",2024-08-20,store-b
REV-004538,PB-00377,CB-00521,1,Absolutely love it! Will buy again.,2024-08-18,store-b
REV-004539,PB-00100,CB-00355,2,"Not as described, very disappointed.",2025-01-29,store-b
REV-004540,PB-00255,CB-00759,1,Best purchase I've made this year!,2024-02-26,store-b
REV-004541,PROD-A-00023,CUST-A-00952,5,Good but shipping was too slow.,2024-08-21,store-a
REV-004542,PB-00381,CB-01402,4,"Perfect gift, the recipient loved it!",2025-07-26,store-b
REV-004543,PB-00167,CB-01489,5,Exceeded my expectations in every way.,2025-07-15,store-b
REV-004544,PROD-A-00303,CUST-A-01927,4,"Great product, exactly what I needed!",2025-07-29,store-a
REV-004545,PROD-A-00297,CUST-A-01149,1,Absolutely love it! Will buy again.,2024-03-28,store-a
REV-004546,PB-00209,CB-00163,1,Absolutely love it! Will buy again.,2024-02-28,store-b
REV-004547,PROD-A-00013,CUST-A-00542,4,"Broke after two weeks, terrible quality.",2024-06-23,store-a
REV-004548,PROD-A-00038,CUST-A-00435,5,"Would not recommend, poor build quality.",2025-05-09,store-a
REV-004549,PROD-A-00344,CUST-A-00813,1,"Not as described, very disappointed.",2024-02-01,store-a
REV-004550,PB-00313,CB-00366,5,"Average product, nothing special.",2025-05-04,store-b
REV-004551,PROD-A-00156,CUST-A-00580,1,Exceeded my expectations in every way.,2025-04-21,store-a
REV-004552,PROD-A-00461,CUST-A-00733,5,"Broke after two weeks, terrible quality.",2025-04-10,store-a
REV-004553,PB-00345,CB-00926,3,Best purchase I've made this year!,2025-06-06,store-b
REV-004554,PB-00306,CB-00467,2,Best purchase I've made this year!,2024-02-03,store-b
REV-004555,PB-00391,CB-00755,5,"Would not recommend, poor build quality.",2025-06-02,store-b
REV-004556,PB-00092,CB-00194,3,"Not as described, very disappointed.",2024-11-29,store-b
REV-004557,PROD-A-00493,CUST-A-00831,1,"Perfect gift, the recipient loved it!",2024-01-15,store-a
REV-004558,PB-00348,CB-01459,5,"Would not recommend, poor build quality.",2024-10-28,store-b
REV-004559,PB-00067,CB-01129,1,"Okay for the price, gets the job done.",2025-11-07,store-b
REV-004560,PROD-A-00455,CUST-A-00363,4,Good but shipping was too slow.,2025-11-13,store-a
REV-004561,PROD-A-00150,CUST-A-01822,1,"Average product, nothing special.",2024-09-20,store-a
REV-004562,PROD-A-00287,CUST-A-01794,5,"Okay for the price, gets the job done.",2025-05-12,store-a
REV-004563,PROD-A-00166,CUST-A-00844,2,"Broke after two weeks, terrible quality.",2024-01-09,store-a
REV-004564,PB-00091,CB-00027,5,Best purchase I've made this year!,2025-02-03,store-b
REV-004565,PROD-A-00456,CUST-A-00083,2,"Great product, exactly what I needed!",2025-02-23,store-a
REV-004566,PB-00039,CB-00400,2,"Perfect gift, the recipient loved it!",2024-08-29,store-b
REV-004567,PROD-A-00046,CUST-A-00859,5,"Not as described, very disappointed.",2025-05-20,store-a
REV-004568,PB-00111,CB-01443,4,Decent product for everyday use.,2024-12-26,store-b
REV-004569,PROD-A-00149,CUST-A-00290,3,"Excellent value for money, highly recommend!",2024-09-09,store-a
REV-004570,PB-00212,CB-01234,3,"Average product, nothing special.",2025-11-12,store-b
REV-004571,PB-00046,CB-00667,5,"Okay for the price, gets the job done.",2024-03-13,store-b
REV-004572,PROD-A-00438,CUST-A-01867,3,Good but shipping was too slow.,2025-09-09,store-a
REV-004573,PB-00203,CB-00070,2,"Not as described, very disappointed.",2025-05-17,store-b
REV-004574,PROD-A-00312,CUST-A-01151,3,"Not as described, very disappointed.",2024-08-05,store-a
REV-004575,PB-00095,CB-00491,4,"Would not recommend, poor build quality.",2024-10-05,store-b
REV-004576,PROD-A-00005,CUST-A-00934,4,Best purchase I've made this year!,2024-06-21,store-a
REV-004577,PROD-A-00409,CUST-A-00134,2,Exceeded my expectations in every way.,2024-10-16,store-a
REV-004578,PROD-A-00363,CUST-A-00950,4,"Not as described, very disappointed.",2024-07-12,store-a
REV-004579,PROD-A-00122,CUST-A-00490,3,"Perfect gift, the recipient loved it!",2025-12-04,store-a
REV-004580,PROD-A-00499,CUST-A-01363,5,"Excellent value for money, highly recommend!",2025-10-15,store-a
REV-004581,PB-00025,CB-00245,4,"Perfect gift, the recipient loved it!",2025-06-16,store-b
REV-004582,PB-00360,CB-00896,5,Decent product for everyday use.,2025-12-22,store-b
REV-004583,PROD-A-00375,CUST-A-00305,1,Arrived on time and works perfectly.,2024-11-29,store-a
REV-004584,PB-00135,CB-00816,3,Best purchase I've made this year!,2025-06-29,store-b
REV-004585,PROD-A-00290,CUST-A-01970,4,"Would not recommend, poor build quality.",2024-03-20,store-a
REV-004586,PROD-A-00057,CUST-A-01003,5,Decent product for everyday use.,2025-03-25,store-a
REV-004587,PB-00281,CB-00326,3,"Broke after two weeks, terrible quality.",2024-08-26,store-b
REV-004588,PB-00118,CB-00418,2,Best purchase I've made this year!,2025-09-27,store-b
REV-004589,PB-00057,CB-00447,4,"Excellent value for money, highly recommend!",2025-06-13,store-b
REV-004590,PROD-A-00397,CUST-A-00876,3,Arrived on time and works perfectly.,2025-01-15,store-a
REV-004591,PB-00096,CB-00238,3,"Excellent value for money, highly recommend!",2025-01-24,store-b
REV-004592,PROD-A-00076,CUST-A-00745,1,"Excellent value for money, highly recommend!",2025-03-23,store-a
REV-004593,PB-00356,CB-00128,1,Good but shipping was too slow.,2025-11-09,store-b
REV-004594,PB-00051,CB-00407,3,Decent product for everyday use.,2024-01-26,store-b
REV-004595,PB-00113,CB-00433,2,Absolutely love it! Will buy again.,2024-01-01,store-b
REV-004596,PB-00369,CB-00630,2,"Average product, nothing special.",2024-02-05,store-b
REV-004597,PROD-A-00452,CUST-A-00856,3,"Broke after two weeks, terrible quality.",2024-03-15,store-a
REV-004598,PROD-A-00380,CUST-A-00972,4,"Okay for the price, gets the job done.",2024-03-03,store-a
REV-004599,PB-00281,CB-01086,3,"Great product, exactly what I needed!",2025-05-13,store-b
REV-004600,PB-00252,CB-00823,3,Exceeded my expectations in every way.,2024-08-27,store-b
REV-004601,PROD-A-00153,CUST-A-00531,3,Exceeded my expectations in every way.,2024-09-27,store-a
REV-004602,PB-00211,CB-00904,3,"Average product, nothing special.",2025-05-16,store-b
REV-004603,PROD-A-00129,CUST-A-00549,4,"Great product, exactly what I needed!",2024-02-01,store-a
REV-004604,PROD-A-00396,CUST-A-00688,1,"Great product, exactly what I needed!",2025-10-30,store-a
REV-004605,PB-00005,CB-01470,3,Best purchase I've made this year!,2025-11-23,store-b
REV-004606,PROD-A-00349,CUST-A-00137,5,"Would not recommend, poor build quality.",2024-11-01,store-a
REV-004607,PB-00026,CB-00223,1,"Okay for the price, gets the job done.",2024-02-05,store-b
REV-004608,PROD-A-00210,CUST-A-01040,3,Good but shipping was too slow.,2024-11-29,store-a
REV-004609,PROD-A-00146,CUST-A-00947,1,Good but shipping was too slow.,2024-06-11,store-a
REV-004610,PB-00039,CB-00951,4,Exceeded my expectations in every way.,2024-12-17,store-b
REV-004611,PB-00027,CB-00075,3,"Great product, exactly what I needed!",2024-11-04,store-b
REV-004612,PB-00339,CB-00929,3,Exceeded my expectations in every way.,2025-04-26,store-b
REV-004613,PB-00068,CB-00098,4,"Perfect gift, the recipient loved it!",2025-10-18,store-b
REV-004614,PB-00128,CB-00967,5,"Broke after two weeks, terrible quality.",2024-07-12,store-b
REV-004615,PB-00313,CB-01434,1,"Broke after two weeks, terrible quality.",2024-02-20,store-b
REV-004616,PROD-A-00014,CUST-A-00171,5,Best purchase I've made this year!,2024-08-09,store-a
REV-004617,PB-00351,CB-01256,1,Absolutely love it! Will buy again.,2024-10-27,store-b
REV-004618,PB-00166,CB-00954,4,"Great product, exactly what I needed!",2025-08-19,store-b
REV-004619,PB-00314,CB-01363,4,Exceeded my expectations in every way.,2025-09-03,store-b
REV-004620,PB-00354,CB-00779,4,"Average product, nothing special.",2025-01-01,store-b
REV-004621,PB-00336,CB-01153,5,"Great product, exactly what I needed!",2024-10-02,store-b
REV-004622,PROD-A-00063,CUST-A-01297,1,"Perfect gift, the recipient loved it!",2024-09-27,store-a
REV-004623,PB-00023,CB-00184,1,Best purchase I've made this year!,2024-11-04,store-b
REV-004624,PB-00384,CB-00687,3,"Okay for the price, gets the job done.",2025-09-27,store-b
REV-004625,PROD-A-00164,CUST-A-01601,1,"Great product, exactly what I needed!",2025-11-26,store-a
REV-004626,PROD-A-00166,CUST-A-01691,2,Absolutely love it! Will buy again.,2024-03-15,store-a
REV-004627,PB-00268,CB-00041,3,"Not as described, very disappointed.",2025-01-13,store-b
REV-004628,PROD-A-00384,CUST-A-00577,3,Best purchase I've made this year!,2024-10-05,store-a
REV-004629,PB-00033,CB-01426,2,Best purchase I've made this year!,2025-10-28,store-b
REV-004630,PB-00194,CB-00716,3,Exceeded my expectations in every way.,2024-01-30,store-b
REV-004631,PB-00013,CB-01011,4,"Average product, nothing special.",2025-01-22,store-b
REV-004632,PROD-A-00328,CUST-A-00139,3,"Broke after two weeks, terrible quality.",2024-08-07,store-a
REV-004633,PB-00110,CB-00344,3,"Would not recommend, poor build quality.",2024-01-26,store-b
REV-004634,PROD-A-00181,CUST-A-01956,3,"Great product, exactly what I needed!",2024-07-31,store-a
REV-004635,PB-00107,CB-01309,4,"Great product, exactly what I needed!",2025-11-24,store-b
REV-004636,PROD-A-00108,CUST-A-00842,3,"Excellent value for money, highly recommend!",2025-09-01,store-a
REV-004637,PROD-A-00194,CUST-A-00038,1,"Would not recommend, poor build quality.",2025-11-16,store-a
REV-004638,PB-00315,CB-01324,1,"Broke after two weeks, terrible quality.",2025-05-23,store-b
REV-004639,PROD-A-00348,CUST-A-01564,1,"Average product, nothing special.",2025-03-16,store-a
REV-004640,PB-00020,CB-00244,4,"Average product, nothing special.",2024-01-10,store-b
REV-004641,PROD-A-00183,CUST-A-01270,4,Quality could be better for the price.,2025-03-18,store-a
REV-004642,PB-00116,CB-00472,4,"Excellent value for money, highly recommend!",2024-02-17,store-b
REV-004643,PROD-A-00455,CUST-A-01081,1,Good but shipping was too slow.,2024-09-25,store-a
REV-004644,PROD-A-00324,CUST-A-00056,4,"Great product, exactly what I needed!",2025-01-29,store-a
REV-004645,PB-00028,CB-00872,5,"Perfect gift, the recipient loved it!",2024-04-27,store-b
REV-004646,PROD-A-00286,CUST-A-00599,4,Best purchase I've made this year!,2024-06-06,store-a
REV-004647,PROD-A-00353,CUST-A-00079,5,"Perfect gift, the recipient loved it!",2025-02-18,store-a
REV-004648,PROD-A-00101,CUST-A-01069,3,Good but shipping was too slow.,2024-08-08,store-a
REV-004649,PROD-A-00397,CUST-A-00484,5,"Not as described, very disappointed.",2025-05-09,store-a
REV-004650,PB-00257,CB-00575,1,Exceeded my expectations in every way.,2024-07-31,store-b
REV-004651,PROD-A-00126,CUST-A-00587,4,"Great product, exactly what I needed!",2025-04-21,store-a
REV-004652,PB-00160,CB-00406,5,"Great product, exactly what I needed!",2024-01-02,store-b
REV-004653,PROD-A-00197,CUST-A-00024,3,"Great product, exactly what I needed!",2025-06-26,store-a
REV-004654,PB-00372,CB-01141,2,"Not as described, very disappointed.",2025-08-21,store-b
REV-004655,PB-00392,CB-00874,5,Quality could be better for the price.,2024-04-24,store-b
REV-004656,PB-00203,CB-00795,2,"Not as described, very disappointed.",2024-09-14,store-b
REV-004657,PB-00160,CB-01128,5,Quality could be better for the price.,2024-07-05,store-b
REV-004658,PROD-A-00342,CUST-A-00078,1,Decent product for everyday use.,2024-08-27,store-a
REV-004659,PB-00209,CB-01484,4,"Excellent value for money, highly recommend!",2024-06-28,store-b
REV-004660,PROD-A-00032,CUST-A-01463,2,"Perfect gift, the recipient loved it!",2024-06-07,store-a
REV-004661,PROD-A-00380,CUST-A-00158,3,Decent product for everyday use.,2024-09-01,store-a
REV-004662,PROD-A-00230,CUST-A-00961,2,"Average product, nothing special.",2025-09-27,store-a
REV-004663,PB-00249,CB-01030,3,"Broke after two weeks, terrible quality.",2025-08-27,store-b
REV-004664,PROD-A-00177,CUST-A-00851,4,"Would not recommend, poor build quality.",2025-06-13,store-a
REV-004665,PB-00106,CB-01265,5,Good but shipping was too slow.,2025-09-14,store-b
REV-004666,PB-00248,CB-00292,1,Quality could be better for the price.,2024-09-15,store-b
REV-004667,PB-00018,CB-00217,2,Quality could be better for the price.,2025-05-12,store-b
REV-004668,PB-00294,CB-00303,5,Good but shipping was too slow.,2025-08-11,store-b
REV-004669,PROD-A-00356,CUST-A-01734,2,"Would not recommend, poor build quality.",2025-12-10,store-a
REV-004670,PROD-A-00334,CUST-A-00695,1,"Great product, exactly what I needed!",2025-07-01,store-a
REV-004671,PROD-A-00077,CUST-A-01494,3,"Not as described, very disappointed.",2024-07-28,store-a
REV-004672,PROD-A-00441,CUST-A-00920,2,"Okay for the price, gets the job done.",2025-06-15,store-a
REV-004673,PROD-A-00426,CUST-A-00750,2,Quality could be better for the price.,2025-10-25,store-a
REV-004674,PROD-A-00115,CUST-A-01136,1,Exceeded my expectations in every way.,2024-03-29,store-a
REV-004675,PB-00072,CB-00310,1,Arrived on time and works perfectly.,2025-06-08,store-b
REV-004676,PROD-A-00262,CUST-A-00663,5,"Not as described, very disappointed.",2025-09-14,store-a
REV-004677,PROD-A-00391,CUST-A-01547,3,"Okay for the price, gets the job done.",2024-11-22,store-a
REV-004678,PB-00326,CB-00495,5,Best purchase I've made this year!,2025-10-11,store-b
REV-004679,PROD-A-00040,CUST-A-01819,1,Best purchase I've made this year!,2025-03-11,store-a
REV-004680,PROD-A-00172,CUST-A-01312,4,"Excellent value for money, highly recommend!",2025-06-12,store-a
REV-004681,PB-00316,CB-00195,5,"Average product, nothing special.",2025-09-11,store-b
REV-004682,PROD-A-00360,CUST-A-00636,1,"Great product, exactly what I needed!",2024-02-09,store-a
REV-004683,PROD-A-00489,CUST-A-00522,5,"Average product, nothing special.",2024-09-08,store-a
REV-004684,PROD-A-00121,CUST-A-01418,2,"Not as described, very disappointed.",2024-01-26,store-a
REV-004685,PROD-A-00251,CUST-A-01850,4,Absolutely love it! Will buy again.,2025-03-19,store-a
REV-004686,PB-00222,CB-00925,5,"Great product, exactly what I needed!",2024-05-19,store-b
REV-004687,PB-00349,CB-00913,3,Good but shipping was too slow.,2025-07-23,store-b
REV-004688,PROD-A-00486,CUST-A-01370,1,Quality could be better for the price.,2025-06-25,store-a
REV-004689,PB-00320,CB-00597,4,"Average product, nothing special.",2025-11-22,store-b
REV-004690,PB-00162,CB-01394,3,Best purchase I've made this year!,2025-11-16,store-b
REV-004691,PB-00362,CB-00857,4,Decent product for everyday use.,2025-02-07,store-b
REV-004692,PROD-A-00490,CUST-A-00667,3,"Okay for the price, gets the job done.",2024-03-04,store-a
REV-004693,PB-00066,CB-01010,1,"Average product, nothing special.",2025-06-09,store-b
REV-004694,PB-00245,CB-00572,2,Exceeded my expectations in every way.,2024-06-24,store-b
REV-004695,PROD-A-00400,CUST-A-00576,1,Absolutely love it! Will buy again.,2025-06-07,store-a
REV-004696,PB-00230,CB-00436,3,"Average product, nothing special.",2025-06-23,store-b
REV-004697,PROD-A-00109,CUST-A-01655,1,"Average product, nothing special.",2024-07-08,store-a
REV-004698,PROD-A-00267,CUST-A-00739,5,"Great product, exactly what I needed!",2025-04-10,store-a
REV-004699,PB-00297,CB-01001,5,"Would not recommend, poor build quality.",2024-01-19,store-b
REV-004700,PB-00240,CB-00666,5,"Not as described, very disappointed.",2025-01-09,store-b
REV-004701,PROD-A-00154,CUST-A-00668,3,Arrived on time and works perfectly.,2024-11-05,store-a
REV-004702,PROD-A-00408,CUST-A-01314,3,"Perfect gift, the recipient loved it!",2024-08-03,store-a
REV-004703,PROD-A-00068,CUST-A-00421,3,Best purchase I've made this year!,2025-10-05,store-a
REV-004704,PB-00081,CB-00969,1,"Perfect gift, the recipient loved it!",2024-10-01,store-b
REV-004705,PROD-A-00072,CUST-A-00875,5,Arrived on time and works perfectly.,2024-03-21,store-a
REV-004706,PB-00300,CB-00886,2,"Great product, exactly what I needed!",2025-11-28,store-b
REV-004707,PROD-A-00181,CUST-A-00908,1,Decent product for everyday use.,2025-11-09,store-a
REV-004708,PROD-A-00450,CUST-A-00965,1,Exceeded my expectations in every way.,2025-10-17,store-a
REV-004709,PROD-A-00451,CUST-A-00726,2,"Excellent value for money, highly recommend!",2024-04-04,store-a
REV-004710,PROD-A-00159,CUST-A-00768,2,"Great product, exactly what I needed!",2025-12-17,store-a
REV-004711,PB-00323,CB-00236,1,"Broke after two weeks, terrible quality.",2025-06-18,store-b
REV-004712,PB-00065,CB-01325,5,"Not as described, very disappointed.",2024-05-02,store-b
REV-004713,PB-00296,CB-01429,2,Best purchase I've made this year!,2025-02-24,store-b
REV-004714,PROD-A-00095,CUST-A-01700,1,Arrived on time and works perfectly.,2025-04-20,store-a
REV-004715,PB-00146,CB-00681,4,Arrived on time and works perfectly.,2024-06-20,store-b
REV-004716,PROD-A-00239,CUST-A-00450,5,Exceeded my expectations in every way.,2025-04-26,store-a
REV-004717,PB-00363,CB-01217,4,Exceeded my expectations in every way.,2024-04-29,store-b
REV-004718,PROD-A-00306,CUST-A-00210,5,Decent product for everyday use.,2025-03-18,store-a
REV-004719,PROD-A-00222,CUST-A-01670,3,Arrived on time and works perfectly.,2024-05-27,store-a
REV-004720,PB-00021,CB-01195,1,"Perfect gift, the recipient loved it!",2024-08-13,store-b
REV-004721,PROD-A-00399,CUST-A-00400,4,"Would not recommend, poor build quality.",2024-09-28,store-a
REV-004722,PROD-A-00277,CUST-A-00357,5,"Great product, exactly what I needed!",2024-07-18,store-a
REV-004723,PROD-A-00385,CUST-A-00282,3,"Broke after two weeks, terrible quality.",2024-09-26,store-a
REV-004724,PROD-A-00160,CUST-A-01844,2,"Would not recommend, poor build quality.",2024-01-26,store-a
REV-004725,PB-00345,CB-01087,4,Best purchase I've made this year!,2024-06-04,store-b
REV-004726,PROD-A-00402,CUST-A-00851,1,"Not as described, very disappointed.",2025-05-30,store-a
REV-004727,PB-00179,CB-00987,3,Decent product for everyday use.,2024-01-15,store-b
REV-004728,PROD-A-00059,CUST-A-01335,4,Exceeded my expectations in every way.,2025-04-20,store-a
REV-004729,PB-00136,CB-00327,2,"Okay for the price, gets the job done.",2025-01-08,store-b
REV-004730,PB-00346,CB-00138,4,Quality could be better for the price.,2025-12-22,store-b
REV-004731,PB-00249,CB-01379,1,"Not as described, very disappointed.",2024-01-30,store-b
REV-004732,PB-00087,CB-01322,5,"Excellent value for money, highly recommend!",2025-10-27,store-b
REV-004733,PROD-A-00096,CUST-A-01919,2,Decent product for everyday use.,2025-10-05,store-a
REV-004734,PROD-A-00274,CUST-A-01475,4,Absolutely love it! Will buy again.,2025-04-12,store-a
REV-004735,PROD-A-00414,CUST-A-00345,4,Decent product for everyday use.,2025-09-30,store-a
REV-004736,PB-00306,CB-00266,2,"Not as described, very disappointed.",2024-06-02,store-b
REV-004737,PROD-A-00497,CUST-A-00838,3,"Average product, nothing special.",2024-10-10,store-a
REV-004738,PROD-A-00077,CUST-A-01144,3,Good but shipping was too slow.,2025-09-05,store-a
REV-004739,PROD-A-00401,CUST-A-00813,1,Best purchase I've made this year!,2024-09-15,store-a
REV-004740,PROD-A-00279,CUST-A-01998,3,"Great product, exactly what I needed!",2025-12-11,store-a
REV-004741,PROD-A-00123,CUST-A-01331,2,"Perfect gift, the recipient loved it!",2024-04-24,store-a
REV-004742,PB-00168,CB-01446,2,Good but shipping was too slow.,2024-08-06,store-b
REV-004743,PROD-A-00145,CUST-A-00894,3,Good but shipping was too slow.,2025-08-22,store-a
REV-004744,PROD-A-00102,CUST-A-01582,1,"Perfect gift, the recipient loved it!",2024-07-31,store-a
REV-004745,PB-00057,CB-01340,1,Quality could be better for the price.,2025-01-25,store-b
REV-004746,PB-00120,CB-00162,5,Best purchase I've made this year!,2025-10-16,store-b
REV-004747,PROD-A-00153,CUST-A-01822,3,Quality could be better for the price.,2025-03-13,store-a
REV-004748,PROD-A-00333,CUST-A-00557,2,Exceeded my expectations in every way.,2024-03-10,store-a
REV-004749,PROD-A-00083,CUST-A-00411,4,"Okay for the price, gets the job done.",2024-10-13,store-a
REV-004750,PB-00296,CB-00079,3,Arrived on time and works perfectly.,2025-05-13,store-b
REV-004751,PROD-A-00227,CUST-A-01577,4,Quality could be better for the price.,2024-08-10,store-a
REV-004752,PROD-A-00175,CUST-A-01587,4,"Perfect gift, the recipient loved it!",2024-02-17,store-a
REV-004753,PROD-A-00297,CUST-A-00848,3,Decent product for everyday use.,2025-05-01,store-a
REV-004754,PROD-A-00013,CUST-A-00238,1,"Perfect gift, the recipient loved it!",2024-07-19,store-a
REV-004755,PROD-A-00204,CUST-A-00926,4,"Perfect gift, the recipient loved it!",2025-02-21,store-a
REV-004756,PROD-A-00273,CUST-A-00403,1,"Broke after two weeks, terrible quality.",2024-05-05,store-a
REV-004757,PROD-A-00377,CUST-A-00825,4,"Not as described, very disappointed.",2025-01-31,store-a
REV-004758,PROD-A-00232,CUST-A-01959,5,"Excellent value for money, highly recommend!",2025-07-27,store-a
REV-004759,PB-00027,CB-00244,1,Arrived on time and works perfectly.,2025-06-05,store-b
REV-004760,PB-00067,CB-00199,3,"Not as described, very disappointed.",2025-11-19,store-b
REV-004761,PROD-A-00264,CUST-A-00926,5,Good but shipping was too slow.,2024-09-03,store-a
REV-004762,PROD-A-00198,CUST-A-01504,5,"Average product, nothing special.",2025-11-24,store-a
REV-004763,PB-00383,CB-01299,1,"Broke after two weeks, terrible quality.",2025-10-09,store-b
REV-004764,PB-00223,CB-00444,5,Absolutely love it! Will buy again.,2024-12-02,store-b
REV-004765,PB-00348,CB-00160,2,Quality could be better for the price.,2024-10-31,store-b
REV-004766,PROD-A-00099,CUST-A-00702,2,"Broke after two weeks, terrible quality.",2024-08-31,store-a
REV-004767,PROD-A-00275,CUST-A-00736,4,Good but shipping was too slow.,2025-03-30,store-a
REV-004768,PROD-A-00407,CUST-A-00678,5,Best purchase I've made this year!,2025-10-07,store-a
REV-004769,PB-00190,CB-00005,4,"Broke after two weeks, terrible quality.",2024-06-30,store-b
REV-004770,PROD-A-00030,CUST-A-01177,2,"Perfect gift, the recipient loved it!",2024-10-23,store-a
REV-004771,PB-00330,CB-00696,4,"Not as described, very disappointed.",2025-01-13,store-b
REV-004772,PROD-A-00408,CUST-A-01076,4,"Excellent value for money, highly recommend!",2025-01-24,store-a
REV-004773,PB-00141,CB-00593,3,"Would not recommend, poor build quality.",2025-04-14,store-b
REV-004774,PROD-A-00180,CUST-A-00653,4,Decent product for everyday use.,2024-10-19,store-a
REV-004775,PROD-A-00106,CUST-A-01450,4,"Great product, exactly what I needed!",2025-10-25,store-a
REV-004776,PROD-A-00132,CUST-A-01067,5,"Perfect gift, the recipient loved it!",2025-04-15,store-a
REV-004777,PROD-A-00384,CUST-A-01357,1,"Great product, exactly what I needed!",2025-07-07,store-a
REV-004778,PROD-A-00447,CUST-A-00308,4,Best purchase I've made this year!,2025-04-05,store-a
REV-004779,PB-00379,CB-00841,3,Quality could be better for the price.,2025-01-26,store-b
REV-004780,PROD-A-00120,CUST-A-00374,3,Exceeded my expectations in every way.,2024-06-29,store-a
REV-004781,PB-00263,CB-00659,4,"Okay for the price, gets the job done.",2024-06-09,store-b
REV-004782,PROD-A-00457,CUST-A-00960,4,"Excellent value for money, highly recommend!",2024-05-15,store-a
REV-004783,PROD-A-00446,CUST-A-01131,2,Decent product for everyday use.,2025-06-05,store-a
REV-004784,PROD-A-00158,CUST-A-00192,1,"Okay for the price, gets the job done.",2024-02-27,store-a
REV-004785,PROD-A-00024,CUST-A-01309,4,Best purchase I've made this year!,2024-10-21,store-a
REV-004786,PB-00066,CB-01325,5,Exceeded my expectations in every way.,2025-12-17,store-b
REV-004787,PROD-A-00299,CUST-A-01001,3,Best purchase I've made this year!,2024-09-16,store-a
REV-004788,PROD-A-00302,CUST-A-01995,3,Exceeded my expectations in every way.,2024-11-28,store-a
REV-004789,PROD-A-00500,CUST-A-01810,4,Absolutely love it! Will buy again.,2025-09-15,store-a
REV-004790,PROD-A-00481,CUST-A-00274,4,Exceeded my expectations in every way.,2024-05-11,store-a
REV-004791,PB-00263,CB-00344,1,Good but shipping was too slow.,2025-04-24,store-b
REV-004792,PB-00238,CB-00612,3,"Perfect gift, the recipient loved it!",2025-10-20,store-b
REV-004793,PROD-A-00111,CUST-A-00819,1,Good but shipping was too slow.,2025-02-28,store-a
REV-004794,PROD-A-00161,CUST-A-01505,3,Arrived on time and works perfectly.,2024-08-05,store-a
REV-004795,PB-00287,CB-01242,2,"Not as described, very disappointed.",2025-11-18,store-b
REV-004796,PROD-A-00481,CUST-A-00487,3,Arrived on time and works perfectly.,2025-12-09,store-a
REV-004797,PROD-A-00137,CUST-A-01819,4,"Not as described, very disappointed.",2025-07-22,store-a
REV-004798,PB-00349,CB-00147,1,Exceeded my expectations in every way.,2025-03-18,store-b
REV-004799,PB-00273,CB-01216,1,"Average product, nothing special.",2024-02-07,store-b
REV-004800,PROD-A-00094,CUST-A-01276,5,"Not as described, very disappointed.",2024-02-28,store-a
REV-004801,PB-00196,CB-01131,4,"Perfect gift, the recipient loved it!",2024-09-06,store-b
REV-004802,PROD-A-00194,CUST-A-01077,4,"Would not recommend, poor build quality.",2024-03-28,store-a
REV-004803,PB-00189,CB-00472,4,Absolutely love it! Will buy again.,2025-05-19,store-b
REV-004804,PROD-A-00005,CUST-A-00202,1,"Average product, nothing special.",2025-09-12,store-a
REV-004805,PB-00168,CB-01420,3,Decent product for everyday use.,2025-06-29,store-b
REV-004806,PB-00397,CB-00290,2,Exceeded my expectations in every way.,2024-03-03,store-b
REV-004807,PROD-A-00313,CUST-A-01858,2,"Not as described, very disappointed.",2024-01-05,store-a
REV-004808,PB-00309,CB-00140,1,Absolutely love it! Will buy again.,2024-01-28,store-b
REV-004809,PB-00263,CB-00073,1,"Excellent value for money, highly recommend!",2025-04-24,store-b
REV-004810,PROD-A-00283,CUST-A-01257,2,"Average product, nothing special.",2024-03-30,store-a
REV-004811,PROD-A-00062,CUST-A-01620,3,Best purchase I've made this year!,2024-06-26,store-a
REV-004812,PROD-A-00255,CUST-A-01237,2,Exceeded my expectations in every way.,2024-02-20,store-a
REV-004813,PROD-A-00155,CUST-A-00821,3,Arrived on time and works perfectly.,2025-01-08,store-a
REV-004814,PROD-A-00264,CUST-A-01077,5,"Not as described, very disappointed.",2024-06-08,store-a
REV-004815,PROD-A-00130,CUST-A-00133,1,"Okay for the price, gets the job done.",2025-12-18,store-a
REV-004816,PROD-A-00044,CUST-A-00200,5,Arrived on time and works perfectly.,2025-10-02,store-a
REV-004817,PROD-A-00377,CUST-A-01313,5,"Great product, exactly what I needed!",2024-04-16,store-a
REV-004818,PROD-A-00027,CUST-A-01078,3,"Would not recommend, poor build quality.",2025-09-03,store-a
REV-004819,PROD-A-00388,CUST-A-00734,5,Exceeded my expectations in every way.,2024-07-25,store-a
REV-004820,PB-00193,CB-00455,4,Decent product for everyday use.,2024-06-05,store-b
REV-004821,PB-00203,CB-01009,2,"Would not recommend, poor build quality.",2024-10-05,store-b
REV-004822,PROD-A-00153,CUST-A-00574,1,Arrived on time and works perfectly.,2025-04-26,store-a
REV-004823,PB-00038,CB-00015,4,Decent product for everyday use.,2024-05-17,store-b
REV-004824,PB-00248,CB-00730,3,Decent product for everyday use.,2024-03-24,store-b
REV-004825,PROD-A-00272,CUST-A-00355,1,"Perfect gift, the recipient loved it!",2024-11-12,store-a
REV-004826,PB-00136,CB-00754,1,Exceeded my expectations in every way.,2025-12-04,store-b
REV-004827,PROD-A-00158,CUST-A-00542,1,"Would not recommend, poor build quality.",2025-07-04,store-a
REV-004828,PROD-A-00410,CUST-A-01793,5,Quality could be better for the price.,2024-11-16,store-a
REV-004829,PROD-A-00205,CUST-A-01493,2,"Perfect gift, the recipient loved it!",2025-03-28,store-a
REV-004830,PB-00174,CB-01169,5,"Not as described, very disappointed.",2025-05-29,store-b
REV-004831,PB-00086,CB-01261,5,Exceeded my expectations in every way.,2025-12-24,store-b
REV-004832,PB-00311,CB-01137,1,"Perfect gift, the recipient loved it!",2024-04-14,store-b
REV-004833,PROD-A-00304,CUST-A-00371,5,Best purchase I've made this year!,2025-05-22,store-a
REV-004834,PB-00206,CB-01240,2,Exceeded my expectations in every way.,2025-08-23,store-b
REV-004835,PB-00309,CB-00222,1,Arrived on time and works perfectly.,2025-12-15,store-b
REV-004836,PB-00125,CB-00536,4,Good but shipping was too slow.,2025-11-08,store-b
REV-004837,PROD-A-00480,CUST-A-00795,3,"Okay for the price, gets the job done.",2024-08-20,store-a
REV-004838,PROD-A-00466,CUST-A-00173,3,Decent product for everyday use.,2025-05-12,store-a
REV-004839,PROD-A-00439,CUST-A-00408,4,Exceeded my expectations in every way.,2025-10-02,store-a
REV-004840,PROD-A-00143,CUST-A-00917,4,Good but shipping was too slow.,2024-02-15,store-a
REV-004841,PB-00234,CB-01183,2,"Okay for the price, gets the job done.",2025-06-11,store-b
REV-004842,PB-00014,CB-01487,1,"Excellent value for money, highly recommend!",2025-05-31,store-b
REV-004843,PB-00003,CB-01187,5,Absolutely love it! Will buy again.,2025-01-12,store-b
REV-004844,PB-00298,CB-01106,4,"Great product, exactly what I needed!",2024-01-17,store-b
REV-004845,PROD-A-00369,CUST-A-00666,2,Arrived on time and works perfectly.,2025-08-15,store-a
REV-004846,PB-00326,CB-00380,2,"Not as described, very disappointed.",2025-01-25,store-b
REV-004847,PB-00130,CB-00711,2,Decent product for everyday use.,2024-01-08,store-b
REV-004848,PROD-A-00026,CUST-A-01598,5,"Excellent value for money, highly recommend!",2024-11-03,store-a
REV-004849,PB-00238,CB-00682,3,"Okay for the price, gets the job done.",2024-03-06,store-b
REV-004850,PB-00233,CB-00636,3,Best purchase I've made this year!,2025-07-16,store-b
REV-004851,PB-00252,CB-00420,3,"Okay for the price, gets the job done.",2024-06-10,store-b
REV-004852,PROD-A-00182,CUST-A-00132,1,"Excellent value for money, highly recommend!",2024-11-22,store-a
REV-004853,PB-00189,CB-00530,2,Good but shipping was too slow.,2025-07-11,store-b
REV-004854,PB-00123,CB-00453,5,Exceeded my expectations in every way.,2025-12-06,store-b
REV-004855,PB-00017,CB-00918,2,Arrived on time and works perfectly.,2025-07-21,store-b
REV-004856,PB-00002,CB-00346,4,"Broke after two weeks, terrible quality.",2024-06-07,store-b
REV-004857,PB-00007,CB-00593,1,"Great product, exactly what I needed!",2025-02-08,store-b
REV-004858,PROD-A-00434,CUST-A-00872,4,Exceeded my expectations in every way.,2024-02-26,store-a
REV-004859,PB-00323,CB-00162,1,"Great product, exactly what I needed!",2024-04-12,store-b
REV-004860,PB-00092,CB-00531,2,"Perfect gift, the recipient loved it!",2025-05-03,store-b
REV-004861,PB-00185,CB-01139,5,"Broke after two weeks, terrible quality.",2025-06-18,store-b
REV-004862,PROD-A-00020,CUST-A-00893,2,Decent product for everyday use.,2024-12-17,store-a
REV-004863,PROD-A-00486,CUST-A-01327,4,Quality could be better for the price.,2025-01-25,store-a
REV-004864,PB-00293,CB-00325,5,"Perfect gift, the recipient loved it!",2024-07-19,store-b
REV-004865,PROD-A-00363,CUST-A-01292,1,"Would not recommend, poor build quality.",2024-12-23,store-a
REV-004866,PROD-A-00429,CUST-A-00281,5,Good but shipping was too slow.,2024-02-03,store-a
REV-004867,PB-00358,CB-00225,1,Decent product for everyday use.,2025-12-18,store-b
REV-004868,PROD-A-00236,CUST-A-00328,1,"Average product, nothing special.",2025-08-14,store-a
REV-004869,PB-00305,CB-01123,2,Good but shipping was too slow.,2025-02-26,store-b
REV-004870,PB-00374,CB-00112,1,Quality could be better for the price.,2025-03-23,store-b
REV-004871,PROD-A-00492,CUST-A-01422,4,Exceeded my expectations in every way.,2024-07-18,store-a
REV-004872,PB-00333,CB-00122,3,Exceeded my expectations in every way.,2024-08-06,store-b
REV-004873,PB-00078,CB-01109,4,Absolutely love it! Will buy again.,2024-01-21,store-b
REV-004874,PROD-A-00225,CUST-A-00323,4,"Excellent value for money, highly recommend!",2025-11-19,store-a
REV-004875,PROD-A-00006,CUST-A-01176,2,"Broke after two weeks, terrible quality.",2024-10-27,store-a
REV-004876,PB-00198,CB-01418,3,Good but shipping was too slow.,2024-05-24,store-b
REV-004877,PB-00092,CB-00171,5,"Average product, nothing special.",2024-12-16,store-b
REV-004878,PB-00248,CB-00518,3,Good but shipping was too slow.,2024-08-05,store-b
REV-004879,PB-00290,CB-00841,4,"Okay for the price, gets the job done.",2025-06-24,store-b
REV-004880,PB-00077,CB-00451,5,Arrived on time and works perfectly.,2024-02-27,store-b
REV-004881,PROD-A-00138,CUST-A-00976,5,Absolutely love it! Will buy again.,2025-04-24,store-a
REV-004882,PB-00074,CB-00785,5,"Excellent value for money, highly recommend!",2024-05-29,store-b
REV-004883,PB-00268,CB-00800,3,"Broke after two weeks, terrible quality.",2024-10-02,store-b
REV-004884,PROD-A-00208,CUST-A-00823,4,Arrived on time and works perfectly.,2024-01-29,store-a
REV-004885,PROD-A-00179,CUST-A-00025,1,"Broke after two weeks, terrible quality.",2024-06-02,store-a
REV-004886,PB-00241,CB-00181,5,Quality could be better for the price.,2025-02-06,store-b
REV-004887,PROD-A-00009,CUST-A-01689,5,"Not as described, very disappointed.",2024-08-02,store-a
REV-004888,PROD-A-00188,CUST-A-00368,4,Good but shipping was too slow.,2025-05-22,store-a
REV-004889,PROD-A-00401,CUST-A-00429,4,"Excellent value for money, highly recommend!",2024-08-24,store-a
REV-004890,PROD-A-00448,CUST-A-01799,1,Exceeded my expectations in every way.,2024-04-18,store-a
REV-004891,PROD-A-00353,CUST-A-00538,3,"Not as described, very disappointed.",2025-05-18,store-a
REV-004892,PB-00180,CB-00877,5,"Broke after two weeks, terrible quality.",2025-02-08,store-b
REV-004893,PB-00355,CB-00664,4,"Okay for the price, gets the job done.",2025-10-01,store-b
REV-004894,PB-00049,CB-00215,2,"Perfect gift, the recipient loved it!",2024-01-13,store-b
REV-004895,PB-00110,CB-01430,3,"Not as described, very disappointed.",2025-02-26,store-b
REV-004896,PB-00174,CB-01057,4,Decent product for everyday use.,2024-01-27,store-b
REV-004897,PB-00100,CB-00258,1,"Would not recommend, poor build quality.",2024-03-30,store-b
REV-004898,PB-00391,CB-01462,2,"Excellent value for money, highly recommend!",2025-10-20,store-b
REV-004899,PROD-A-00348,CUST-A-00795,3,Exceeded my expectations in every way.,2025-07-11,store-a
REV-004900,PB-00383,CB-00992,3,Good but shipping was too slow.,2025-03-12,store-b
REV-004901,PROD-A-00336,CUST-A-01028,4,Good but shipping was too slow.,2024-05-31,store-a
REV-004902,PROD-A-00034,CUST-A-01614,2,Best purchase I've made this year!,2025-02-04,store-a
REV-004903,PB-00332,CB-00467,4,Good but shipping was too slow.,2024-07-04,store-b
REV-004904,PB-00227,CB-00583,2,Arrived on time and works perfectly.,2024-02-22,store-b
REV-004905,PROD-A-00264,CUST-A-01762,2,"Excellent value for money, highly recommend!",2025-10-21,store-a
REV-004906,PB-00292,CB-01420,5,Absolutely love it! Will buy again.,2024-09-10,store-b
REV-004907,PB-00250,CB-00942,5,"Average product, nothing special.",2024-02-02,store-b
REV-004908,PB-00209,CB-00413,1,Best purchase I've made this year!,2024-09-30,store-b
REV-004909,PROD-A-00453,CUST-A-00920,2,"Average product, nothing special.",2024-07-14,store-a
REV-004910,PB-00258,CB-00721,1,"Okay for the price, gets the job done.",2024-09-21,store-b
REV-004911,PROD-A-00087,CUST-A-01919,2,"Okay for the price, gets the job done.",2024-12-24,store-a
REV-004912,PROD-A-00270,CUST-A-00902,5,Arrived on time and works perfectly.,2024-09-08,store-a
REV-004913,PB-00215,CB-00232,1,Exceeded my expectations in every way.,2025-10-08,store-b
REV-004914,PB-00346,CB-00144,5,Absolutely love it! Will buy again.,2025-01-19,store-b
REV-004915,PROD-A-00361,CUST-A-00946,2,"Average product, nothing special.",2024-03-29,store-a
REV-004916,PB-00086,CB-00537,4,Exceeded my expectations in every way.,2025-10-05,store-b
REV-004917,PB-00278,CB-01054,5,"Great product, exactly what I needed!",2024-06-14,store-b
REV-004918,PROD-A-00186,CUST-A-00194,1,"Average product, nothing special.",2025-08-10,store-a
REV-004919,PROD-A-00440,CUST-A-01321,1,"Average product, nothing special.",2025-12-29,store-a
REV-004920,PROD-A-00131,CUST-A-01725,5,"Excellent value for money, highly recommend!",2024-09-17,store-a
REV-004921,PB-00279,CB-01218,3,"Broke after two weeks, terrible quality.",2024-12-26,store-b
REV-004922,PB-00393,CB-01227,1,Arrived on time and works perfectly.,2024-08-22,store-b
REV-004923,PROD-A-00439,CUST-A-00433,5,Good but shipping was too slow.,2024-12-30,store-a
REV-004924,PROD-A-00208,CUST-A-01240,1,"Average product, nothing special.",2025-02-22,store-a
REV-004925,PROD-A-00175,CUST-A-00022,3,Absolutely love it! Will buy again.,2025-07-30,store-a
REV-004926,PB-00102,CB-00852,5,"Would not recommend, poor build quality.",2025-09-29,store-b
REV-004927,PROD-A-00223,CUST-A-01433,5,"Would not recommend, poor build quality.",2024-07-31,store-a
REV-004928,PB-00032,CB-00808,1,Good but shipping was too slow.,2024-07-15,store-b
REV-004929,PB-00055,CB-01393,5,Decent product for everyday use.,2025-07-28,store-b
REV-004930,PROD-A-00046,CUST-A-00786,1,Arrived on time and works perfectly.,2024-02-28,store-a
REV-004931,PB-00068,CB-00758,3,Good but shipping was too slow.,2024-04-08,store-b
REV-004932,PROD-A-00218,CUST-A-00342,1,"Okay for the price, gets the job done.",2025-05-23,store-a
REV-004933,PROD-A-00472,CUST-A-00779,2,"Great product, exactly what I needed!",2025-01-01,store-a
REV-004934,PROD-A-00149,CUST-A-01166,1,Quality could be better for the price.,2024-06-09,store-a
REV-004935,PROD-A-00249,CUST-A-00125,5,"Perfect gift, the recipient loved it!",2024-08-29,store-a
REV-004936,PROD-A-00414,CUST-A-01281,4,Best purchase I've made this year!,2025-01-19,store-a
REV-004937,PROD-A-00217,CUST-A-00070,1,Decent product for everyday use.,2024-11-15,store-a
REV-004938,PB-00240,CB-00503,4,"Not as described, very disappointed.",2025-09-28,store-b
REV-004939,PROD-A-00144,CUST-A-01226,2,Decent product for everyday use.,2024-05-09,store-a
REV-004940,PB-00322,CB-00597,4,Absolutely love it! Will buy again.,2024-08-03,store-b
REV-004941,PB-00304,CB-00510,5,"Not as described, very disappointed.",2025-07-01,store-b
REV-004942,PB-00280,CB-00566,2,"Would not recommend, poor build quality.",2025-10-19,store-b
REV-004943,PROD-A-00046,CUST-A-01628,3,"Not as described, very disappointed.",2025-04-18,store-a
REV-004944,PB-00338,CB-00097,5,"Not as described, very disappointed.",2025-03-03,store-b
REV-004945,PB-00187,CB-00576,2,"Great product, exactly what I needed!",2024-09-09,store-b
REV-004946,PB-00063,CB-00445,5,"Excellent value for money, highly recommend!",2025-05-08,store-b
REV-004947,PROD-A-00295,CUST-A-00453,1,"Not as described, very disappointed.",2025-11-25,store-a
REV-004948,PB-00346,CB-00304,4,Decent product for everyday use.,2024-04-23,store-b
REV-004949,PB-00333,CB-01359,3,"Excellent value for money, highly recommend!",2025-08-28,store-b
REV-004950,PROD-A-00148,CUST-A-01087,1,Absolutely love it! Will buy again.,2025-04-13,store-a
REV-004951,PROD-A-00110,CUST-A-00628,3,Absolutely love it! Will buy again.,2025-06-10,store-a
REV-004952,PROD-A-00237,CUST-A-00678,2,"Not as described, very disappointed.",2025-10-11,store-a
REV-004953,PB-00359,CB-01194,4,"Average product, nothing special.",2024-01-01,store-b
REV-004954,PB-00060,CB-00448,4,Good but shipping was too slow.,2025-09-04,store-b
REV-004955,PROD-A-00195,CUST-A-00526,3,Best purchase I've made this year!,2025-01-31,store-a
REV-004956,PB-00038,CB-01273,2,"Broke after two weeks, terrible quality.",2024-07-17,store-b
REV-004957,PROD-A-00136,CUST-A-00925,1,"Would not recommend, poor build quality.",2025-04-28,store-a
REV-004958,PB-00028,CB-00140,2,"Perfect gift, the recipient loved it!",2024-10-26,store-b
REV-004959,PB-00060,CB-00900,3,Best purchase I've made this year!,2024-12-08,store-b
REV-004960,PROD-A-00451,CUST-A-01014,5,"Perfect gift, the recipient loved it!",2025-09-20,store-a
REV-004961,PB-00353,CB-00856,3,"Okay for the price, gets the job done.",2024-12-19,store-b
REV-004962,PROD-A-00034,CUST-A-00030,4,"Average product, nothing special.",2024-05-10,store-a
REV-004963,PROD-A-00233,CUST-A-00708,4,"Okay for the price, gets the job done.",2024-02-11,store-a
REV-004964,PB-00281,CB-00447,2,"Not as described, very disappointed.",2025-06-12,store-b
REV-004965,PROD-A-00354,CUST-A-00669,3,Decent product for everyday use.,2024-09-03,store-a
REV-004966,PB-00240,CB-00884,5,Good but shipping was too slow.,2024-06-24,store-b
REV-004967,PROD-A-00358,CUST-A-00074,2,"Great product, exactly what I needed!",2025-09-22,store-a
REV-004968,PROD-A-00096,CUST-A-00819,2,"Average product, nothing special.",2024-01-31,store-a
REV-004969,PROD-A-00316,CUST-A-00642,2,Absolutely love it! Will buy again.,2025-11-24,store-a
REV-004970,PB-00223,CB-00568,5,"Broke after two weeks, terrible quality.",2025-01-07,store-b
REV-004971,PB-00275,CB-01340,4,"Average product, nothing special.",2024-03-27,store-b
REV-004972,PROD-A-00479,CUST-A-01650,2,"Okay for the price, gets the job done.",2024-01-05,store-a
REV-004973,PROD-A-00484,CUST-A-00540,2,"Average product, nothing special.",2024-08-04,store-a
REV-004974,PROD-A-00232,CUST-A-00126,4,"Average product, nothing special.",2024-08-15,store-a
REV-004975,PROD-A-00203,CUST-A-01757,1,Good but shipping was too slow.,2024-12-29,store-a
REV-004976,PB-00018,CB-00181,4,"Okay for the price, gets the job done.",2025-06-21,store-b
REV-004977,PB-00256,CB-00326,3,"Great product, exactly what I needed!",2024-02-10,store-b
REV-004978,PROD-A-00496,CUST-A-00081,4,Decent product for everyday use.,2024-08-22,store-a
REV-004979,PROD-A-00134,CUST-A-01098,2,"Great product, exactly what I needed!",2025-07-16,store-a
REV-004980,PROD-A-00026,CUST-A-01841,5,"Excellent value for money, highly recommend!",2025-11-14,store-a
REV-004981,PROD-A-00288,CUST-A-00904,1,Exceeded my expectations in every way.,2024-11-24,store-a
REV-004982,PROD-A-00159,CUST-A-00703,5,Arrived on time and works perfectly.,2025-02-08,store-a
REV-004983,PROD-A-00294,CUST-A-01731,5,Absolutely love it! Will buy again.,2025-12-28,store-a
REV-004984,PROD-A-00182,CUST-A-01126,1,Best purchase I've made this year!,2024-01-28,store-a
REV-004985,PB-00286,CB-01008,2,"Great product, exactly what I needed!",2025-07-10,store-b
REV-004986,PB-00214,CB-01100,1,"Broke after two weeks, terrible quality.",2025-12-08,store-b
REV-004987,PROD-A-00226,CUST-A-01633,5,Decent product for everyday use.,2025-08-31,store-a
REV-004988,PB-00240,CB-00496,3,Exceeded my expectations in every way.,2024-12-26,store-b
REV-004989,PB-00229,CB-00829,4,Quality could be better for the price.,2024-07-28,store-b
REV-004990,PROD-A-00013,CUST-A-00198,3,Good but shipping was too slow.,2024-07-20,store-a
REV-004991,PROD-A-00142,CUST-A-01864,1,"Broke after two weeks, terrible quality.",2024-07-26,store-a
REV-004992,PB-00352,CB-00116,4,"Great product, exactly what I needed!",2024-03-08,store-b
REV-004993,PB-00399,CB-00315,4,Arrived on time and works perfectly.,2025-11-25,store-b
REV-004994,PB-00159,CB-00283,1,"Average product, nothing special.",2025-02-27,store-b
REV-004995,PROD-A-00362,CUST-A-00662,5,Arrived on time and works perfectly.,2024-04-17,store-a
REV-004996,PB-00125,CB-00135,5,"Okay for the price, gets the job done.",2024-12-21,store-b
REV-004997,PROD-A-00473,CUST-A-00063,1,Good but shipping was too slow.,2025-10-16,store-a
REV-004998,PB-00382,CB-00209,2,"Average product, nothing special.",2024-01-05,store-b
REV-004999,PROD-A-00113,CUST-A-00162,3,Best purchase I've made this year!,2024-06-19,store-a
REV-005000,PROD-A-00442,CUST-A-01236,1,"Broke after two weeks, terrible quality.",2025-02-13,store-a
